session_id,process_code,process_name,case_id,variant,start_ts,end_ts,suspended,split_id,apps_touched,n_tasks
ses_20260630-121953-LAPTOP-R36BQBTE,A,住民税通知確認,RT-175009-001,std,2026-06-30T12:23:22.090864+00:00,2026-06-30T12:23:46.001092+00:00,False,,chrome|excel|notepad,0
ses_20260630-121953-LAPTOP-R36BQBTE,A,住民税通知確認,RT-175009-002,std,2026-06-30T12:26:32.488202+00:00,2026-06-30T12:26:55.497696+00:00,False,,chrome|excel|notepad,0
ses_20260630-121953-LAPTOP-R36BQBTE,A,住民税通知確認,RT-175009-003,std,2026-06-30T12:29:48.738459+00:00,2026-06-30T12:30:16.343479+00:00,False,,chrome|excel|notepad,0
ses_20260630-121953-LAPTOP-R36BQBTE,A,住民税通知確認,RT-175009-004,exc,2026-06-30T12:32:06.464478+00:00,2026-06-30T12:32:47.003314+00:00,False,,chrome|excel|notepad,0
ses_20260630-121953-LAPTOP-R36BQBTE,B,給与備考・控除整備,PI-175009-001,reg,2026-06-30T12:22:25.682643+00:00,2026-06-30T12:23:22.089303+00:00,False,,chrome|excel|notepad,0
ses_20260630-121953-LAPTOP-R36BQBTE,B,給与備考・控除整備,PI-175009-002,reg,2026-06-30T12:24:53.808438+00:00,2026-06-30T12:25:11.308831+00:00,False,,chrome|excel|notepad,0
ses_20260630-121953-LAPTOP-R36BQBTE,B,給与備考・控除整備,PI-175009-003,reg,2026-06-30T12:30:59.741103+00:00,2026-06-30T12:32:06.461432+00:00,True,M1-B-split-1,chrome|excel|notepad,0
ses_20260630-121953-LAPTOP-R36BQBTE,C,育児・産休申請確認,LA-175009-001,,2026-06-30T12:21:41.335282+00:00,2026-06-30T12:22:25.680580+00:00,False,,chrome|notepad|onenote,0
ses_20260630-121953-LAPTOP-R36BQBTE,C,育児・産休申請確認,LA-175009-002,,2026-06-30T12:24:20.924171+00:00,2026-06-30T12:24:53.806914+00:00,False,,chrome|notepad|onenote,0
ses_20260630-121953-LAPTOP-R36BQBTE,C,育児・産休申請確認,LA-175009-003,,2026-06-30T12:30:16.346287+00:00,2026-06-30T12:30:59.737845+00:00,False,,chrome|notepad|onenote,0
ses_20260630-121953-LAPTOP-R36BQBTE,C,育児・産休申請確認,LA-175009-004,,2026-06-30T12:37:29.054797+00:00,2026-06-30T12:38:09.952572+00:00,False,,chrome|notepad|onenote,0
ses_20260630-121953-LAPTOP-R36BQBTE,E,入社照合・手当確認,OB-175009-001,,2026-06-30T12:32:47.004857+00:00,2026-06-30T12:33:14.763293+00:00,False,,chrome|excel|notepad,0
ses_20260630-121953-LAPTOP-R36BQBTE,E,入社照合・手当確認,OB-175009-002,,2026-06-30T12:37:00.195233+00:00,2026-06-30T12:37:29.052665+00:00,False,,chrome|excel|notepad,0
ses_20260630-121953-LAPTOP-R36BQBTE,E,入社照合・手当確認,OB-175009-003,,2026-06-30T12:38:09.955157+00:00,2026-06-30T12:39:10.883173+00:00,False,,chrome|excel|notepad,0
ses_20260630-121953-LAPTOP-R36BQBTE,G,経費精算承認,EXP-175009-001,reg,2026-06-30T12:29:08.851162+00:00,,False,,chrome|excel|notepad,0
ses_20260630-121953-LAPTOP-R36BQBTE,G,経費精算承認,EXP-175009-002,reg,2026-06-30T12:29:26.327121+00:00,2026-06-30T12:29:48.734321+00:00,False,,chrome|excel|notepad,0
ses_20260630-121953-LAPTOP-R36BQBTE,G,経費精算承認,EXP-175009-003,reg,2026-06-30T12:34:28.683333+00:00,2026-06-30T12:34:54.396611+00:00,False,,chrome|excel|notepad,0
ses_20260630-121953-LAPTOP-R36BQBTE,G,経費精算承認,EXP-175009-004,adj,2026-06-30T12:35:17.324363+00:00,2026-06-30T12:36:00.979399+00:00,False,,chrome|excel|notepad,0
ses_20260630-121953-LAPTOP-R36BQBTE,H,銀行勘定照合,BR-175009-001,,2026-06-30T12:21:12.794418+00:00,2026-06-30T12:21:41.332221+00:00,False,,chrome|excel|notepad,0
ses_20260630-121953-LAPTOP-R36BQBTE,H,銀行勘定照合,BR-175009-002,,2026-06-30T12:26:02.529449+00:00,2026-06-30T12:26:32.486677+00:00,False,,chrome|excel|notepad,0
ses_20260630-121953-LAPTOP-R36BQBTE,H,銀行勘定照合,BR-175009-003,,2026-06-30T12:27:38.179852+00:00,,False,,chrome|excel|notepad,0
ses_20260630-121953-LAPTOP-R36BQBTE,H,銀行勘定照合,BR-175009-004,,2026-06-30T12:28:02.650411+00:00,2026-06-30T12:28:45.840345+00:00,False,,chrome|excel|notepad,0
ses_20260630-121953-LAPTOP-R36BQBTE,J,支払処理,PM-175009-001,,2026-06-30T12:28:45.841909+00:00,2026-06-30T12:29:08.849625+00:00,False,,chrome|excel|notepad|outlook,0
ses_20260630-121953-LAPTOP-R36BQBTE,J,支払処理,PM-175009-002,,2026-06-30T12:34:54.399147+00:00,2026-06-30T12:35:17.321832+00:00,False,,chrome|excel|notepad|outlook,0
ses_20260630-121953-LAPTOP-R36BQBTE,J,支払処理,PM-175009-003,,2026-06-30T12:36:00.981445+00:00,2026-06-30T12:36:28.932883+00:00,False,,chrome|excel|notepad|outlook,0
ses_20260630-121953-LAPTOP-R36BQBTE,M,仕入先連絡,SUP-175009-001,,2026-06-30T12:23:46.003666+00:00,2026-06-30T12:24:20.921107+00:00,False,,chrome|notepad|onenote,0
ses_20260630-121953-LAPTOP-R36BQBTE,M,仕入先連絡,SUP-175009-002,,2026-06-30T12:26:55.499262+00:00,2026-06-30T12:27:38.178310+00:00,False,,chrome|notepad|onenote,0
ses_20260630-121953-LAPTOP-R36BQBTE,M,仕入先連絡,SUP-175009-003,,2026-06-30T12:33:14.766353+00:00,,False,,chrome|notepad|onenote,0
ses_20260630-121953-LAPTOP-R36BQBTE,M,仕入先連絡,SUP-175009-004,,2026-06-30T12:33:52.808425+00:00,2026-06-30T12:34:28.680180+00:00,False,,chrome|notepad|onenote,0
ses_20260630-121953-LAPTOP-R36BQBTE,O,返品処理,RET-175009-001,,2026-06-30T12:36:28.936570+00:00,2026-06-30T12:37:00.192122+00:00,False,,chrome|excel|notepad,0
ses_20260630-121953-LAPTOP-R36BQBTE,O,返品処理,RET-175009-002,,2026-06-30T12:39:10.886250+00:00,,False,,chrome|excel|notepad,0
ses_20260630-121953-LAPTOP-R36BQBTE,O,返品処理,RET-175009-003,,2026-06-30T12:40:55.675988+00:00,2026-06-30T12:41:30.423107+00:00,False,,chrome|excel|notepad,0
ses_20260630-124826-CHAITANYA0BCF,A,住民税通知確認,RT-181750-001,std,2026-06-30T12:56:37.985328+00:00,2026-06-30T12:57:06.250845+00:00,False,,chrome|excel|notepad,0
ses_20260630-124826-CHAITANYA0BCF,A,住民税通知確認,RT-181750-002,std,2026-06-30T12:57:36.502358+00:00,2026-06-30T12:58:05.919716+00:00,False,,chrome|excel|notepad,0
ses_20260630-124826-CHAITANYA0BCF,A,住民税通知確認,RT-181750-003,std,2026-06-30T13:01:02.003766+00:00,2026-06-30T13:01:27.658080+00:00,False,,chrome|excel|notepad,0
ses_20260630-124826-CHAITANYA0BCF,A,住民税通知確認,RT-181750-004,exc,2026-06-30T13:04:02.385933+00:00,2026-06-30T13:04:31.961222+00:00,False,,chrome|excel|notepad,0
ses_20260630-124826-CHAITANYA0BCF,A,住民税通知確認,RT-181750-005,exc,2026-06-30T13:05:34.605486+00:00,2026-06-30T13:05:59.044743+00:00,False,,chrome|excel|notepad,0
ses_20260630-124826-CHAITANYA0BCF,D,社保・年金補正対応,SI-181750-001,,2026-06-30T13:06:36.467639+00:00,2026-06-30T13:07:15.665985+00:00,False,,chrome|notepad|teams,0
ses_20260630-124826-CHAITANYA0BCF,D,社保・年金補正対応,SI-181750-002,,2026-06-30T13:08:53.136423+00:00,,False,,chrome|notepad|teams,0
ses_20260630-124826-CHAITANYA0BCF,D,社保・年金補正対応,SI-181750-003,,2026-06-30T13:09:32.741170+00:00,2026-06-30T13:10:07.950426+00:00,False,,chrome|notepad|teams,0
ses_20260630-124826-CHAITANYA0BCF,E,入社照合・手当確認,OB-181750-001,,2026-06-30T13:04:31.962158+00:00,2026-06-30T13:05:00.428951+00:00,False,,chrome|excel|notepad,0
ses_20260630-124826-CHAITANYA0BCF,E,入社照合・手当確認,OB-181750-002,,2026-06-30T13:10:07.950426+00:00,,False,,chrome|excel|notepad,0
ses_20260630-124826-CHAITANYA0BCF,E,入社照合・手当確認,OB-181750-003,,2026-06-30T13:10:36.134532+00:00,2026-06-30T13:11:14.178454+00:00,False,,chrome|excel|notepad,0
ses_20260630-124826-CHAITANYA0BCF,F,請求書承認,INV-181750-001,std,2026-06-30T12:51:00.763588+00:00,2026-06-30T12:51:26.235750+00:00,False,,chrome|excel|notepad,0
ses_20260630-124826-CHAITANYA0BCF,F,請求書承認,INV-181750-002,std,2026-06-30T12:57:06.251582+00:00,2026-06-30T12:57:36.500900+00:00,False,,chrome|excel|notepad,0
ses_20260630-124826-CHAITANYA0BCF,F,請求書承認,INV-181750-003,std,2026-06-30T13:00:35.677911+00:00,2026-06-30T13:01:02.003236+00:00,False,,chrome|excel|notepad,0
ses_20260630-124826-CHAITANYA0BCF,F,請求書承認,INV-181750-004,exc,2026-06-30T13:07:15.667039+00:00,2026-06-30T13:07:39.697559+00:00,False,,chrome|excel|notepad,0
ses_20260630-124826-CHAITANYA0BCF,G,経費精算承認,EXP-181750-001,reg,2026-06-30T12:53:36.360765+00:00,,False,,chrome|excel|notepad,0
ses_20260630-124826-CHAITANYA0BCF,G,経費精算承認,EXP-181750-002,reg,2026-06-30T12:54:00.352665+00:00,,False,,chrome|excel|notepad,0
ses_20260630-124826-CHAITANYA0BCF,G,経費精算承認,EXP-181750-003,reg,2026-06-30T12:54:23.490214+00:00,2026-06-30T12:54:46.769224+00:00,False,,chrome|excel|notepad,0
ses_20260630-124826-CHAITANYA0BCF,I,予算差異分析,BV-181750-001,,2026-06-30T12:55:12.503326+00:00,2026-06-30T12:56:37.984807+00:00,False,,chrome|notepad|teams,0
ses_20260630-124826-CHAITANYA0BCF,I,予算差異分析,BV-181750-002,,2026-06-30T12:58:29.459235+00:00,2026-06-30T12:59:29.547686+00:00,False,,chrome|notepad|teams,0
ses_20260630-124826-CHAITANYA0BCF,I,予算差異分析,BV-181750-003,,2026-06-30T13:01:27.658080+00:00,2026-06-30T13:02:42.184502+00:00,False,,chrome|notepad|teams,0
ses_20260630-124826-CHAITANYA0BCF,K,受注処理,ORD-181750-001,std,2026-06-30T12:49:59.457850+00:00,2026-06-30T12:51:00.762014+00:00,False,,chrome|excel|notepad,0
ses_20260630-124826-CHAITANYA0BCF,K,受注処理,ORD-181750-002,std,2026-06-30T12:52:07.674203+00:00,2026-06-30T12:52:34.698697+00:00,False,,chrome|excel|notepad,0
ses_20260630-124826-CHAITANYA0BCF,K,受注処理,ORD-181750-003,std,2026-06-30T13:02:42.188884+00:00,2026-06-30T13:04:02.382708+00:00,True,M1-K-split-1,chrome|excel|notepad,0
ses_20260630-124826-CHAITANYA0BCF,L,在庫調整,STK-181750-001,reg,2026-06-30T12:53:14.540471+00:00,2026-06-30T12:53:36.360765+00:00,False,,chrome|excel|notepad,0
ses_20260630-124826-CHAITANYA0BCF,L,在庫調整,STK-181750-002,reg,2026-06-30T12:54:46.769754+00:00,2026-06-30T12:55:12.501775+00:00,False,,chrome|excel|notepad,0
ses_20260630-124826-CHAITANYA0BCF,L,在庫調整,STK-181750-003,reg,2026-06-30T12:58:05.920400+00:00,2026-06-30T12:58:29.457646+00:00,False,,chrome|excel|notepad,0
ses_20260630-124826-CHAITANYA0BCF,M,仕入先連絡,SUP-181750-001,,2026-06-30T12:49:20.542539+00:00,2026-06-30T12:49:59.457850+00:00,False,,chrome|notepad|onenote,0
ses_20260630-124826-CHAITANYA0BCF,M,仕入先連絡,SUP-181750-002,,2026-06-30T13:00:02.755949+00:00,2026-06-30T13:00:35.677911+00:00,False,,chrome|notepad|onenote,0
ses_20260630-124826-CHAITANYA0BCF,M,仕入先連絡,SUP-181750-003,,2026-06-30T13:05:00.429287+00:00,2026-06-30T13:05:34.603917+00:00,False,,chrome|notepad|onenote,0
ses_20260630-124826-CHAITANYA0BCF,M,仕入先連絡,SUP-181750-004,,2026-06-30T13:05:59.044743+00:00,2026-06-30T13:06:36.467639+00:00,False,,chrome|notepad|onenote,0
ses_20260630-124826-CHAITANYA0BCF,N,出荷追跡,SHP-181750-001,,2026-06-30T12:51:26.236396+00:00,2026-06-30T12:52:07.674203+00:00,False,,chrome|notepad|teams,0
ses_20260630-124826-CHAITANYA0BCF,N,出荷追跡,SHP-181750-002,,2026-06-30T12:59:29.548712+00:00,2026-06-30T13:00:02.755949+00:00,False,,chrome|notepad|teams,0
ses_20260630-124826-CHAITANYA0BCF,N,出荷追跡,SHP-181750-003,,2026-06-30T13:07:39.698197+00:00,2026-06-30T13:08:53.134774+00:00,False,,chrome|notepad|teams,0
ses_20260630-125757-LAPTOP-R36BQBTE,C,育児・産休申請確認,LA-182807-001,,2026-06-30T12:59:33.421078+00:00,2026-06-30T13:00:15.633511+00:00,False,,chrome|notepad|onenote,0
ses_20260630-125757-LAPTOP-R36BQBTE,C,育児・産休申請確認,LA-182807-002,,2026-06-30T13:01:28.836435+00:00,,False,,chrome|notepad|onenote,0
ses_20260630-125757-LAPTOP-R36BQBTE,C,育児・産休申請確認,LA-182807-003,,2026-06-30T13:02:02.857613+00:00,2026-06-30T13:03:40.728677+00:00,False,,chrome|notepad|onenote,0
ses_20260630-125757-LAPTOP-R36BQBTE,C,育児・産休申請確認,LA-182807-004,,2026-06-30T13:06:09.223270+00:00,2026-06-30T13:06:50.416068+00:00,False,,chrome|notepad|onenote,0
ses_20260630-125757-LAPTOP-R36BQBTE,D,社保・年金補正対応,SI-182807-001,,2026-06-30T13:06:50.418113+00:00,,False,,chrome|notepad|teams,0
ses_20260630-125757-LAPTOP-R36BQBTE,D,社保・年金補正対応,SI-182807-002,,2026-06-30T13:07:26.585042+00:00,2026-06-30T13:08:05.516567+00:00,False,,chrome|notepad|teams,0
ses_20260630-125757-LAPTOP-R36BQBTE,D,社保・年金補正対応,SI-182807-003,,2026-06-30T13:09:34.236096+00:00,2026-06-30T13:10:16.352895+00:00,False,,chrome|notepad|teams,0
ses_20260630-125757-LAPTOP-R36BQBTE,H,銀行勘定照合,BR-182807-001,,2026-06-30T13:08:41.128383+00:00,2026-06-30T13:09:08.228338+00:00,False,,chrome|excel|notepad,0
ses_20260630-125757-LAPTOP-R36BQBTE,H,銀行勘定照合,BR-182807-002,,2026-06-30T13:10:16.355950+00:00,2026-06-30T13:10:46.532576+00:00,False,,chrome|excel|notepad,0
ses_20260630-125757-LAPTOP-R36BQBTE,H,銀行勘定照合,BR-182807-003,,2026-06-30T13:12:16.787510+00:00,2026-06-30T13:12:43.067740+00:00,False,,chrome|excel|notepad,0
ses_20260630-125757-LAPTOP-R36BQBTE,J,支払処理,PM-182807-001,,2026-06-30T13:03:40.732331+00:00,2026-06-30T13:04:10.879433+00:00,False,,chrome|excel|notepad|outlook,0
ses_20260630-125757-LAPTOP-R36BQBTE,J,支払処理,PM-182807-002,,2026-06-30T13:14:13.158356+00:00,,False,,chrome|excel|notepad|outlook,0
ses_20260630-125757-LAPTOP-R36BQBTE,J,支払処理,PM-182807-003,,2026-06-30T13:14:37.378581+00:00,2026-06-30T13:15:01.738035+00:00,False,,chrome|excel|notepad|outlook,0
ses_20260630-125757-LAPTOP-R36BQBTE,K,受注処理,ORD-182807-001,std,2026-06-30T12:59:09.824450+00:00,2026-06-30T12:59:33.418026+00:00,False,,chrome|excel|notepad,0
ses_20260630-125757-LAPTOP-R36BQBTE,K,受注処理,ORD-182807-002,std,2026-06-30T13:08:05.519912+00:00,2026-06-30T13:08:33.352999+00:00,False,,chrome|excel|notepad,0
ses_20260630-125757-LAPTOP-R36BQBTE,K,受注処理,ORD-182807-003,std,2026-06-30T13:12:43.070806+00:00,2026-06-30T13:13:13.148565+00:00,True,M1-K-split-1,chrome|excel|notepad,0
ses_20260630-125757-LAPTOP-R36BQBTE,L,在庫調整,STK-182807-001,reg,2026-06-30T13:04:10.881436+00:00,,False,,chrome|excel|notepad,0
ses_20260630-125757-LAPTOP-R36BQBTE,L,在庫調整,STK-182807-002,reg,2026-06-30T13:05:15.621590+00:00,2026-06-30T13:05:32.449371+00:00,False,,chrome|excel|notepad,0
ses_20260630-125757-LAPTOP-R36BQBTE,L,在庫調整,STK-182807-003,reg,2026-06-30T13:10:46.534625+00:00,2026-06-30T13:11:38.082832+00:00,True,M1-L-split-1,chrome|excel|notepad,0
ses_20260630-125757-LAPTOP-R36BQBTE,L,在庫調整,STK-182807-004,adj,2026-06-30T13:13:13.150602+00:00,2026-06-30T13:14:13.154768+00:00,True,M1-L-split-1,chrome|excel|notepad,0
ses_20260630-125757-LAPTOP-R36BQBTE,N,出荷追跡,SHP-182807-001,,2026-06-30T13:00:15.635048+00:00,,False,,chrome|notepad|teams,0
ses_20260630-125757-LAPTOP-R36BQBTE,N,出荷追跡,SHP-182807-002,,2026-06-30T13:00:50.946388+00:00,2026-06-30T13:01:28.835057+00:00,False,,chrome|notepad|teams,0
ses_20260630-125757-LAPTOP-R36BQBTE,N,出荷追跡,SHP-182807-003,,2026-06-30T13:11:38.085860+00:00,2026-06-30T13:12:16.784438+00:00,False,,chrome|notepad|teams,0
ses_20260630-125757-LAPTOP-R36BQBTE,O,返品処理,RET-182807-001,,2026-06-30T13:09:08.229849+00:00,2026-06-30T13:09:34.234058+00:00,False,,chrome|excel|notepad,0
ses_20260630-125757-LAPTOP-R36BQBTE,O,返品処理,RET-182807-002,,2026-06-30T13:15:01.741101+00:00,,False,,chrome|excel|notepad,0
ses_20260630-125757-LAPTOP-R36BQBTE,O,返品処理,RET-182807-003,,2026-06-30T13:15:30.063273+00:00,2026-06-30T13:16:00.610607+00:00,False,,chrome|excel|notepad,0
ses_20260630-131729-CHAITANYA0BCF,C,育児・産休申請確認,LA-184607-001,,2026-06-30T13:22:59.456628+00:00,,False,,chrome|notepad|onenote,0
ses_20260630-131729-CHAITANYA0BCF,C,育児・産休申請確認,LA-184607-002,,2026-06-30T13:23:41.819703+00:00,2026-06-30T13:24:40.896738+00:00,False,,chrome|notepad|onenote,0
ses_20260630-131729-CHAITANYA0BCF,C,育児・産休申請確認,LA-184607-003,,2026-06-30T13:25:18.577822+00:00,2026-06-30T13:25:53.669680+00:00,False,,chrome|notepad|onenote,0
ses_20260630-131729-CHAITANYA0BCF,C,育児・産休申請確認,LA-184607-004,,2026-06-30T13:26:32.584392+00:00,2026-06-30T13:27:09.915177+00:00,False,,chrome|notepad|onenote,0
ses_20260630-131729-CHAITANYA0BCF,D,社保・年金補正対応,SI-184607-001,,2026-06-30T13:18:24.273524+00:00,,False,,chrome|notepad|teams,0
ses_20260630-131729-CHAITANYA0BCF,D,社保・年金補正対応,SI-184607-002,,2026-06-30T13:19:25.384441+00:00,2026-06-30T13:19:54.657895+00:00,False,,chrome|notepad|teams,0
ses_20260630-131729-CHAITANYA0BCF,D,社保・年金補正対応,SI-184607-003,,2026-06-30T13:21:20.805064+00:00,2026-06-30T13:21:54.801633+00:00,False,,chrome|notepad|teams,0
ses_20260630-131729-CHAITANYA0BCF,E,入社照合・手当確認,OB-184607-001,,2026-06-30T13:20:50.760049+00:00,2026-06-30T13:21:20.805064+00:00,False,,chrome|excel|notepad,0
ses_20260630-131729-CHAITANYA0BCF,E,入社照合・手当確認,OB-184607-002,,2026-06-30T13:32:35.154130+00:00,2026-06-30T13:33:02.455872+00:00,False,,chrome|excel|notepad,0
ses_20260630-131729-CHAITANYA0BCF,E,入社照合・手当確認,OB-184607-003,,2026-06-30T13:33:39.984366+00:00,2026-06-30T13:34:08.448240+00:00,False,,chrome|excel|notepad,0
ses_20260630-131729-CHAITANYA0BCF,G,経費精算承認,EXP-184607-001,reg,2026-06-30T13:22:39.092911+00:00,2026-06-30T13:22:59.455077+00:00,False,,chrome|excel|notepad,0
ses_20260630-131729-CHAITANYA0BCF,G,経費精算承認,EXP-184607-002,reg,2026-06-30T13:28:30.802738+00:00,,False,,chrome|excel|notepad,0
ses_20260630-131729-CHAITANYA0BCF,G,経費精算承認,EXP-184607-003,reg,2026-06-30T13:30:07.252528+00:00,,False,,chrome|excel|notepad,0
ses_20260630-131729-CHAITANYA0BCF,G,経費精算承認,EXP-184607-004,adj,2026-06-30T13:32:09.328696+00:00,2026-06-30T13:32:35.152036+00:00,False,,chrome|excel|notepad,0
ses_20260630-131729-CHAITANYA0BCF,L,在庫調整,STK-184607-001,reg,2026-06-30T13:22:20.847157+00:00,2026-06-30T13:22:39.092336+00:00,False,,chrome|excel|notepad,0
ses_20260630-131729-CHAITANYA0BCF,L,在庫調整,STK-184607-002,reg,2026-06-30T13:24:40.899940+00:00,2026-06-30T13:25:03.834276+00:00,False,,chrome|excel|notepad,0
ses_20260630-131729-CHAITANYA0BCF,L,在庫調整,STK-184607-003,reg,2026-06-30T13:27:09.916740+00:00,2026-06-30T13:27:35.166911+00:00,True,M1-L-split-1,chrome|excel|notepad,0
ses_20260630-131729-CHAITANYA0BCF,L,在庫調整,STK-184607-004,adj,2026-06-30T13:28:07.352633+00:00,2026-06-30T13:28:30.801229+00:00,True,M1-L-split-1,chrome|excel|notepad,0
ses_20260630-131729-CHAITANYA0BCF,M,仕入先連絡,SUP-184607-001,,2026-06-30T13:25:53.671226+00:00,2026-06-30T13:26:32.584392+00:00,False,,chrome|notepad|onenote,0
ses_20260630-131729-CHAITANYA0BCF,M,仕入先連絡,SUP-184607-002,,2026-06-30T13:27:35.167595+00:00,2026-06-30T13:28:07.352633+00:00,False,,chrome|notepad|onenote,0
ses_20260630-131729-CHAITANYA0BCF,M,仕入先連絡,SUP-184607-003,,2026-06-30T13:34:08.448240+00:00,,False,,chrome|notepad|onenote,0
ses_20260630-131729-CHAITANYA0BCF,M,仕入先連絡,SUP-184607-004,,2026-06-30T13:34:49.556892+00:00,2026-06-30T13:35:27.438364+00:00,False,,chrome|notepad|onenote,0
ses_20260630-131729-CHAITANYA0BCF,N,出荷追跡,SHP-184607-001,,2026-06-30T13:33:02.458006+00:00,2026-06-30T13:33:39.982782+00:00,False,,chrome|notepad|teams,0
ses_20260630-131729-CHAITANYA0BCF,N,出荷追跡,SHP-184607-002,,2026-06-30T13:35:27.440038+00:00,,False,,chrome|notepad|teams,0
ses_20260630-131729-CHAITANYA0BCF,N,出荷追跡,SHP-184607-003,,2026-06-30T13:36:05.088473+00:00,2026-06-30T13:36:57.335139+00:00,False,,chrome|notepad|teams,0
ses_20260630-131729-CHAITANYA0BCF,O,返品処理,RET-184607-001,,2026-06-30T13:19:54.659454+00:00,,False,,chrome|excel|notepad,0
ses_20260630-131729-CHAITANYA0BCF,O,返品処理,RET-184607-002,,2026-06-30T13:20:23.380766+00:00,2026-06-30T13:20:50.760049+00:00,False,,chrome|excel|notepad,0
ses_20260630-131729-CHAITANYA0BCF,O,返品処理,RET-184607-003,,2026-06-30T13:21:54.802166+00:00,2026-06-30T13:22:20.846324+00:00,False,,chrome|excel|notepad,0
ses_20260630-132737-LAPTOP-R36BQBTE,A,住民税通知確認,RT-185754-001,std,2026-06-30T13:38:07.655287+00:00,2026-06-30T13:38:33.628027+00:00,False,,chrome|excel|notepad,0
ses_20260630-132737-LAPTOP-R36BQBTE,A,住民税通知確認,RT-185754-002,std,2026-06-30T13:41:11.403251+00:00,2026-06-30T13:41:33.404322+00:00,False,,chrome|excel|notepad,0
ses_20260630-132737-LAPTOP-R36BQBTE,A,住民税通知確認,RT-185754-003,std,2026-06-30T13:44:14.126700+00:00,2026-06-30T13:44:42.556130+00:00,True,M1-A-split-1,chrome|excel|notepad,0
ses_20260630-132737-LAPTOP-R36BQBTE,B,給与備考・控除整備,PI-185754-001,reg,2026-06-30T13:31:11.135341+00:00,2026-06-30T13:31:58.624041+00:00,False,,chrome|excel|notepad,0
ses_20260630-132737-LAPTOP-R36BQBTE,B,給与備考・控除整備,PI-185754-002,reg,2026-06-30T13:34:45.262682+00:00,2026-06-30T13:35:09.644561+00:00,False,,chrome|excel|notepad,0
ses_20260630-132737-LAPTOP-R36BQBTE,B,給与備考・控除整備,PI-185754-003,reg,2026-06-30T13:43:15.344098+00:00,2026-06-30T13:44:14.125167+00:00,True,M1-B-split-1,chrome|excel|notepad,0
ses_20260630-132737-LAPTOP-R36BQBTE,B,給与備考・控除整備,PI-185754-004,adj,2026-06-30T13:44:42.559148+00:00,2026-06-30T13:45:51.700041+00:00,True,M1-B-split-1,chrome|excel|notepad,0
ses_20260630-132737-LAPTOP-R36BQBTE,C,育児・産休申請確認,LA-185754-001,,2026-06-30T13:29:55.560997+00:00,,False,,chrome|notepad|onenote,0
ses_20260630-132737-LAPTOP-R36BQBTE,C,育児・産休申請確認,LA-185754-002,,2026-06-30T13:30:31.323337+00:00,2026-06-30T13:31:11.132559+00:00,False,,chrome|notepad|onenote,0
ses_20260630-132737-LAPTOP-R36BQBTE,C,育児・産休申請確認,LA-185754-003,,2026-06-30T13:36:16.883099+00:00,2026-06-30T13:36:56.514549+00:00,False,,chrome|notepad|onenote,0
ses_20260630-132737-LAPTOP-R36BQBTE,C,育児・産休申請確認,LA-185754-004,,2026-06-30T13:37:24.994193+00:00,2026-06-30T13:38:07.653240+00:00,False,,chrome|notepad|onenote,0
ses_20260630-132737-LAPTOP-R36BQBTE,D,社保・年金補正対応,SI-185754-001,,2026-06-30T13:31:58.625568+00:00,2026-06-30T13:34:14.177451+00:00,False,,chrome|notepad|teams,0
ses_20260630-132737-LAPTOP-R36BQBTE,D,社保・年金補正対応,SI-185754-002,,2026-06-30T13:40:35.460829+00:00,2026-06-30T13:41:11.400703+00:00,False,,chrome|notepad|teams,0
ses_20260630-132737-LAPTOP-R36BQBTE,D,社保・年金補正対応,SI-185754-003,,2026-06-30T13:42:04.747215+00:00,2026-06-30T13:42:45.253811+00:00,False,,chrome|notepad|teams,0
ses_20260630-132737-LAPTOP-R36BQBTE,E,入社照合・手当確認,OB-185754-001,,2026-06-30T13:29:26.200469+00:00,2026-06-30T13:29:55.558351+00:00,False,,chrome|excel|notepad,0
ses_20260630-132737-LAPTOP-R36BQBTE,E,入社照合・手当確認,OB-185754-002,,2026-06-30T13:38:33.630586+00:00,2026-06-30T13:39:01.030280+00:00,False,,chrome|excel|notepad,0
ses_20260630-132737-LAPTOP-R36BQBTE,E,入社照合・手当確認,OB-185754-003,,2026-06-30T13:46:42.687373+00:00,2026-06-30T13:47:10.575067+00:00,False,,chrome|excel|notepad,0
ses_20260630-132737-LAPTOP-R36BQBTE,F,請求書承認,INV-185754-001,std,2026-06-30T13:28:56.338260+00:00,2026-06-30T13:29:26.197821+00:00,False,,chrome|excel|notepad,0
ses_20260630-132737-LAPTOP-R36BQBTE,F,請求書承認,INV-185754-002,std,2026-06-30T13:35:46.354209+00:00,2026-06-30T13:36:16.880954+00:00,False,,chrome|excel|notepad,0
ses_20260630-132737-LAPTOP-R36BQBTE,F,請求書承認,INV-185754-003,std,2026-06-30T13:36:56.517617+00:00,2026-06-30T13:37:24.991225+00:00,False,,chrome|excel|notepad,0
ses_20260630-132737-LAPTOP-R36BQBTE,H,銀行勘定照合,BR-185754-001,,2026-06-30T13:34:14.180551+00:00,2026-06-30T13:34:45.260085+00:00,False,,chrome|excel|notepad,0
ses_20260630-132737-LAPTOP-R36BQBTE,H,銀行勘定照合,BR-185754-002,,2026-06-30T13:45:51.703095+00:00,,False,,chrome|excel|notepad,0
ses_20260630-132737-LAPTOP-R36BQBTE,H,銀行勘定照合,BR-185754-003,,2026-06-30T13:46:15.908221+00:00,2026-06-30T13:46:42.685307+00:00,False,,chrome|excel|notepad,0
ses_20260630-132737-LAPTOP-R36BQBTE,H,銀行勘定照合,BR-185754-004,,2026-06-30T13:47:10.577670+00:00,2026-06-30T13:47:57.334182+00:00,False,,chrome|excel|notepad,0
ses_20260630-132737-LAPTOP-R36BQBTE,O,返品処理,RET-185754-001,,2026-06-30T13:39:01.033890+00:00,2026-06-30T13:40:35.457777+00:00,False,,chrome|excel|notepad,0
ses_20260630-132737-LAPTOP-R36BQBTE,O,返品処理,RET-185754-002,,2026-06-30T13:41:35.005117+00:00,2026-06-30T13:42:04.744159+00:00,False,,chrome|excel|notepad,0
ses_20260630-132737-LAPTOP-R36BQBTE,O,返品処理,RET-185754-003,,2026-06-30T13:42:45.257525+00:00,2026-06-30T13:43:15.341031+00:00,False,,chrome|excel|notepad,0
ses_20260630-135201-LAPTOP-R36BQBTE,B,給与備考・控除整備,PI-192210-001,reg,2026-06-30T14:00:07.757921+00:00,2026-06-30T14:00:32.256630+00:00,False,,chrome|excel|notepad,0
ses_20260630-135201-LAPTOP-R36BQBTE,B,給与備考・控除整備,PI-192210-002,reg,2026-06-30T14:00:56.559090+00:00,2026-06-30T14:01:19.144670+00:00,False,,chrome|excel|notepad,0
ses_20260630-135201-LAPTOP-R36BQBTE,B,給与備考・控除整備,PI-192210-003,reg,2026-06-30T14:08:23.615732+00:00,2026-06-30T14:08:48.611796+00:00,True,M1-B-split-1,chrome|excel|notepad,0
ses_20260630-135201-LAPTOP-R36BQBTE,C,育児・産休申請確認,LA-192210-001,,2026-06-30T13:56:31.922543+00:00,,False,,chrome|notepad|onenote,0
ses_20260630-135201-LAPTOP-R36BQBTE,C,育児・産休申請確認,LA-192210-002,,2026-06-30T13:59:08.851070+00:00,2026-06-30T13:59:45.153410+00:00,False,,chrome|notepad|onenote,0
ses_20260630-135201-LAPTOP-R36BQBTE,C,育児・産休申請確認,LA-192210-003,,2026-06-30T14:01:21.145451+00:00,2026-06-30T14:01:56.973960+00:00,False,,chrome|notepad|onenote,0
ses_20260630-135201-LAPTOP-R36BQBTE,D,社保・年金補正対応,SI-192210-001,,2026-06-30T14:04:29.727869+00:00,2026-06-30T14:05:24.173462+00:00,False,,chrome|notepad|teams,0
ses_20260630-135201-LAPTOP-R36BQBTE,D,社保・年金補正対応,SI-192210-002,,2026-06-30T14:08:48.615227+00:00,,False,,chrome|notepad|teams,0
ses_20260630-135201-LAPTOP-R36BQBTE,D,社保・年金補正対応,SI-192210-003,,2026-06-30T14:09:27.948771+00:00,2026-06-30T14:11:10.713744+00:00,False,,chrome|notepad|teams,0
ses_20260630-135201-LAPTOP-R36BQBTE,G,経費精算承認,EXP-192210-001,reg,2026-06-30T14:04:02.588865+00:00,2026-06-30T14:04:29.724825+00:00,False,,chrome|excel|notepad,0
ses_20260630-135201-LAPTOP-R36BQBTE,G,経費精算承認,EXP-192210-002,reg,2026-06-30T14:07:11.476070+00:00,2026-06-30T14:07:33.221804+00:00,False,,chrome|excel|notepad,0
ses_20260630-135201-LAPTOP-R36BQBTE,G,経費精算承認,EXP-192210-003,reg,2026-06-30T14:11:10.716869+00:00,2026-06-30T14:11:35.337425+00:00,False,,chrome|excel|notepad,0
ses_20260630-135201-LAPTOP-R36BQBTE,G,経費精算承認,EXP-192210-004,adj,2026-06-30T14:12:05.460958+00:00,2026-06-30T14:12:41.084977+00:00,False,,chrome|excel|notepad,0
ses_20260630-135201-LAPTOP-R36BQBTE,I,予算差異分析,BV-192210-001,,2026-06-30T13:54:10.701776+00:00,2026-06-30T13:55:19.743348+00:00,False,,chrome|notepad|teams,0
ses_20260630-135201-LAPTOP-R36BQBTE,I,予算差異分析,BV-192210-002,,2026-06-30T14:01:56.977023+00:00,,False,,chrome|notepad|teams,0
ses_20260630-135201-LAPTOP-R36BQBTE,I,予算差異分析,BV-192210-003,,2026-06-30T14:03:06.124315+00:00,2026-06-30T14:04:02.585801+00:00,False,,chrome|notepad|teams,0
ses_20260630-135201-LAPTOP-R36BQBTE,K,受注処理,ORD-192210-001,std,2026-06-30T13:56:05.081111+00:00,2026-06-30T13:56:31.921007+00:00,False,,chrome|excel|notepad,0
ses_20260630-135201-LAPTOP-R36BQBTE,K,受注処理,ORD-192210-002,std,2026-06-30T13:59:45.155567+00:00,2026-06-30T14:00:07.754357+00:00,False,,chrome|excel|notepad,0
ses_20260630-135201-LAPTOP-R36BQBTE,K,受注処理,ORD-192210-003,std,2026-06-30T14:05:48.501128+00:00,2026-06-30T14:06:29.938514+00:00,False,,chrome|excel|notepad,0
ses_20260630-135201-LAPTOP-R36BQBTE,K,受注処理,ORD-192210-004,exc,2026-06-30T14:08:01.058656+00:00,2026-06-30T14:08:23.612452+00:00,False,,chrome|excel|notepad,0
ses_20260630-135201-LAPTOP-R36BQBTE,K,受注処理,ORD-192210-005,exc,2026-06-30T14:11:35.340033+00:00,2026-06-30T14:12:05.457354+00:00,False,,chrome|excel|notepad,0
ses_20260630-135201-LAPTOP-R36BQBTE,L,在庫調整,STK-192210-001,reg,2026-06-30T13:55:19.746417+00:00,2026-06-30T13:56:05.079580+00:00,False,,chrome|excel|notepad,0
ses_20260630-135201-LAPTOP-R36BQBTE,L,在庫調整,STK-192210-002,reg,2026-06-30T14:00:32.259681+00:00,2026-06-30T14:00:55.279447+00:00,False,,chrome|excel|notepad,0
ses_20260630-135201-LAPTOP-R36BQBTE,L,在庫調整,STK-192210-003,reg,2026-06-30T14:05:24.176528+00:00,2026-06-30T14:05:48.499092+00:00,True,M1-L-split-1,chrome|excel|notepad,0
ses_20260630-135201-LAPTOP-R36BQBTE,L,在庫調整,STK-192210-004,adj,2026-06-30T14:06:29.941087+00:00,2026-06-30T14:07:11.473001+00:00,True,M1-L-split-1,chrome|excel|notepad,0
ses_20260630-135201-LAPTOP-R36BQBTE,O,返品処理,RET-192210-001,,2026-06-30T13:53:12.251131+00:00,,False,,chrome|excel|notepad,0
ses_20260630-135201-LAPTOP-R36BQBTE,O,返品処理,RET-192210-002,,2026-06-30T13:53:42.872986+00:00,2026-06-30T13:54:10.700758+00:00,False,,chrome|excel|notepad,0
ses_20260630-135201-LAPTOP-R36BQBTE,O,返品処理,RET-192210-003,,2026-06-30T14:07:33.224316+00:00,2026-06-30T14:08:01.056624+00:00,False,,chrome|excel|notepad,0
ses_20260630-135451-CHAITANYA0BCF,A,住民税通知確認,RT-191840-001,std,2026-06-30T14:02:46.955038+00:00,2026-06-30T14:03:13.228984+00:00,False,,chrome|excel|notepad,0
ses_20260630-135451-CHAITANYA0BCF,A,住民税通知確認,RT-191840-002,std,2026-06-30T14:04:23.204185+00:00,2026-06-30T14:04:48.027195+00:00,False,,chrome|excel|notepad,0
ses_20260630-135451-CHAITANYA0BCF,A,住民税通知確認,RT-191840-003,std,2026-06-30T14:07:05.301347+00:00,2026-06-30T14:07:32.990991+00:00,True,M1-A-split-1,chrome|excel|notepad,0
ses_20260630-135451-CHAITANYA0BCF,A,住民税通知確認,RT-191840-004,exc,2026-06-30T14:08:28.108427+00:00,2026-06-30T14:08:57.427741+00:00,True,M1-A-split-1,chrome|excel|notepad,0
ses_20260630-135451-CHAITANYA0BCF,C,育児・産休申請確認,LA-191840-001,,2026-06-30T14:01:39.077775+00:00,2026-06-30T14:02:18.952203+00:00,False,,chrome|notepad|onenote,0
ses_20260630-135451-CHAITANYA0BCF,C,育児・産休申請確認,LA-191840-002,,2026-06-30T14:09:25.217015+00:00,,False,,chrome|notepad|onenote,0
ses_20260630-135451-CHAITANYA0BCF,C,育児・産休申請確認,LA-191840-003,,2026-06-30T14:10:05.184647+00:00,2026-06-30T14:10:42.894000+00:00,False,,chrome|notepad|onenote,0
ses_20260630-135451-CHAITANYA0BCF,C,育児・産休申請確認,LA-191840-004,,2026-06-30T14:14:11.933256+00:00,2026-06-30T14:14:53.504428+00:00,False,,chrome|notepad|onenote,0
ses_20260630-135451-CHAITANYA0BCF,F,請求書承認,INV-191840-001,std,2026-06-30T13:58:57.815959+00:00,,False,,chrome|excel|notepad,0
ses_20260630-135451-CHAITANYA0BCF,F,請求書承認,INV-191840-002,std,2026-06-30T13:59:25.875718+00:00,2026-06-30T13:59:49.669990+00:00,False,,chrome|excel|notepad,0
ses_20260630-135451-CHAITANYA0BCF,F,請求書承認,INV-191840-003,std,2026-06-30T14:01:15.512332+00:00,2026-06-30T14:01:39.077775+00:00,True,M1-F-split-1,chrome|excel|notepad,0
ses_20260630-135451-CHAITANYA0BCF,H,銀行勘定照合,BR-191840-001,,2026-06-30T13:55:44.970707+00:00,2026-06-30T13:56:09.833748+00:00,False,,chrome|excel|notepad,0
ses_20260630-135451-CHAITANYA0BCF,H,銀行勘定照合,BR-191840-002,,2026-06-30T14:00:17.274520+00:00,2026-06-30T14:00:45.517450+00:00,False,,chrome|excel|notepad,0
ses_20260630-135451-CHAITANYA0BCF,H,銀行勘定照合,BR-191840-003,,2026-06-30T14:02:18.953881+00:00,2026-06-30T14:02:46.953382+00:00,False,,chrome|excel|notepad,0
ses_20260630-135451-CHAITANYA0BCF,H,銀行勘定照合,BR-191840-004,,2026-06-30T14:03:52.360261+00:00,2026-06-30T14:04:23.200600+00:00,False,,chrome|excel|notepad,0
ses_20260630-135451-CHAITANYA0BCF,I,予算差異分析,BV-191840-001,,2026-06-30T14:07:32.992537+00:00,2026-06-30T14:08:28.108427+00:00,False,,chrome|notepad|teams,0
ses_20260630-135451-CHAITANYA0BCF,I,予算差異分析,BV-191840-002,,2026-06-30T14:10:42.895895+00:00,2026-06-30T14:11:50.860355+00:00,False,,chrome|notepad|teams,0
ses_20260630-135451-CHAITANYA0BCF,I,予算差異分析,BV-191840-003,,2026-06-30T14:12:30.351294+00:00,2026-06-30T14:13:37.929011+00:00,False,,chrome|notepad|teams,0
ses_20260630-135451-CHAITANYA0BCF,J,支払処理,PM-191840-001,,2026-06-30T13:56:09.835467+00:00,2026-06-30T13:56:34.355095+00:00,False,,chrome|excel|notepad|outlook,0
ses_20260630-135451-CHAITANYA0BCF,J,支払処理,PM-191840-002,,2026-06-30T14:00:45.519100+00:00,2026-06-30T14:01:15.507952+00:00,False,,chrome|excel|notepad|outlook,0
ses_20260630-135451-CHAITANYA0BCF,J,支払処理,PM-191840-003,,2026-06-30T14:06:36.418873+00:00,2026-06-30T14:07:05.299827+00:00,False,,chrome|excel|notepad|outlook,0
ses_20260630-135451-CHAITANYA0BCF,L,在庫調整,STK-191840-001,reg,2026-06-30T13:59:51.255792+00:00,2026-06-30T14:00:17.271934+00:00,False,,chrome|excel|notepad,0
ses_20260630-135451-CHAITANYA0BCF,L,在庫調整,STK-191840-002,reg,2026-06-30T14:04:49.775979+00:00,,False,,chrome|excel|notepad,0
ses_20260630-135451-CHAITANYA0BCF,L,在庫調整,STK-191840-003,reg,2026-06-30T14:05:16.104806+00:00,,False,,chrome|excel|notepad,0
ses_20260630-135451-CHAITANYA0BCF,L,在庫調整,STK-191840-004,adj,2026-06-30T14:05:34.859785+00:00,2026-06-30T14:05:59.368458+00:00,False,,chrome|excel|notepad,0
ses_20260630-135451-CHAITANYA0BCF,M,仕入先連絡,SUP-191840-001,,2026-06-30T13:56:34.356133+00:00,2026-06-30T13:57:14.479862+00:00,False,,chrome|notepad|onenote,0
ses_20260630-135451-CHAITANYA0BCF,M,仕入先連絡,SUP-191840-002,,2026-06-30T13:57:51.585847+00:00,2026-06-30T13:58:57.815959+00:00,False,,chrome|notepad|onenote,0
ses_20260630-135451-CHAITANYA0BCF,M,仕入先連絡,SUP-191840-003,,2026-06-30T14:03:13.230666+00:00,2026-06-30T14:03:52.360261+00:00,False,,chrome|notepad|onenote,0
ses_20260630-135451-CHAITANYA0BCF,M,仕入先連絡,SUP-191840-004,,2026-06-30T14:05:59.368458+00:00,2026-06-30T14:06:36.418873+00:00,False,,chrome|notepad|onenote,0
ses_20260630-135451-CHAITANYA0BCF,N,出荷追跡,SHP-191840-001,,2026-06-30T13:57:14.494114+00:00,2026-06-30T13:57:51.583264+00:00,False,,chrome|notepad|teams,0
ses_20260630-135451-CHAITANYA0BCF,N,出荷追跡,SHP-191840-002,,2026-06-30T14:11:50.860355+00:00,2026-06-30T14:12:30.349239+00:00,False,,chrome|notepad|teams,0
ses_20260630-135451-CHAITANYA0BCF,N,出荷追跡,SHP-191840-003,,2026-06-30T14:13:37.929011+00:00,2026-06-30T14:14:11.932213+00:00,False,,chrome|notepad|teams,0
ses_20260630-135451-CHAITANYA0BCF,O,返品処理,RET-191840-001,,2026-06-30T14:08:57.429415+00:00,2026-06-30T14:09:25.215152+00:00,False,,chrome|excel|notepad,0
ses_20260630-135451-CHAITANYA0BCF,O,返品処理,RET-191840-002,,2026-06-30T14:14:53.506006+00:00,,False,,chrome|excel|notepad,0
ses_20260630-135451-CHAITANYA0BCF,O,返品処理,RET-191840-003,,2026-06-30T14:15:19.324927+00:00,2026-06-30T14:15:51.324167+00:00,False,,chrome|excel|notepad,0
ses_20260630-145433-JAYESH,A,住民税通知確認,RT-202333-001,std,2026-06-30T15:03:16.016128+00:00,2026-06-30T15:03:46.339546+00:00,False,,chrome|excel|notepad,0
ses_20260630-145433-JAYESH,A,住民税通知確認,RT-202333-002,std,2026-06-30T15:04:23.765564+00:00,2026-06-30T15:04:49.740355+00:00,False,,chrome|excel|notepad,0
ses_20260630-145433-JAYESH,A,住民税通知確認,RT-202333-003,std,2026-06-30T15:10:11.401017+00:00,2026-06-30T15:10:39.715272+00:00,False,,chrome|excel|notepad,0
ses_20260630-145433-JAYESH,A,住民税通知確認,RT-202333-004,exc,2026-06-30T15:14:53.081600+00:00,2026-06-30T15:15:18.745897+00:00,False,,chrome|excel|notepad,0
ses_20260630-145433-JAYESH,C,育児・産休申請確認,LA-202333-001,,2026-06-30T15:02:32.774221+00:00,2026-06-30T15:03:16.011413+00:00,False,,chrome|notepad|onenote,0
ses_20260630-145433-JAYESH,C,育児・産休申請確認,LA-202333-002,,2026-06-30T15:12:49.497449+00:00,2026-06-30T15:13:28.896077+00:00,False,,chrome|notepad|onenote,0
ses_20260630-145433-JAYESH,C,育児・産休申請確認,LA-202333-003,,2026-06-30T15:16:01.376795+00:00,2026-06-30T15:16:35.536700+00:00,False,,chrome|notepad|onenote,0
ses_20260630-145433-JAYESH,F,請求書承認,INV-202333-001,std,2026-06-30T14:59:21.615299+00:00,2026-06-30T14:59:49.324639+00:00,False,,chrome|excel|notepad,0
ses_20260630-145433-JAYESH,F,請求書承認,INV-202333-002,std,2026-06-30T15:06:36.669346+00:00,2026-06-30T15:07:04.700300+00:00,False,,chrome|excel|notepad,0
ses_20260630-145433-JAYESH,F,請求書承認,INV-202333-003,std,2026-06-30T15:09:00.420166+00:00,,False,,chrome|excel|notepad,0
ses_20260630-145433-JAYESH,F,請求書承認,INV-202333-004,exc,2026-06-30T15:09:25.485231+00:00,2026-06-30T15:10:11.399844+00:00,False,,chrome|excel|notepad,0
ses_20260630-145433-JAYESH,G,経費精算承認,EXP-202333-001,reg,2026-06-30T14:57:48.467981+00:00,2026-06-30T14:58:11.961060+00:00,False,,chrome|excel|notepad,0
ses_20260630-145433-JAYESH,G,経費精算承認,EXP-202333-002,reg,2026-06-30T15:04:49.742114+00:00,2026-06-30T15:05:09.619380+00:00,False,,chrome|excel|notepad,0
ses_20260630-145433-JAYESH,G,経費精算承認,EXP-202333-003,reg,2026-06-30T15:05:41.956466+00:00,2026-06-30T15:06:06.916717+00:00,False,,chrome|excel|notepad,0
ses_20260630-145433-JAYESH,G,経費精算承認,EXP-202333-004,adj,2026-06-30T15:13:28.897852+00:00,2026-06-30T15:13:53.566094+00:00,False,,chrome|excel|notepad,0
ses_20260630-145433-JAYESH,H,銀行勘定照合,BR-202333-001,,2026-06-30T14:55:52.349647+00:00,2026-06-30T14:56:17.181117+00:00,False,,chrome|excel|notepad,0
ses_20260630-145433-JAYESH,H,銀行勘定照合,BR-202333-002,,2026-06-30T15:12:21.765639+00:00,2026-06-30T15:12:49.495514+00:00,False,,chrome|excel|notepad,0
ses_20260630-145433-JAYESH,H,銀行勘定照合,BR-202333-003,,2026-06-30T15:16:35.538180+00:00,,False,,chrome|excel|notepad,0
ses_20260630-145433-JAYESH,H,銀行勘定照合,BR-202333-004,,2026-06-30T15:17:03.683149+00:00,2026-06-30T15:17:31.566554+00:00,False,,chrome|excel|notepad,0
ses_20260630-145433-JAYESH,I,予算差異分析,BV-202333-001,,2026-06-30T15:07:04.702098+00:00,2026-06-30T15:08:26.526354+00:00,False,,chrome|notepad|teams,0
ses_20260630-145433-JAYESH,I,予算差異分析,BV-202333-002,,2026-06-30T15:10:39.717094+00:00,2026-06-30T15:12:21.763734+00:00,False,,chrome|notepad|teams,0
ses_20260630-145433-JAYESH,I,予算差異分析,BV-202333-003,,2026-06-30T15:13:53.568026+00:00,2026-06-30T15:14:53.079826+00:00,False,,chrome|notepad|teams,0
ses_20260630-145433-JAYESH,J,支払処理,PM-202333-001,,2026-06-30T15:06:06.918523+00:00,2026-06-30T15:06:36.667344+00:00,False,,chrome|excel|notepad|outlook,0
ses_20260630-145433-JAYESH,J,支払処理,PM-202333-002,,2026-06-30T15:17:31.568364+00:00,,False,,chrome|excel|notepad|outlook,0
ses_20260630-145433-JAYESH,J,支払処理,PM-202333-003,,2026-06-30T15:17:57.835220+00:00,2026-06-30T15:18:31.180529+00:00,False,,chrome|excel|notepad|outlook,0
ses_20260630-145433-JAYESH,K,受注処理,ORD-202333-001,std,2026-06-30T14:55:22.179462+00:00,2026-06-30T14:55:52.347955+00:00,False,,chrome|excel|notepad,0
ses_20260630-145433-JAYESH,K,受注処理,ORD-202333-002,std,2026-06-30T14:56:17.182947+00:00,2026-06-30T14:56:43.089268+00:00,False,,chrome|excel|notepad,0
ses_20260630-145433-JAYESH,K,受注処理,ORD-202333-003,std,2026-06-30T14:59:49.326496+00:00,2026-06-30T15:02:04.367949+00:00,True,M1-K-split-1,chrome|excel|notepad,0
ses_20260630-145433-JAYESH,M,仕入先連絡,SUP-202333-001,,2026-06-30T15:03:46.341403+00:00,2026-06-30T15:04:23.763680+00:00,False,,chrome|notepad|onenote,0
ses_20260630-145433-JAYESH,M,仕入先連絡,SUP-202333-002,,2026-06-30T15:05:09.621370+00:00,2026-06-30T15:05:41.954811+00:00,False,,chrome|notepad|onenote,0
ses_20260630-145433-JAYESH,M,仕入先連絡,SUP-202333-003,,2026-06-30T15:15:18.747929+00:00,2026-06-30T15:16:01.374954+00:00,False,,chrome|notepad|onenote,0
ses_20260630-145433-JAYESH,N,出荷追跡,SHP-202333-001,,2026-06-30T14:57:10.691721+00:00,2026-06-30T14:57:48.466220+00:00,False,,chrome|notepad|teams,0
ses_20260630-145433-JAYESH,N,出荷追跡,SHP-202333-002,,2026-06-30T14:58:11.963006+00:00,2026-06-30T14:58:54.157099+00:00,False,,chrome|notepad|teams,0
ses_20260630-145433-JAYESH,N,出荷追跡,SHP-202333-003,,2026-06-30T15:08:26.529257+00:00,2026-06-30T15:09:00.418388+00:00,False,,chrome|notepad|teams,0
ses_20260630-145433-JAYESH,O,返品処理,RET-202333-001,,2026-06-30T14:56:44.844742+00:00,2026-06-30T14:57:10.689375+00:00,False,,chrome|excel|notepad,0
ses_20260630-145433-JAYESH,O,返品処理,RET-202333-002,,2026-06-30T14:58:54.159084+00:00,2026-06-30T14:59:21.613303+00:00,False,,chrome|excel|notepad,0
ses_20260630-145433-JAYESH,O,返品処理,RET-202333-003,,2026-06-30T15:02:04.369918+00:00,2026-06-30T15:02:32.772390+00:00,False,,chrome|excel|notepad,0
ses_20260630-163424-SIDDHIGUPTAB00B,A,住民税通知確認,RT-220339-001,std,2026-06-30T16:37:57.217406+00:00,2026-06-30T16:38:55.329689+00:00,False,,chrome|excel|notepad,0
ses_20260630-163424-SIDDHIGUPTAB00B,A,住民税通知確認,RT-220339-002,std,2026-06-30T16:48:04.029724+00:00,2026-06-30T16:48:32.821900+00:00,False,,chrome|excel|notepad,0
ses_20260630-163424-SIDDHIGUPTAB00B,A,住民税通知確認,RT-220339-003,std,2026-06-30T16:52:19.682409+00:00,,True,M1-A-split-1,chrome|excel|notepad,0
ses_20260630-163424-SIDDHIGUPTAB00B,A,住民税通知確認,RT-220339-004,exc,2026-06-30T16:53:22.541276+00:00,2026-06-30T16:54:26.415021+00:00,True,M1-A-split-1,chrome|excel|notepad,0
ses_20260630-163424-SIDDHIGUPTAB00B,B,給与備考・控除整備,PI-220339-001,reg,2026-06-30T16:36:24.544122+00:00,2026-06-30T16:36:43.992556+00:00,False,,chrome|excel|notepad,0
ses_20260630-163424-SIDDHIGUPTAB00B,B,給与備考・控除整備,PI-220339-002,reg,2026-06-30T16:37:03.701191+00:00,2026-06-30T16:37:26.534092+00:00,False,,chrome|excel|notepad,0
ses_20260630-163424-SIDDHIGUPTAB00B,B,給与備考・控除整備,PI-220339-003,reg,2026-06-30T16:50:25.643202+00:00,2026-06-30T16:51:04.396747+00:00,True,M1-B-split-1,chrome|excel|notepad,0
ses_20260630-163424-SIDDHIGUPTAB00B,B,給与備考・控除整備,PI-220339-004,adj,2026-06-30T16:51:54.397871+00:00,2026-06-30T16:52:19.680560+00:00,True,M1-B-split-1,chrome|excel|notepad,0
ses_20260630-163424-SIDDHIGUPTAB00B,D,社保・年金補正対応,SI-220339-001,,2026-06-30T16:35:10.144776+00:00,,False,,chrome|notepad|teams,0
ses_20260630-163424-SIDDHIGUPTAB00B,D,社保・年金補正対応,SI-220339-002,,2026-06-30T16:35:47.740296+00:00,2026-06-30T16:36:24.541388+00:00,False,,chrome|notepad|teams,0
ses_20260630-163424-SIDDHIGUPTAB00B,D,社保・年金補正対応,SI-220339-003,,2026-06-30T16:38:55.332997+00:00,2026-06-30T16:39:34.987531+00:00,False,,chrome|notepad|teams,0
ses_20260630-163424-SIDDHIGUPTAB00B,E,入社照合・手当確認,OB-220339-001,,2026-06-30T16:39:34.989260+00:00,2026-06-30T16:40:15.452687+00:00,False,,chrome|excel|notepad,0
ses_20260630-163424-SIDDHIGUPTAB00B,E,入社照合・手当確認,OB-220339-002,,2026-06-30T16:51:04.401310+00:00,,False,,chrome|excel|notepad,0
ses_20260630-163424-SIDDHIGUPTAB00B,E,入社照合・手当確認,OB-220339-003,,2026-06-30T16:51:28.548000+00:00,2026-06-30T16:51:54.395762+00:00,False,,chrome|excel|notepad,0
ses_20260630-163424-SIDDHIGUPTAB00B,F,請求書承認,INV-220339-001,std,2026-06-30T16:37:27.981645+00:00,2026-06-30T16:37:57.215724+00:00,False,,chrome|excel|notepad,0
ses_20260630-163424-SIDDHIGUPTAB00B,F,請求書承認,INV-220339-002,std,2026-06-30T16:40:15.459440+00:00,2026-06-30T16:40:44.935218+00:00,False,,chrome|excel|notepad,0
ses_20260630-163424-SIDDHIGUPTAB00B,F,請求書承認,INV-220339-003,std,2026-06-30T16:41:46.335498+00:00,2026-06-30T16:42:14.525724+00:00,False,,chrome|excel|notepad,0
ses_20260630-163424-SIDDHIGUPTAB00B,F,請求書承認,INV-220339-004,exc,2026-06-30T16:43:01.209995+00:00,2026-06-30T16:43:42.250378+00:00,False,,chrome|excel|notepad,0
ses_20260630-163424-SIDDHIGUPTAB00B,G,経費精算承認,EXP-220339-001,reg,2026-06-30T16:36:44.000421+00:00,2026-06-30T16:37:03.691532+00:00,False,,chrome|excel|notepad,0
ses_20260630-163424-SIDDHIGUPTAB00B,G,経費精算承認,EXP-220339-002,reg,2026-06-30T16:41:19.087775+00:00,2026-06-30T16:41:46.331612+00:00,False,,chrome|excel|notepad,0
ses_20260630-163424-SIDDHIGUPTAB00B,G,経費精算承認,EXP-220339-003,reg,2026-06-30T16:42:14.527374+00:00,2026-06-30T16:42:36.500197+00:00,False,,chrome|excel|notepad,0
ses_20260630-163424-SIDDHIGUPTAB00B,G,経費精算承認,EXP-220339-004,adj,2026-06-30T16:45:37.782965+00:00,2026-06-30T16:46:06.564770+00:00,False,,chrome|excel|notepad,0
ses_20260630-163424-SIDDHIGUPTAB00B,J,支払処理,PM-220339-001,,2026-06-30T16:42:36.510009+00:00,2026-06-30T16:43:01.205110+00:00,False,,chrome|excel|notepad|outlook,0
ses_20260630-163424-SIDDHIGUPTAB00B,J,支払処理,PM-220339-002,,2026-06-30T16:43:42.268039+00:00,2026-06-30T16:45:37.780974+00:00,False,,chrome|excel|notepad|outlook,0
ses_20260630-163424-SIDDHIGUPTAB00B,J,支払処理,PM-220339-003,,2026-06-30T16:49:30.153697+00:00,2026-06-30T16:49:57.079772+00:00,False,,chrome|excel|notepad|outlook,0
ses_20260630-163424-SIDDHIGUPTAB00B,M,仕入先連絡,SUP-220339-001,,2026-06-30T16:46:06.567722+00:00,2026-06-30T16:47:00.094840+00:00,False,,chrome|notepad|onenote,0
ses_20260630-163424-SIDDHIGUPTAB00B,M,仕入先連絡,SUP-220339-002,,2026-06-30T16:47:29.240301+00:00,2026-06-30T16:48:04.028232+00:00,False,,chrome|notepad|onenote,0
ses_20260630-163424-SIDDHIGUPTAB00B,M,仕入先連絡,SUP-220339-003,,2026-06-30T16:54:26.420139+00:00,2026-06-30T16:55:28.855784+00:00,False,,chrome|notepad|onenote,0
ses_20260630-163424-SIDDHIGUPTAB00B,O,返品処理,RET-220339-001,,2026-06-30T16:40:44.943343+00:00,2026-06-30T16:41:19.084068+00:00,False,,chrome|excel|notepad,0
ses_20260630-163424-SIDDHIGUPTAB00B,O,返品処理,RET-220339-002,,2026-06-30T16:47:00.115828+00:00,2026-06-30T16:47:29.237559+00:00,False,,chrome|excel|notepad,0
ses_20260630-163424-SIDDHIGUPTAB00B,O,返品処理,RET-220339-003,,2026-06-30T16:49:57.086258+00:00,2026-06-30T16:50:25.638260+00:00,False,,chrome|excel|notepad,0
ses_20260630-164418-MSI,A,住民税通知確認,RT-221428-001,std,2026-06-30T16:45:20.484061+00:00,2026-06-30T16:45:46.008496+00:00,False,,chrome|excel|notepad,0
ses_20260630-164418-MSI,A,住民税通知確認,RT-221428-002,std,2026-06-30T16:46:04.507419+00:00,2026-06-30T16:46:33.343820+00:00,False,,chrome|excel|notepad,0
ses_20260630-164418-MSI,A,住民税通知確認,RT-221428-003,std,2026-06-30T16:46:58.261119+00:00,2026-06-30T16:47:22.005402+00:00,False,,chrome|excel|notepad,0
ses_20260630-164418-MSI,A,住民税通知確認,RT-221428-004,exc,2026-06-30T16:52:46.370549+00:00,2026-06-30T16:53:10.429247+00:00,False,,chrome|excel|notepad,0
ses_20260630-164418-MSI,B,給与備考・控除整備,PI-221428-001,reg,2026-06-30T16:45:46.009319+00:00,2026-06-30T16:46:04.506793+00:00,False,,chrome|excel|notepad,0
ses_20260630-164418-MSI,B,給与備考・控除整備,PI-221428-002,reg,2026-06-30T16:49:11.371103+00:00,2026-06-30T16:49:30.895754+00:00,False,,chrome|excel|notepad,0
ses_20260630-164418-MSI,B,給与備考・控除整備,PI-221428-003,reg,2026-06-30T16:53:10.429845+00:00,2026-06-30T16:53:32.250674+00:00,True,M1-B-split-1,chrome|excel|notepad,0
ses_20260630-164418-MSI,B,給与備考・控除整備,PI-221428-004,adj,2026-06-30T16:55:53.914522+00:00,2026-06-30T16:58:07.214219+00:00,True,M1-B-split-1,chrome|excel|notepad,0
ses_20260630-164418-MSI,C,育児・産休申請確認,LA-221428-001,,2026-06-30T16:49:32.313940+00:00,2026-06-30T16:50:29.447733+00:00,False,,chrome|notepad|onenote,0
ses_20260630-164418-MSI,C,育児・産休申請確認,LA-221428-002,,2026-06-30T16:51:38.570036+00:00,2026-06-30T16:52:15.924570+00:00,False,,chrome|notepad|onenote,0
ses_20260630-164418-MSI,C,育児・産休申請確認,LA-221428-003,,2026-06-30T16:54:11.497009+00:00,2026-06-30T16:54:48.525067+00:00,False,,chrome|notepad|onenote,0
ses_20260630-164418-MSI,C,育児・産休申請確認,LA-221428-004,,2026-06-30T16:58:36.706986+00:00,2026-06-30T16:59:16.269586+00:00,False,,chrome|notepad|onenote,0
ses_20260630-164418-MSI,D,社保・年金補正対応,SI-221428-001,,2026-06-30T16:50:29.448303+00:00,,False,,chrome|notepad|teams,0
ses_20260630-164418-MSI,D,社保・年金補正対応,SI-221428-002,,2026-06-30T16:51:02.289103+00:00,2026-06-30T16:51:38.569201+00:00,False,,chrome|notepad|teams,0
ses_20260630-164418-MSI,D,社保・年金補正対応,SI-221428-003,,2026-06-30T16:53:32.251413+00:00,2026-06-30T16:54:11.496088+00:00,False,,chrome|notepad|teams,0
ses_20260630-164418-MSI,E,入社照合・手当確認,OB-221428-001,,2026-06-30T17:03:57.024800+00:00,2026-06-30T17:04:27.514779+00:00,False,,chrome|excel|notepad,0
ses_20260630-164418-MSI,E,入社照合・手当確認,OB-221428-002,,2026-06-30T17:05:04.765066+00:00,,False,,chrome|excel|notepad,0
ses_20260630-164418-MSI,E,入社照合・手当確認,OB-221428-003,,2026-06-30T17:05:42.044486+00:00,2026-06-30T17:06:16.007438+00:00,False,,chrome|excel|notepad,0
ses_20260630-164418-MSI,F,請求書承認,INV-221428-001,std,2026-06-30T16:47:22.005930+00:00,,False,,chrome|excel|notepad,0
ses_20260630-164418-MSI,F,請求書承認,INV-221428-002,std,2026-06-30T16:47:49.081748+00:00,2026-06-30T16:48:14.331195+00:00,False,,chrome|excel|notepad,0
ses_20260630-164418-MSI,F,請求書承認,INV-221428-003,std,2026-06-30T16:52:15.925826+00:00,2026-06-30T16:52:46.369530+00:00,True,M1-F-split-1,chrome|excel|notepad,0
ses_20260630-164418-MSI,F,請求書承認,INV-221428-004,exc,2026-06-30T16:55:28.870284+00:00,2026-06-30T16:55:53.913814+00:00,True,M1-F-split-1,chrome|excel|notepad,0
ses_20260630-164418-MSI,F,請求書承認,INV-221428-005,exc,2026-06-30T16:59:16.270256+00:00,2026-06-30T16:59:43.564455+00:00,True,M1-F-split-1,chrome|excel|notepad,0
ses_20260630-164418-MSI,M,仕入先連絡,SUP-221428-001,,2026-06-30T16:54:48.525742+00:00,2026-06-30T16:55:28.869571+00:00,False,,chrome|notepad|onenote,0
ses_20260630-164418-MSI,M,仕入先連絡,SUP-221428-002,,2026-06-30T17:00:21.035426+00:00,2026-06-30T17:00:58.172363+00:00,False,,chrome|notepad|onenote,0
ses_20260630-164418-MSI,M,仕入先連絡,SUP-221428-003,,2026-06-30T17:02:09.676890+00:00,2026-06-30T17:03:57.024190+00:00,False,,chrome|notepad|onenote,0
ses_20260630-164418-MSI,M,仕入先連絡,SUP-221428-004,,2026-06-30T17:04:27.515609+00:00,2026-06-30T17:05:04.764360+00:00,False,,chrome|notepad|onenote,0
ses_20260630-164418-MSI,N,出荷追跡,SHP-221428-001,,2026-06-30T16:48:34.558444+00:00,2026-06-30T16:49:11.370440+00:00,False,,chrome|notepad|teams,0
ses_20260630-164418-MSI,N,出荷追跡,SHP-221428-002,,2026-06-30T16:59:43.565063+00:00,2026-06-30T17:00:21.034707+00:00,False,,chrome|notepad|teams,0
ses_20260630-164418-MSI,N,出荷追跡,SHP-221428-003,,2026-06-30T17:01:30.660040+00:00,2026-06-30T17:02:09.676151+00:00,False,,chrome|notepad|teams,0
ses_20260630-164418-MSI,O,返品処理,RET-221428-001,,2026-06-30T16:46:33.344687+00:00,2026-06-30T16:46:58.260482+00:00,False,,chrome|excel|notepad,0
ses_20260630-164418-MSI,O,返品処理,RET-221428-002,,2026-06-30T16:58:07.215347+00:00,2026-06-30T16:58:36.706443+00:00,False,,chrome|excel|notepad,0
ses_20260630-164418-MSI,O,返品処理,RET-221428-003,,2026-06-30T17:00:58.173223+00:00,2026-06-30T17:01:30.659156+00:00,False,,chrome|excel|notepad,0
ses_20260701-005920-yuvraj,A,住民税通知確認,RT-062507-001,std,2026-07-01T01:05:35.472490+00:00,2026-07-01T01:05:59.632662+00:00,False,,chrome|excel|notepad,0
ses_20260701-005920-yuvraj,A,住民税通知確認,RT-062507-002,std,2026-07-01T01:13:18.203461+00:00,2026-07-01T01:13:42.538044+00:00,False,,chrome|excel|notepad,0
ses_20260701-005920-yuvraj,A,住民税通知確認,RT-062507-003,std,2026-07-01T01:14:10.813196+00:00,2026-07-01T01:14:39.920242+00:00,False,,chrome|excel|notepad,0
ses_20260701-005920-yuvraj,C,育児・産休申請確認,LA-062507-001,,2026-07-01T01:04:35.974923+00:00,2026-07-01T01:05:35.472490+00:00,False,,chrome|notepad|onenote,0
ses_20260701-005920-yuvraj,C,育児・産休申請確認,LA-062507-002,,2026-07-01T01:05:59.633561+00:00,,False,,chrome|notepad|onenote,0
ses_20260701-005920-yuvraj,C,育児・産休申請確認,LA-062507-003,,2026-07-01T01:06:39.422840+00:00,2026-07-01T01:07:12.079148+00:00,False,,chrome|notepad|onenote,0
ses_20260701-005920-yuvraj,C,育児・産休申請確認,LA-062507-004,,2026-07-01T01:12:14.021675+00:00,2026-07-01T01:12:54.847158+00:00,False,,chrome|notepad|onenote,0
ses_20260701-005920-yuvraj,F,請求書承認,INV-062507-001,std,2026-07-01T01:00:41.027854+00:00,2026-07-01T01:01:06.013647+00:00,False,,chrome|excel|notepad,0
ses_20260701-005920-yuvraj,F,請求書承認,INV-062507-002,std,2026-07-01T01:11:20.919056+00:00,2026-07-01T01:11:45.231914+00:00,False,,chrome|excel|notepad,0
ses_20260701-005920-yuvraj,F,請求書承認,INV-062507-003,std,2026-07-01T01:13:42.539564+00:00,2026-07-01T01:14:10.811643+00:00,True,M1-F-split-1,chrome|excel|notepad,0
ses_20260701-005920-yuvraj,G,経費精算承認,EXP-062507-001,reg,2026-07-01T01:01:06.015100+00:00,2026-07-01T01:01:28.603152+00:00,False,,chrome|excel|notepad,0
ses_20260701-005920-yuvraj,G,経費精算承認,EXP-062507-002,reg,2026-07-01T01:02:02.938452+00:00,2026-07-01T01:02:20.674949+00:00,False,,chrome|excel|notepad,0
ses_20260701-005920-yuvraj,G,経費精算承認,EXP-062507-003,reg,2026-07-01T01:12:54.848690+00:00,2026-07-01T01:13:18.201911+00:00,False,,chrome|excel|notepad,0
ses_20260701-005920-yuvraj,H,銀行勘定照合,BR-062507-001,,2026-07-01T01:01:28.603826+00:00,2026-07-01T01:02:02.937417+00:00,False,,chrome|excel|notepad,0
ses_20260701-005920-yuvraj,H,銀行勘定照合,BR-062507-002,,2026-07-01T01:07:12.080175+00:00,2026-07-01T01:07:37.782761+00:00,False,,chrome|excel|notepad,0
ses_20260701-005920-yuvraj,H,銀行勘定照合,BR-062507-003,,2026-07-01T01:09:49.085183+00:00,2026-07-01T01:10:19.376366+00:00,False,,chrome|excel|notepad,0
ses_20260701-005920-yuvraj,I,予算差異分析,BV-062507-001,,2026-07-01T01:19:16.202418+00:00,2026-07-01T01:20:17.096940+00:00,False,,chrome|notepad|teams,0
ses_20260701-005920-yuvraj,I,予算差異分析,BV-062507-002,,2026-07-01T01:20:49.871469+00:00,,False,,chrome|notepad|teams,0
ses_20260701-005920-yuvraj,I,予算差異分析,BV-062507-003,,2026-07-01T01:22:00.019323+00:00,2026-07-01T01:23:05.726891+00:00,False,,chrome|notepad|teams,0
ses_20260701-005920-yuvraj,J,支払処理,PM-062507-001,,2026-07-01T01:16:19.887052+00:00,,False,,chrome|excel|notepad|outlook,0
ses_20260701-005920-yuvraj,J,支払処理,PM-062507-002,,2026-07-01T01:16:43.842780+00:00,2026-07-01T01:17:07.770962+00:00,False,,chrome|excel|notepad|outlook,0
ses_20260701-005920-yuvraj,J,支払処理,PM-062507-003,,2026-07-01T01:20:17.098137+00:00,2026-07-01T01:20:49.871469+00:00,False,,chrome|excel|notepad|outlook,0
ses_20260701-005920-yuvraj,K,受注処理,ORD-062507-001,std,2026-07-01T01:02:20.676003+00:00,2026-07-01T01:02:49.325775+00:00,False,,chrome|excel|notepad,0
ses_20260701-005920-yuvraj,K,受注処理,ORD-062507-002,std,2026-07-01T01:07:37.784019+00:00,,False,,chrome|excel|notepad,0
ses_20260701-005920-yuvraj,K,受注処理,ORD-062507-003,std,2026-07-01T01:09:25.135759+00:00,2026-07-01T01:09:49.083904+00:00,False,,chrome|excel|notepad,0
ses_20260701-005920-yuvraj,K,受注処理,ORD-062507-004,exc,2026-07-01T01:11:47.497583+00:00,2026-07-01T01:12:14.020615+00:00,False,,chrome|excel|notepad,0
ses_20260701-005920-yuvraj,K,受注処理,ORD-062507-005,exc,2026-07-01T01:15:30.938676+00:00,2026-07-01T01:16:19.886025+00:00,False,,chrome|excel|notepad,0
ses_20260701-005920-yuvraj,L,在庫調整,STK-062507-001,reg,2026-07-01T01:03:13.234350+00:00,2026-07-01T01:04:13.816447+00:00,False,,chrome|excel|notepad,0
ses_20260701-005920-yuvraj,L,在庫調整,STK-062507-002,reg,2026-07-01T01:10:19.376366+00:00,2026-07-01T01:10:43.452156+00:00,False,,chrome|excel|notepad,0
ses_20260701-005920-yuvraj,L,在庫調整,STK-062507-003,reg,2026-07-01T01:14:39.920766+00:00,2026-07-01T01:15:30.938147+00:00,True,M1-L-split-1,chrome|excel|notepad,0
ses_20260701-005920-yuvraj,L,在庫調整,STK-062507-004,adj,2026-07-01T01:17:07.771479+00:00,2026-07-01T01:19:16.200841+00:00,True,M1-L-split-1,chrome|excel|notepad,0
ses_20260701-005920-yuvraj,O,返品処理,RET-062507-001,,2026-07-01T01:00:18.385032+00:00,2026-07-01T01:00:41.026823+00:00,False,,chrome|excel|notepad,0
ses_20260701-005920-yuvraj,O,返品処理,RET-062507-002,,2026-07-01T01:02:49.326301+00:00,2026-07-01T01:03:13.233799+00:00,False,,chrome|excel|notepad,0
ses_20260701-005920-yuvraj,O,返品処理,RET-062507-003,,2026-07-01T01:04:13.816447+00:00,2026-07-01T01:04:35.973636+00:00,False,,chrome|excel|notepad,0
ses_20260701-014804-yuvraj,D,社保・年金補正対応,SI-071644-001,,2026-07-01T01:50:32.277740+00:00,2026-07-01T01:51:07.877044+00:00,False,,chrome|notepad|teams,0
ses_20260701-014804-yuvraj,D,社保・年金補正対応,SI-071644-002,,2026-07-01T02:00:36.260788+00:00,2026-07-01T02:01:08.803485+00:00,False,,chrome|notepad|teams,0
ses_20260701-014804-yuvraj,D,社保・年金補正対応,SI-071644-003,,2026-07-01T02:01:46.592481+00:00,2026-07-01T02:02:24.085669+00:00,False,,chrome|notepad|teams,0
ses_20260701-014804-yuvraj,F,請求書承認,INV-071644-001,std,2026-07-01T01:51:37.517778+00:00,2026-07-01T01:52:40.706060+00:00,False,,chrome|excel|notepad,0
ses_20260701-014804-yuvraj,F,請求書承認,INV-071644-002,std,2026-07-01T01:53:53.722519+00:00,2026-07-01T01:54:17.124570+00:00,False,,chrome|excel|notepad,0
ses_20260701-014804-yuvraj,F,請求書承認,INV-071644-003,std,2026-07-01T01:58:10.070950+00:00,2026-07-01T01:58:56.606802+00:00,True,M1-F-split-1,chrome|excel|notepad,0
ses_20260701-014804-yuvraj,G,経費精算承認,EXP-071644-001,reg,2026-07-01T01:53:04.222580+00:00,2026-07-01T01:53:23.557513+00:00,False,,chrome|excel|notepad,0
ses_20260701-014804-yuvraj,G,経費精算承認,EXP-071644-002,reg,2026-07-01T01:57:02.072828+00:00,,False,,chrome|excel|notepad,0
ses_20260701-014804-yuvraj,G,経費精算承認,EXP-071644-003,reg,2026-07-01T01:57:22.046512+00:00,2026-07-01T01:57:44.863646+00:00,False,,chrome|excel|notepad,0
ses_20260701-014804-yuvraj,H,銀行勘定照合,BR-071644-001,,2026-07-01T02:05:33.272742+00:00,2026-07-01T02:06:02.496849+00:00,False,,chrome|excel|notepad,0
ses_20260701-014804-yuvraj,H,銀行勘定照合,BR-071644-002,,2026-07-01T02:06:36.041753+00:00,,False,,chrome|excel|notepad,0
ses_20260701-014804-yuvraj,H,銀行勘定照合,BR-071644-003,,2026-07-01T02:07:05.019500+00:00,,False,,chrome|excel|notepad,0
ses_20260701-014804-yuvraj,H,銀行勘定照合,BR-071644-004,,2026-07-01T02:07:46.112009+00:00,2026-07-01T02:08:12.653429+00:00,False,,chrome|excel|notepad,0
ses_20260701-014804-yuvraj,I,予算差異分析,BV-071644-001,,2026-07-01T01:58:56.607831+00:00,2026-07-01T02:00:10.113723+00:00,False,,chrome|notepad|teams,0
ses_20260701-014804-yuvraj,I,予算差異分析,BV-071644-002,,2026-07-01T02:02:58.639449+00:00,2026-07-01T02:04:10.409396+00:00,False,,chrome|notepad|teams,0
ses_20260701-014804-yuvraj,I,予算差異分析,BV-071644-003,,2026-07-01T02:09:35.024866+00:00,2026-07-01T02:10:51.877464+00:00,False,,chrome|notepad|teams,0
ses_20260701-014804-yuvraj,J,支払処理,PM-071644-001,,2026-07-01T01:49:02.308978+00:00,2026-07-01T01:49:31.969126+00:00,False,,chrome|excel|notepad|outlook,0
ses_20260701-014804-yuvraj,J,支払処理,PM-071644-002,,2026-07-01T01:52:40.707107+00:00,2026-07-01T01:53:04.222053+00:00,False,,chrome|excel|notepad|outlook,0
ses_20260701-014804-yuvraj,J,支払処理,PM-071644-003,,2026-07-01T02:04:10.409396+00:00,2026-07-01T02:04:57.167643+00:00,False,,chrome|excel|notepad|outlook,0
ses_20260701-014804-yuvraj,K,受注処理,ORD-071644-001,std,2026-07-01T01:51:07.878588+00:00,2026-07-01T01:51:37.517252+00:00,False,,chrome|excel|notepad,0
ses_20260701-014804-yuvraj,K,受注処理,ORD-071644-002,std,2026-07-01T01:53:23.558523+00:00,2026-07-01T01:53:53.720885+00:00,False,,chrome|excel|notepad,0
ses_20260701-014804-yuvraj,K,受注処理,ORD-071644-003,std,2026-07-01T01:54:52.099279+00:00,,False,,chrome|excel|notepad,0
ses_20260701-014804-yuvraj,K,受注処理,ORD-071644-004,exc,2026-07-01T01:55:22.504545+00:00,2026-07-01T01:57:02.071217+00:00,False,,chrome|excel|notepad,0
ses_20260701-014804-yuvraj,K,受注処理,ORD-071644-005,exc,2026-07-01T02:00:10.115290+00:00,2026-07-01T02:00:36.259843+00:00,False,,chrome|excel|notepad,0
ses_20260701-014804-yuvraj,L,在庫調整,STK-071644-001,reg,2026-07-01T01:49:31.969126+00:00,,False,,chrome|excel|notepad,0
ses_20260701-014804-yuvraj,L,在庫調整,STK-071644-002,reg,2026-07-01T01:50:08.610291+00:00,2026-07-01T01:50:32.276222+00:00,False,,chrome|excel|notepad,0
ses_20260701-014804-yuvraj,L,在庫調整,STK-071644-003,reg,2026-07-01T01:57:44.863646+00:00,2026-07-01T01:58:10.070403+00:00,False,,chrome|excel|notepad,0
ses_20260701-014804-yuvraj,M,仕入先連絡,SUP-071644-001,,2026-07-01T02:01:08.805019+00:00,2026-07-01T02:01:46.591328+00:00,False,,chrome|notepad|onenote,0
ses_20260701-014804-yuvraj,M,仕入先連絡,SUP-071644-002,,2026-07-01T02:02:24.086731+00:00,2026-07-01T02:02:58.637894+00:00,False,,chrome|notepad|onenote,0
ses_20260701-014804-yuvraj,M,仕入先連絡,SUP-071644-003,,2026-07-01T02:04:57.167643+00:00,2026-07-01T02:05:33.272742+00:00,False,,chrome|notepad|onenote,0
ses_20260701-014804-yuvraj,M,仕入先連絡,SUP-071644-004,,2026-07-01T02:06:02.498389+00:00,2026-07-01T02:06:36.040718+00:00,False,,chrome|notepad|onenote,0
ses_20260701-014804-yuvraj,O,返品処理,RET-071644-001,,2026-07-01T02:08:12.653429+00:00,,False,,chrome|excel|notepad,0
ses_20260701-014804-yuvraj,O,返品処理,RET-071644-002,,2026-07-01T02:08:39.281424+00:00,,False,,chrome|excel|notepad,0
ses_20260701-014804-yuvraj,O,返品処理,RET-071644-003,,2026-07-01T02:09:05.788117+00:00,2026-07-01T02:09:35.024866+00:00,False,,chrome|excel|notepad,0
ses_20260701-022828-yuvraj,C,育児・産休申請確認,LA-075754-001,,2026-07-01T02:33:14.392415+00:00,2026-07-01T02:33:52.463012+00:00,False,,chrome|notepad|onenote,0
ses_20260701-022828-yuvraj,C,育児・産休申請確認,LA-075754-002,,2026-07-01T02:36:53.080937+00:00,2026-07-01T02:37:28.107369+00:00,False,,chrome|notepad|onenote,0
ses_20260701-022828-yuvraj,C,育児・産休申請確認,LA-075754-003,,2026-07-01T02:41:55.981836+00:00,2026-07-01T02:42:33.936772+00:00,False,,chrome|notepad|onenote,0
ses_20260701-022828-yuvraj,C,育児・産休申請確認,LA-075754-004,,2026-07-01T02:44:46.197986+00:00,2026-07-01T02:45:23.782187+00:00,False,,chrome|notepad|onenote,0
ses_20260701-022828-yuvraj,D,社保・年金補正対応,SI-075754-001,,2026-07-01T02:41:16.320096+00:00,2026-07-01T02:41:55.981836+00:00,False,,chrome|notepad|teams,0
ses_20260701-022828-yuvraj,D,社保・年金補正対応,SI-075754-002,,2026-07-01T02:43:19.965014+00:00,2026-07-01T02:43:52.354031+00:00,False,,chrome|notepad|teams,0
ses_20260701-022828-yuvraj,D,社保・年金補正対応,SI-075754-003,,2026-07-01T02:45:46.194176+00:00,2026-07-01T02:46:25.556486+00:00,False,,chrome|notepad|teams,0
ses_20260701-022828-yuvraj,E,入社照合・手当確認,OB-075754-001,,2026-07-01T02:45:23.782896+00:00,2026-07-01T02:45:46.193638+00:00,False,,chrome|excel|notepad,0
ses_20260701-022828-yuvraj,E,入社照合・手当確認,OB-075754-002,,2026-07-01T02:47:42.816930+00:00,2026-07-01T02:48:08.709517+00:00,False,,chrome|excel|notepad,0
ses_20260701-022828-yuvraj,E,入社照合・手当確認,OB-075754-003,,2026-07-01T02:48:56.545470+00:00,2026-07-01T02:49:33.210090+00:00,False,,chrome|excel|notepad,0
ses_20260701-022828-yuvraj,H,銀行勘定照合,BR-075754-001,,2026-07-01T02:40:48.764827+00:00,2026-07-01T02:41:16.318655+00:00,False,,chrome|excel|notepad,0
ses_20260701-022828-yuvraj,H,銀行勘定照合,BR-075754-002,,2026-07-01T02:42:33.937298+00:00,2026-07-01T02:43:19.963140+00:00,False,,chrome|excel|notepad,0
ses_20260701-022828-yuvraj,H,銀行勘定照合,BR-075754-003,,2026-07-01T02:44:17.457859+00:00,2026-07-01T02:44:46.196437+00:00,False,,chrome|excel|notepad,0
ses_20260701-022828-yuvraj,H,銀行勘定照合,BR-075754-004,,2026-07-01T02:46:25.556486+00:00,2026-07-01T02:46:50.916177+00:00,False,,chrome|excel|notepad,0
ses_20260701-022828-yuvraj,I,予算差異分析,BV-075754-001,,2026-07-01T02:30:53.161100+00:00,,False,,chrome|notepad|teams,0
ses_20260701-022828-yuvraj,I,予算差異分析,BV-075754-002,,2026-07-01T02:32:16.632626+00:00,2026-07-01T02:33:14.392415+00:00,False,,chrome|notepad|teams,0
ses_20260701-022828-yuvraj,I,予算差異分析,BV-075754-003,,2026-07-01T02:35:46.081178+00:00,2026-07-01T02:36:53.079917+00:00,False,,chrome|notepad|teams,0
ses_20260701-022828-yuvraj,K,受注処理,ORD-075754-001,std,2026-07-01T02:29:23.411990+00:00,2026-07-01T02:30:30.182660+00:00,False,,chrome|excel|notepad,0
ses_20260701-022828-yuvraj,K,受注処理,ORD-075754-002,std,2026-07-01T02:34:37.668461+00:00,2026-07-01T02:35:00.638946+00:00,False,,chrome|excel|notepad,0
ses_20260701-022828-yuvraj,K,受注処理,ORD-075754-003,std,2026-07-01T02:37:28.107369+00:00,,True,M1-K-split-1,chrome|excel|notepad,0
ses_20260701-022828-yuvraj,K,受注処理,ORD-075754-004,exc,2026-07-01T02:38:40.862182+00:00,2026-07-01T02:40:48.764827+00:00,True,M1-K-split-1,chrome|excel|notepad,0
ses_20260701-022828-yuvraj,L,在庫調整,STK-075754-001,reg,2026-07-01T02:30:30.182660+00:00,2026-07-01T02:30:53.159558+00:00,False,,chrome|excel|notepad,0
ses_20260701-022828-yuvraj,L,在庫調整,STK-075754-002,reg,2026-07-01T02:46:50.916693+00:00,2026-07-01T02:47:13.509977+00:00,False,,chrome|excel|notepad,0
ses_20260701-022828-yuvraj,L,在庫調整,STK-075754-003,reg,2026-07-01T02:48:08.709517+00:00,,True,M1-L-split-1,chrome|excel|notepad,0
ses_20260701-022828-yuvraj,L,在庫調整,STK-075754-004,adj,2026-07-01T02:48:33.980420+00:00,2026-07-01T02:48:56.544410+00:00,True,M1-L-split-1,chrome|excel|notepad,0
ses_20260701-022828-yuvraj,O,返品処理,RET-075754-001,,2026-07-01T02:33:52.463610+00:00,2026-07-01T02:34:37.667947+00:00,False,,chrome|excel|notepad,0
ses_20260701-022828-yuvraj,O,返品処理,RET-075754-002,,2026-07-01T02:43:52.354549+00:00,2026-07-01T02:44:17.457859+00:00,False,,chrome|excel|notepad,0
ses_20260701-022828-yuvraj,O,返品処理,RET-075754-003,,2026-07-01T02:47:14.773996+00:00,2026-07-01T02:47:42.814854+00:00,False,,chrome|excel|notepad,0
ses_20260701-030836-yuvraj,C,育児・産休申請確認,LA-083800-001,,2026-07-01T03:17:09.313652+00:00,2026-07-01T03:17:48.098496+00:00,False,,chrome|notepad|onenote,0
ses_20260701-030836-yuvraj,C,育児・産休申請確認,LA-083800-002,,2026-07-01T03:22:21.894979+00:00,2026-07-01T03:23:02.101830+00:00,False,,chrome|notepad|onenote,0
ses_20260701-030836-yuvraj,C,育児・産休申請確認,LA-083800-003,,2026-07-01T03:23:58.814401+00:00,,False,,chrome|notepad|onenote,0
ses_20260701-030836-yuvraj,C,育児・産休申請確認,LA-083800-004,,2026-07-01T03:24:41.989224+00:00,2026-07-01T03:25:16.982814+00:00,False,,chrome|notepad|onenote,0
ses_20260701-030836-yuvraj,D,社保・年金補正対応,SI-083800-001,,2026-07-01T03:11:34.977577+00:00,2026-07-01T03:12:10.929142+00:00,False,,chrome|notepad|teams,0
ses_20260701-030836-yuvraj,D,社保・年金補正対応,SI-083800-002,,2026-07-01T03:14:06.426531+00:00,2026-07-01T03:14:42.113111+00:00,False,,chrome|notepad|teams,0
ses_20260701-030836-yuvraj,D,社保・年金補正対応,SI-083800-003,,2026-07-01T03:15:06.896008+00:00,2026-07-01T03:17:09.312125+00:00,False,,chrome|notepad|teams,0
ses_20260701-030836-yuvraj,G,経費精算承認,EXP-083800-001,reg,2026-07-01T03:13:24.259643+00:00,2026-07-01T03:13:43.073930+00:00,False,,chrome|excel|notepad,0
ses_20260701-030836-yuvraj,G,経費精算承認,EXP-083800-002,reg,2026-07-01T03:17:48.099519+00:00,2026-07-01T03:18:08.966657+00:00,False,,chrome|excel|notepad,0
ses_20260701-030836-yuvraj,G,経費精算承認,EXP-083800-003,reg,2026-07-01T03:21:57.172920+00:00,2026-07-01T03:22:21.893969+00:00,False,,chrome|excel|notepad,0
ses_20260701-030836-yuvraj,G,経費精算承認,EXP-083800-004,adj,2026-07-01T03:23:02.102862+00:00,2026-07-01T03:23:34.234585+00:00,False,,chrome|excel|notepad,0
ses_20260701-030836-yuvraj,H,銀行勘定照合,BR-083800-001,,2026-07-01T03:18:58.980917+00:00,2026-07-01T03:19:26.798063+00:00,False,,chrome|excel|notepad,0
ses_20260701-030836-yuvraj,H,銀行勘定照合,BR-083800-002,,2026-07-01T03:20:28.535564+00:00,2026-07-01T03:20:56.954826+00:00,False,,chrome|excel|notepad,0
ses_20260701-030836-yuvraj,H,銀行勘定照合,BR-083800-003,,2026-07-01T03:25:16.984370+00:00,2026-07-01T03:26:04.071554+00:00,False,,chrome|excel|notepad,0
ses_20260701-030836-yuvraj,J,支払処理,PM-083800-001,,2026-07-01T03:13:43.074462+00:00,2026-07-01T03:14:06.426531+00:00,False,,chrome|excel|notepad|outlook,0
ses_20260701-030836-yuvraj,J,支払処理,PM-083800-002,,2026-07-01T03:18:08.966657+00:00,,False,,chrome|excel|notepad|outlook,0
ses_20260701-030836-yuvraj,J,支払処理,PM-083800-003,,2026-07-01T03:18:36.291129+00:00,2026-07-01T03:18:58.980917+00:00,False,,chrome|excel|notepad|outlook,0
ses_20260701-030836-yuvraj,K,受注処理,ORD-083800-001,std,2026-07-01T03:10:02.769485+00:00,2026-07-01T03:11:03.743078+00:00,False,,chrome|excel|notepad,0
ses_20260701-030836-yuvraj,K,受注処理,ORD-083800-002,std,2026-07-01T03:19:26.799149+00:00,2026-07-01T03:19:51.307740+00:00,False,,chrome|excel|notepad,0
ses_20260701-030836-yuvraj,K,受注処理,ORD-083800-003,std,2026-07-01T03:26:04.073116+00:00,2026-07-01T03:27:14.345513+00:00,True,M1-K-split-1,chrome|excel|notepad,0
ses_20260701-030836-yuvraj,L,在庫調整,STK-083800-001,reg,2026-07-01T03:14:42.113629+00:00,2026-07-01T03:15:06.894779+00:00,False,,chrome|excel|notepad,0
ses_20260701-030836-yuvraj,L,在庫調整,STK-083800-002,reg,2026-07-01T03:20:56.956392+00:00,,False,,chrome|excel|notepad,0
ses_20260701-030836-yuvraj,L,在庫調整,STK-083800-003,reg,2026-07-01T03:21:20.531190+00:00,2026-07-01T03:21:57.171138+00:00,False,,chrome|excel|notepad,0
ses_20260701-030836-yuvraj,L,在庫調整,STK-083800-004,adj,2026-07-01T03:23:34.234585+00:00,2026-07-01T03:23:58.812651+00:00,False,,chrome|excel|notepad,0
ses_20260701-030836-yuvraj,N,出荷追跡,SHP-083800-001,,2026-07-01T03:09:31.158144+00:00,2026-07-01T03:10:02.768371+00:00,False,,chrome|notepad|teams,0
ses_20260701-030836-yuvraj,N,出荷追跡,SHP-083800-002,,2026-07-01T03:11:03.743678+00:00,2026-07-01T03:11:34.976003+00:00,False,,chrome|notepad|teams,0
ses_20260701-030836-yuvraj,N,出荷追跡,SHP-083800-003,,2026-07-01T03:12:10.930161+00:00,2026-07-01T03:13:24.258613+00:00,False,,chrome|notepad|teams,0
ses_20260701-032825-CHAITANYA0BCF,A,住民税通知確認,RT-085736-001,std,2026-07-01T03:41:00.537504+00:00,2026-07-01T03:41:28.046517+00:00,False,,chrome|excel|notepad,0
ses_20260701-032825-CHAITANYA0BCF,A,住民税通知確認,RT-085736-002,std,2026-07-01T03:46:14.493900+00:00,2026-07-01T03:46:40.896227+00:00,False,,chrome|excel|notepad,0
ses_20260701-032825-CHAITANYA0BCF,A,住民税通知確認,RT-085736-003,std,2026-07-01T03:48:56.338631+00:00,2026-07-01T03:49:26.746912+00:00,False,,chrome|excel|notepad,0
ses_20260701-032825-CHAITANYA0BCF,B,給与備考・控除整備,PI-085736-001,reg,2026-07-01T03:30:38.949756+00:00,2026-07-01T03:31:44.799913+00:00,False,,chrome|excel|notepad,0
ses_20260701-032825-CHAITANYA0BCF,B,給与備考・控除整備,PI-085736-002,reg,2026-07-01T03:32:11.229878+00:00,2026-07-01T03:32:35.117453+00:00,False,,chrome|excel|notepad,0
ses_20260701-032825-CHAITANYA0BCF,B,給与備考・控除整備,PI-085736-003,reg,2026-07-01T03:41:28.047527+00:00,,True,M1-B-split-1,chrome|excel|notepad,0
ses_20260701-032825-CHAITANYA0BCF,B,給与備考・控除整備,PI-085736-004,adj,2026-07-01T03:42:51.387917+00:00,2026-07-01T03:44:04.739748+00:00,True,M1-B-split-1,chrome|excel|notepad,0
ses_20260701-032825-CHAITANYA0BCF,C,育児・産休申請確認,LA-085736-001,,2026-07-01T03:29:19.940364+00:00,2026-07-01T03:29:59.488821+00:00,False,,chrome|notepad|onenote,0
ses_20260701-032825-CHAITANYA0BCF,C,育児・産休申請確認,LA-085736-002,,2026-07-01T03:36:44.560512+00:00,2026-07-01T03:37:50.112127+00:00,False,,chrome|notepad|onenote,0
ses_20260701-032825-CHAITANYA0BCF,C,育児・産休申請確認,LA-085736-003,,2026-07-01T03:46:40.897324+00:00,2026-07-01T03:47:15.676713+00:00,False,,chrome|notepad|onenote,0
ses_20260701-032825-CHAITANYA0BCF,C,育児・産休申請確認,LA-085736-004,,2026-07-01T03:50:26.592187+00:00,2026-07-01T03:51:03.937753+00:00,False,,chrome|notepad|onenote,0
ses_20260701-032825-CHAITANYA0BCF,D,社保・年金補正対応,SI-085736-001,,2026-07-01T03:34:41.501229+00:00,2026-07-01T03:35:15.787623+00:00,False,,chrome|notepad|teams,0
ses_20260701-032825-CHAITANYA0BCF,D,社保・年金補正対応,SI-085736-002,,2026-07-01T03:47:15.677742+00:00,,False,,chrome|notepad|teams,0
ses_20260701-032825-CHAITANYA0BCF,D,社保・年金補正対応,SI-085736-003,,2026-07-01T03:47:50.432721+00:00,2026-07-01T03:48:26.476161+00:00,False,,chrome|notepad|teams,0
ses_20260701-032825-CHAITANYA0BCF,E,入社照合・手当確認,OB-085736-001,,2026-07-01T03:40:30.095698+00:00,2026-07-01T03:41:00.537504+00:00,False,,chrome|excel|notepad,0
ses_20260701-032825-CHAITANYA0BCF,E,入社照合・手当確認,OB-085736-002,,2026-07-01T03:49:55.825812+00:00,2026-07-01T03:50:26.590587+00:00,False,,chrome|excel|notepad,0
ses_20260701-032825-CHAITANYA0BCF,E,入社照合・手当確認,OB-085736-003,,2026-07-01T03:51:03.938821+00:00,2026-07-01T03:51:29.885371+00:00,False,,chrome|excel|notepad,0
ses_20260701-032825-CHAITANYA0BCF,H,銀行勘定照合,BR-085736-001,,2026-07-01T03:31:44.801030+00:00,2026-07-01T03:32:11.227738+00:00,False,,chrome|excel|notepad,0
ses_20260701-032825-CHAITANYA0BCF,H,銀行勘定照合,BR-085736-002,,2026-07-01T03:35:15.789254+00:00,2026-07-01T03:35:42.020419+00:00,False,,chrome|excel|notepad,0
ses_20260701-032825-CHAITANYA0BCF,H,銀行勘定照合,BR-085736-003,,2026-07-01T03:44:04.741349+00:00,,False,,chrome|excel|notepad,0
ses_20260701-032825-CHAITANYA0BCF,H,銀行勘定照合,BR-085736-004,,2026-07-01T03:44:33.992607+00:00,2026-07-01T03:45:00.752540+00:00,False,,chrome|excel|notepad,0
ses_20260701-032825-CHAITANYA0BCF,I,予算差異分析,BV-085736-001,,2026-07-01T03:33:31.199862+00:00,2026-07-01T03:34:41.499504+00:00,False,,chrome|notepad|teams,0
ses_20260701-032825-CHAITANYA0BCF,I,予算差異分析,BV-085736-002,,2026-07-01T03:35:42.023473+00:00,2026-07-01T03:36:44.558913+00:00,False,,chrome|notepad|teams,0
ses_20260701-032825-CHAITANYA0BCF,I,予算差異分析,BV-085736-003,,2026-07-01T03:37:50.112127+00:00,2026-07-01T03:40:30.091062+00:00,False,,chrome|notepad|teams,0
ses_20260701-032825-CHAITANYA0BCF,J,支払処理,PM-085736-001,,2026-07-01T03:48:26.476693+00:00,2026-07-01T03:48:56.337067+00:00,False,,chrome|excel|notepad|outlook,0
ses_20260701-032825-CHAITANYA0BCF,J,支払処理,PM-085736-002,,2026-07-01T03:49:26.746912+00:00,2026-07-01T03:49:55.825812+00:00,False,,chrome|excel|notepad|outlook,0
ses_20260701-032825-CHAITANYA0BCF,J,支払処理,PM-085736-003,,2026-07-01T03:51:29.885371+00:00,2026-07-01T03:52:19.090076+00:00,False,,chrome|excel|notepad|outlook,0
ses_20260701-032825-CHAITANYA0BCF,N,出荷追跡,SHP-085736-001,,2026-07-01T03:29:59.490416+00:00,2026-07-01T03:30:38.949756+00:00,False,,chrome|notepad|teams,0
ses_20260701-032825-CHAITANYA0BCF,N,出荷追跡,SHP-085736-002,,2026-07-01T03:45:00.752540+00:00,,False,,chrome|notepad|teams,0
ses_20260701-032825-CHAITANYA0BCF,N,出荷追跡,SHP-085736-003,,2026-07-01T03:45:42.589056+00:00,2026-07-01T03:46:14.493900+00:00,False,,chrome|notepad|teams,0
ses_20260701-035622-SIDDHIGUPTAB00B,B,給与備考・控除整備,PI-092612-001,reg,2026-07-01T03:57:45.068404+00:00,2026-07-01T03:58:13.684470+00:00,False,,chrome|excel|notepad,0
ses_20260701-035622-SIDDHIGUPTAB00B,B,給与備考・控除整備,PI-092612-002,reg,2026-07-01T03:58:34.355370+00:00,2026-07-01T03:58:57.665560+00:00,False,,chrome|excel|notepad,0
ses_20260701-035622-SIDDHIGUPTAB00B,B,給与備考・控除整備,PI-092612-003,reg,2026-07-01T04:06:45.981313+00:00,2026-07-01T04:07:27.462322+00:00,True,M1-B-split-1,chrome|excel|notepad,0
ses_20260701-035622-SIDDHIGUPTAB00B,D,社保・年金補正対応,SI-092612-001,,2026-07-01T04:05:54.900232+00:00,2026-07-01T04:06:45.974262+00:00,False,,chrome|notepad|teams,0
ses_20260701-035622-SIDDHIGUPTAB00B,D,社保・年金補正対応,SI-092612-002,,2026-07-01T04:20:04.925452+00:00,2026-07-01T04:20:49.058760+00:00,False,,chrome|notepad|teams,0
ses_20260701-035622-SIDDHIGUPTAB00B,D,社保・年金補正対応,SI-092612-003,,2026-07-01T04:23:13.561922+00:00,2026-07-01T04:24:16.203402+00:00,False,,chrome|notepad|teams,0
ses_20260701-035622-SIDDHIGUPTAB00B,E,入社照合・手当確認,OB-092612-001,,2026-07-01T04:03:00.784196+00:00,2026-07-01T04:03:32.192881+00:00,False,,chrome|excel|notepad,0
ses_20260701-035622-SIDDHIGUPTAB00B,E,入社照合・手当確認,OB-092612-002,,2026-07-01T04:13:43.446150+00:00,2026-07-01T04:14:12.258774+00:00,False,,chrome|excel|notepad,0
ses_20260701-035622-SIDDHIGUPTAB00B,E,入社照合・手当確認,OB-092612-003,,2026-07-01T04:17:21.181967+00:00,2026-07-01T04:17:56.376089+00:00,False,,chrome|excel|notepad,0
ses_20260701-035622-SIDDHIGUPTAB00B,F,請求書承認,INV-092612-001,std,2026-07-01T04:02:33.397063+00:00,2026-07-01T04:03:00.776884+00:00,False,,chrome|excel|notepad,0
ses_20260701-035622-SIDDHIGUPTAB00B,F,請求書承認,INV-092612-002,std,2026-07-01T04:03:32.194572+00:00,2026-07-01T04:03:53.924777+00:00,False,,chrome|excel|notepad,0
ses_20260701-035622-SIDDHIGUPTAB00B,F,請求書承認,INV-092612-003,std,2026-07-01T04:07:54.286133+00:00,,True,M1-F-split-1,chrome|excel|notepad,0
ses_20260701-035622-SIDDHIGUPTAB00B,F,請求書承認,INV-092612-004,exc,2026-07-01T04:08:19.150909+00:00,2026-07-01T04:08:48.676613+00:00,True,M1-F-split-1,chrome|excel|notepad,0
ses_20260701-035622-SIDDHIGUPTAB00B,G,経費精算承認,EXP-092612-001,reg,2026-07-01T04:00:22.971516+00:00,2026-07-01T04:00:47.066803+00:00,False,,chrome|excel|notepad,0
ses_20260701-035622-SIDDHIGUPTAB00B,G,経費精算承認,EXP-092612-002,reg,2026-07-01T04:08:48.681909+00:00,2026-07-01T04:09:11.695393+00:00,False,,chrome|excel|notepad,0
ses_20260701-035622-SIDDHIGUPTAB00B,G,経費精算承認,EXP-092612-003,reg,2026-07-01T04:10:13.889368+00:00,2026-07-01T04:10:32.270220+00:00,False,,chrome|excel|notepad,0
ses_20260701-035622-SIDDHIGUPTAB00B,G,経費精算承認,EXP-092612-004,adj,2026-07-01T04:16:19.003594+00:00,2026-07-01T04:16:47.614292+00:00,False,,chrome|excel|notepad,0
ses_20260701-035622-SIDDHIGUPTAB00B,H,銀行勘定照合,BR-092612-001,,2026-07-01T04:12:30.043192+00:00,2026-07-01T04:12:56.970737+00:00,False,,chrome|excel|notepad,0
ses_20260701-035622-SIDDHIGUPTAB00B,H,銀行勘定照合,BR-092612-002,,2026-07-01T04:16:47.616589+00:00,2026-07-01T04:17:21.176599+00:00,False,,chrome|excel|notepad,0
ses_20260701-035622-SIDDHIGUPTAB00B,H,銀行勘定照合,BR-092612-003,,2026-07-01T04:17:56.381501+00:00,2026-07-01T04:18:30.680929+00:00,False,,chrome|excel|notepad,0
ses_20260701-035622-SIDDHIGUPTAB00B,I,予算差異分析,BV-092612-001,,2026-07-01T04:01:27.768149+00:00,2026-07-01T04:02:33.390638+00:00,False,,chrome|notepad|teams,0
ses_20260701-035622-SIDDHIGUPTAB00B,I,予算差異分析,BV-092612-002,,2026-07-01T04:09:11.701579+00:00,2026-07-01T04:10:13.885032+00:00,False,,chrome|notepad|teams,0
ses_20260701-035622-SIDDHIGUPTAB00B,I,予算差異分析,BV-092612-003,,2026-07-01T04:22:07.191848+00:00,2026-07-01T04:23:13.557277+00:00,False,,chrome|notepad|teams,0
ses_20260701-035622-SIDDHIGUPTAB00B,K,受注処理,ORD-092612-001,std,2026-07-01T04:10:53.761756+00:00,2026-07-01T04:11:31.342177+00:00,False,,chrome|excel|notepad,0
ses_20260701-035622-SIDDHIGUPTAB00B,K,受注処理,ORD-092612-002,std,2026-07-01T04:12:57.005462+00:00,2026-07-01T04:13:43.428081+00:00,False,,chrome|excel|notepad,0
ses_20260701-035622-SIDDHIGUPTAB00B,K,受注処理,ORD-092612-003,std,2026-07-01T04:14:12.261332+00:00,2026-07-01T04:14:59.475213+00:00,False,,chrome|excel|notepad,0
ses_20260701-035622-SIDDHIGUPTAB00B,K,受注処理,ORD-092612-004,exc,2026-07-01T04:18:30.684718+00:00,2026-07-01T04:19:06.442525+00:00,False,,chrome|excel|notepad,0
ses_20260701-035622-SIDDHIGUPTAB00B,L,在庫調整,STK-092612-001,reg,2026-07-01T03:58:13.686616+00:00,2026-07-01T03:58:34.351866+00:00,False,,chrome|excel|notepad,0
ses_20260701-035622-SIDDHIGUPTAB00B,L,在庫調整,STK-092612-002,reg,2026-07-01T04:07:27.473472+00:00,2026-07-01T04:07:54.281046+00:00,False,,chrome|excel|notepad,0
ses_20260701-035622-SIDDHIGUPTAB00B,L,在庫調整,STK-092612-003,reg,2026-07-01T04:10:32.273119+00:00,2026-07-01T04:10:53.755382+00:00,False,,chrome|excel|notepad,0
ses_20260701-035622-SIDDHIGUPTAB00B,M,仕入先連絡,SUP-092612-001,,2026-07-01T04:00:47.074357+00:00,2026-07-01T04:01:27.765043+00:00,False,,chrome|notepad|onenote,0
ses_20260701-035622-SIDDHIGUPTAB00B,M,仕入先連絡,SUP-092612-002,,2026-07-01T04:19:06.447115+00:00,2026-07-01T04:20:04.893898+00:00,False,,chrome|notepad|onenote,0
ses_20260701-035622-SIDDHIGUPTAB00B,M,仕入先連絡,SUP-092612-003,,2026-07-01T04:20:49.064429+00:00,,False,,chrome|notepad|onenote,0
ses_20260701-035622-SIDDHIGUPTAB00B,M,仕入先連絡,SUP-092612-004,,2026-07-01T04:21:28.430435+00:00,2026-07-01T04:22:07.189026+00:00,False,,chrome|notepad|onenote,0
ses_20260701-035622-SIDDHIGUPTAB00B,N,出荷追跡,SHP-092612-001,,2026-07-01T04:11:31.846051+00:00,2026-07-01T04:12:30.036172+00:00,False,,chrome|notepad|teams,0
ses_20260701-035622-SIDDHIGUPTAB00B,N,出荷追跡,SHP-092612-002,,2026-07-01T04:14:59.481364+00:00,,False,,chrome|notepad|teams,0
ses_20260701-035622-SIDDHIGUPTAB00B,N,出荷追跡,SHP-092612-003,,2026-07-01T04:15:42.099576+00:00,2026-07-01T04:16:18.996506+00:00,False,,chrome|notepad|teams,0
ses_20260701-043922-SIDDHIGUPTAB00B,A,住民税通知確認,RT-100848-001,std,2026-07-01T04:42:07.601685+00:00,,False,,chrome|excel|notepad,0
ses_20260701-043922-SIDDHIGUPTAB00B,A,住民税通知確認,RT-100848-002,std,2026-07-01T04:42:36.486621+00:00,2026-07-01T04:43:00.582992+00:00,False,,chrome|excel|notepad,0
ses_20260701-043922-SIDDHIGUPTAB00B,A,住民税通知確認,RT-100848-003,std,2026-07-01T04:47:37.927875+00:00,2026-07-01T04:48:20.314846+00:00,True,M1-A-split-1,chrome|excel|notepad,0
ses_20260701-043922-SIDDHIGUPTAB00B,B,給与備考・控除整備,PI-100848-001,reg,2026-07-01T04:47:04.857366+00:00,2026-07-01T04:47:37.925252+00:00,False,,chrome|excel|notepad,0
ses_20260701-043922-SIDDHIGUPTAB00B,B,給与備考・控除整備,PI-100848-002,reg,2026-07-01T04:49:08.692800+00:00,2026-07-01T04:49:48.602904+00:00,False,,chrome|excel|notepad,0
ses_20260701-043922-SIDDHIGUPTAB00B,B,給与備考・控除整備,PI-100848-003,reg,2026-07-01T05:01:33.321340+00:00,2026-07-01T05:02:18.628519+00:00,False,,chrome|excel|notepad,0
ses_20260701-043922-SIDDHIGUPTAB00B,C,育児・産休申請確認,LA-100848-001,,2026-07-01T05:10:40.970131+00:00,2026-07-01T05:11:49.694372+00:00,False,,chrome|notepad|onenote,0
ses_20260701-043922-SIDDHIGUPTAB00B,C,育児・産休申請確認,LA-100848-002,,2026-07-01T05:14:59.176901+00:00,,False,,chrome|notepad|onenote,0
ses_20260701-043922-SIDDHIGUPTAB00B,C,育児・産休申請確認,LA-100848-003,,2026-07-01T05:15:58.592155+00:00,,False,,chrome|notepad|onenote,0
ses_20260701-043922-SIDDHIGUPTAB00B,C,育児・産休申請確認,LA-100848-004,,2026-07-01T05:16:36.834742+00:00,2026-07-01T05:17:18.209381+00:00,False,,chrome|notepad|onenote,0
ses_20260701-043922-SIDDHIGUPTAB00B,D,社保・年金補正対応,SI-100848-001,,2026-07-01T04:57:43.609071+00:00,2026-07-01T04:58:35.430576+00:00,False,,chrome|notepad|teams,0
ses_20260701-043922-SIDDHIGUPTAB00B,D,社保・年金補正対応,SI-100848-002,,2026-07-01T05:12:49.778361+00:00,,False,,chrome|notepad|teams,0
ses_20260701-043922-SIDDHIGUPTAB00B,D,社保・年金補正対応,SI-100848-003,,2026-07-01T05:14:00.723215+00:00,2026-07-01T05:14:59.175098+00:00,False,,chrome|notepad|teams,0
ses_20260701-043922-SIDDHIGUPTAB00B,F,請求書承認,INV-100848-001,std,2026-07-01T04:41:11.933060+00:00,2026-07-01T04:42:07.599624+00:00,False,,chrome|excel|notepad,0
ses_20260701-043922-SIDDHIGUPTAB00B,F,請求書承認,INV-100848-002,std,2026-07-01T04:49:48.604678+00:00,2026-07-01T04:50:38.255870+00:00,False,,chrome|excel|notepad,0
ses_20260701-043922-SIDDHIGUPTAB00B,F,請求書承認,INV-100848-003,std,2026-07-01T04:58:35.437957+00:00,2026-07-01T05:00:01.866161+00:00,True,M1-F-split-1,chrome|excel|notepad,0
ses_20260701-043922-SIDDHIGUPTAB00B,F,請求書承認,INV-100848-004,exc,2026-07-01T05:02:18.630410+00:00,2026-07-01T05:03:33.622451+00:00,True,M1-F-split-1,chrome|excel|notepad,0
ses_20260701-043922-SIDDHIGUPTAB00B,G,経費精算承認,EXP-100848-001,reg,2026-07-01T04:43:02.412155+00:00,2026-07-01T04:45:06.152695+00:00,False,,chrome|excel|notepad,0
ses_20260701-043922-SIDDHIGUPTAB00B,G,経費精算承認,EXP-100848-002,reg,2026-07-01T04:48:20.317367+00:00,2026-07-01T04:49:08.685884+00:00,False,,chrome|excel|notepad,0
ses_20260701-043922-SIDDHIGUPTAB00B,G,経費精算承認,EXP-100848-003,reg,2026-07-01T05:06:43.872568+00:00,2026-07-01T05:07:31.715793+00:00,False,,chrome|excel|notepad,0
ses_20260701-043922-SIDDHIGUPTAB00B,G,経費精算承認,EXP-100848-004,adj,2026-07-01T05:08:21.805226+00:00,2026-07-01T05:09:07.423664+00:00,False,,chrome|excel|notepad,0
ses_20260701-043922-SIDDHIGUPTAB00B,H,銀行勘定照合,BR-100848-001,,2026-07-01T04:52:45.338870+00:00,2026-07-01T04:53:38.284414+00:00,False,,chrome|excel|notepad,0
ses_20260701-043922-SIDDHIGUPTAB00B,H,銀行勘定照合,BR-100848-002,,2026-07-01T05:07:31.718704+00:00,2026-07-01T05:08:21.779956+00:00,False,,chrome|excel|notepad,0
ses_20260701-043922-SIDDHIGUPTAB00B,H,銀行勘定照合,BR-100848-003,,2026-07-01T05:09:07.430423+00:00,2026-07-01T05:09:56.967177+00:00,False,,chrome|excel|notepad,0
ses_20260701-043922-SIDDHIGUPTAB00B,I,予算差異分析,BV-100848-001,,2026-07-01T04:45:52.235376+00:00,2026-07-01T04:47:04.855421+00:00,False,,chrome|notepad|teams,0
ses_20260701-043922-SIDDHIGUPTAB00B,I,予算差異分析,BV-100848-002,,2026-07-01T04:51:13.093628+00:00,2026-07-01T04:52:45.336697+00:00,False,,chrome|notepad|teams,0
ses_20260701-043922-SIDDHIGUPTAB00B,I,予算差異分析,BV-100848-003,,2026-07-01T05:00:01.885100+00:00,2026-07-01T05:01:33.317673+00:00,False,,chrome|notepad|teams,0
ses_20260701-043922-SIDDHIGUPTAB00B,J,支払処理,PM-100848-001,,2026-07-01T04:45:06.155025+00:00,2026-07-01T04:45:52.233827+00:00,False,,chrome|excel|notepad|outlook,0
ses_20260701-043922-SIDDHIGUPTAB00B,J,支払処理,PM-100848-002,,2026-07-01T04:55:03.702124+00:00,2026-07-01T04:56:05.694701+00:00,False,,chrome|excel|notepad|outlook,0
ses_20260701-043922-SIDDHIGUPTAB00B,J,支払処理,PM-100848-003,,2026-07-01T05:09:56.975454+00:00,2026-07-01T05:10:40.966230+00:00,False,,chrome|excel|notepad|outlook,0
ses_20260701-043922-SIDDHIGUPTAB00B,K,受注処理,ORD-100848-001,std,2026-07-01T04:40:14.127234+00:00,2026-07-01T04:40:49.037451+00:00,False,,chrome|excel|notepad,0
ses_20260701-043922-SIDDHIGUPTAB00B,K,受注処理,ORD-100848-002,std,2026-07-01T04:53:38.289467+00:00,2026-07-01T04:54:20.997998+00:00,False,,chrome|excel|notepad,0
ses_20260701-043922-SIDDHIGUPTAB00B,K,受注処理,ORD-100848-003,std,2026-07-01T04:56:05.700430+00:00,2026-07-01T04:56:52.154752+00:00,False,,chrome|excel|notepad,0
ses_20260701-043922-SIDDHIGUPTAB00B,K,受注処理,ORD-100848-004,exc,2026-07-01T05:03:33.624195+00:00,2026-07-01T05:04:20.745476+00:00,False,,chrome|excel|notepad,0
ses_20260701-043922-SIDDHIGUPTAB00B,K,受注処理,ORD-100848-005,exc,2026-07-01T05:05:56.933196+00:00,2026-07-01T05:06:43.870949+00:00,False,,chrome|excel|notepad,0
ses_20260701-043922-SIDDHIGUPTAB00B,L,在庫調整,STK-100848-001,reg,2026-07-01T04:40:49.039261+00:00,2026-07-01T04:41:11.921964+00:00,False,,chrome|excel|notepad,0
ses_20260701-043922-SIDDHIGUPTAB00B,L,在庫調整,STK-100848-002,reg,2026-07-01T04:54:21.001304+00:00,2026-07-01T04:55:03.700797+00:00,False,,chrome|excel|notepad,0
ses_20260701-043922-SIDDHIGUPTAB00B,L,在庫調整,STK-100848-003,reg,2026-07-01T05:04:20.749014+00:00,2026-07-01T05:05:00.531234+00:00,False,,chrome|excel|notepad,0
ses_20260701-043922-SIDDHIGUPTAB00B,N,出荷追跡,SHP-100848-001,,2026-07-01T04:56:52.157114+00:00,2026-07-01T04:57:43.607254+00:00,False,,chrome|notepad|teams,0
ses_20260701-043922-SIDDHIGUPTAB00B,N,出荷追跡,SHP-100848-002,,2026-07-01T05:05:00.532863+00:00,2026-07-01T05:05:56.931519+00:00,False,,chrome|notepad|teams,0
ses_20260701-043922-SIDDHIGUPTAB00B,N,出荷追跡,SHP-100848-003,,2026-07-01T05:11:49.732802+00:00,2026-07-01T05:12:49.774769+00:00,False,,chrome|notepad|teams,0
ses_20260701-051820-CHAITANYA0BCF,B,給与備考・控除整備,PI-101000-001,reg,2026-07-01T05:31:04.650078+00:00,2026-07-01T05:31:27.329524+00:00,False,,chrome|excel|notepad,0
ses_20260701-051820-CHAITANYA0BCF,B,給与備考・控除整備,PI-101000-002,reg,2026-07-01T05:33:27.541701+00:00,2026-07-01T05:33:47.067677+00:00,False,,chrome|excel|notepad,0
ses_20260701-051820-CHAITANYA0BCF,C,育児・産休申請確認,LA-101000-001,,2026-07-01T05:20:15.945376+00:00,2026-07-01T05:20:58.084064+00:00,False,,chrome|notepad|onenote,0
ses_20260701-051820-CHAITANYA0BCF,C,育児・産休申請確認,LA-101000-002,,2026-07-01T05:25:12.531923+00:00,2026-07-01T05:25:48.919517+00:00,False,,chrome|notepad|onenote,0
ses_20260701-051820-CHAITANYA0BCF,C,育児・産休申請確認,LA-101000-003,,2026-07-01T05:26:30.732119+00:00,2026-07-01T05:27:12.483858+00:00,False,,chrome|notepad|onenote,0
ses_20260701-051820-CHAITANYA0BCF,C,育児・産休申請確認,LA-101000-004,,2026-07-01T05:29:46.063095+00:00,2026-07-01T05:30:27.326139+00:00,False,,chrome|notepad|onenote,0
ses_20260701-051820-CHAITANYA0BCF,D,社保・年金補正対応,SI-101000-001,,2026-07-01T05:22:28.084350+00:00,,False,,chrome|notepad|teams,0
ses_20260701-051820-CHAITANYA0BCF,D,社保・年金補正対応,SI-101000-002,,2026-07-01T05:23:32.736148+00:00,2026-07-01T05:24:09.354661+00:00,False,,chrome|notepad|teams,0
ses_20260701-051820-CHAITANYA0BCF,D,社保・年金補正対応,SI-101000-003,,2026-07-01T05:30:27.326139+00:00,2026-07-01T05:31:04.650078+00:00,False,,chrome|notepad|teams,0
ses_20260701-051820-CHAITANYA0BCF,E,入社照合・手当確認,OB-101000-001,,2026-07-01T05:21:58.534385+00:00,2026-07-01T05:22:28.081654+00:00,False,,chrome|excel|notepad,0
ses_20260701-051820-CHAITANYA0BCF,E,入社照合・手当確認,OB-101000-002,,2026-07-01T05:33:49.291910+00:00,,False,,chrome|excel|notepad,0
ses_20260701-051820-CHAITANYA0BCF,E,入社照合・手当確認,OB-101000-003,,2026-07-01T05:34:18.973342+00:00,2026-07-01T05:34:45.296110+00:00,False,,chrome|excel|notepad,0
ses_20260701-051820-CHAITANYA0BCF,I,予算差異分析,BV-101000-001,,2026-07-01T05:19:14.814928+00:00,2026-07-01T05:20:15.943732+00:00,False,,chrome|notepad|teams,0
ses_20260701-051820-CHAITANYA0BCF,I,予算差異分析,BV-101000-002,,2026-07-01T05:28:12.420006+00:00,2026-07-01T05:29:16.111558+00:00,False,,chrome|notepad|teams,0
ses_20260701-051820-CHAITANYA0BCF,I,予算差異分析,BV-101000-003,,2026-07-01T05:31:52.057212+00:00,2026-07-01T05:33:00.901265+00:00,False,,chrome|notepad|teams,0
ses_20260701-051820-CHAITANYA0BCF,J,支払処理,PM-101000-001,,2026-07-01T05:31:27.329524+00:00,2026-07-01T05:31:52.057212+00:00,False,,chrome|excel|notepad|outlook,0
ses_20260701-051820-CHAITANYA0BCF,J,支払処理,PM-101000-002,,2026-07-01T05:33:00.901265+00:00,2026-07-01T05:33:27.540677+00:00,False,,chrome|excel|notepad|outlook,0
ses_20260701-051820-CHAITANYA0BCF,J,支払処理,PM-101000-003,,2026-07-01T05:34:45.297668+00:00,2026-07-01T05:37:02.861941+00:00,False,,chrome|excel|notepad|outlook,0
ses_20260701-051820-CHAITANYA0BCF,L,在庫調整,STK-101000-001,reg,2026-07-01T05:21:35.180539+00:00,2026-07-01T05:21:58.532375+00:00,False,,chrome|excel|notepad,0
ses_20260701-051820-CHAITANYA0BCF,L,在庫調整,STK-101000-002,reg,2026-07-01T05:24:09.355881+00:00,2026-07-01T05:24:34.849786+00:00,False,,chrome|excel|notepad,0
ses_20260701-051820-CHAITANYA0BCF,L,在庫調整,STK-101000-003,reg,2026-07-01T05:27:12.485460+00:00,2026-07-01T05:27:36.599378+00:00,False,,chrome|excel|notepad,0
ses_20260701-051820-CHAITANYA0BCF,L,在庫調整,STK-101000-004,adj,2026-07-01T05:29:16.113135+00:00,2026-07-01T05:29:46.063095+00:00,False,,chrome|excel|notepad,0
ses_20260701-051820-CHAITANYA0BCF,M,仕入先連絡,SUP-101000-001,,2026-07-01T05:20:58.084064+00:00,2026-07-01T05:21:35.178522+00:00,False,,chrome|notepad|onenote,0
ses_20260701-051820-CHAITANYA0BCF,M,仕入先連絡,SUP-101000-002,,2026-07-01T05:24:34.851050+00:00,2026-07-01T05:25:12.531923+00:00,False,,chrome|notepad|onenote,0
ses_20260701-051820-CHAITANYA0BCF,M,仕入先連絡,SUP-101000-003,,2026-07-01T05:25:48.919517+00:00,2026-07-01T05:26:30.730356+00:00,False,,chrome|notepad|onenote,0
ses_20260701-051820-CHAITANYA0BCF,M,仕入先連絡,SUP-101000-004,,2026-07-01T05:27:36.601650+00:00,2026-07-01T05:28:12.418395+00:00,False,,chrome|notepad|onenote,0
ses_20260701-051850-LAPTOP-R36BQBTE,A,住民税通知確認,RT-104902-001,std,2026-07-01T05:26:58.907149+00:00,2026-07-01T05:27:21.050944+00:00,False,,chrome|excel|notepad,0
ses_20260701-051850-LAPTOP-R36BQBTE,A,住民税通知確認,RT-104902-002,std,2026-07-01T05:32:13.295115+00:00,2026-07-01T05:32:36.656025+00:00,False,,chrome|excel|notepad,0
ses_20260701-051850-LAPTOP-R36BQBTE,A,住民税通知確認,RT-104902-003,std,2026-07-01T05:37:14.114662+00:00,2026-07-01T05:37:43.081658+00:00,True,M1-A-split-1,chrome|excel|notepad,0
ses_20260701-051850-LAPTOP-R36BQBTE,A,住民税通知確認,RT-104902-004,exc,2026-07-01T05:39:07.354378+00:00,,True,M1-A-split-1,chrome|excel|notepad,0
ses_20260701-051850-LAPTOP-R36BQBTE,A,住民税通知確認,RT-104902-005,exc,2026-07-01T05:39:33.330029+00:00,2026-07-01T05:39:57.363265+00:00,True,M1-A-split-1,chrome|excel|notepad,0
ses_20260701-051850-LAPTOP-R36BQBTE,C,育児・産休申請確認,LA-104902-001,,2026-07-01T05:20:06.067508+00:00,2026-07-01T05:20:44.702652+00:00,False,,chrome|notepad|onenote,0
ses_20260701-051850-LAPTOP-R36BQBTE,C,育児・産休申請確認,LA-104902-002,,2026-07-01T05:24:23.139115+00:00,2026-07-01T05:24:58.240270+00:00,False,,chrome|notepad|onenote,0
ses_20260701-051850-LAPTOP-R36BQBTE,C,育児・産休申請確認,LA-104902-003,,2026-07-01T05:26:01.428649+00:00,2026-07-01T05:26:58.906144+00:00,False,,chrome|notepad|onenote,0
ses_20260701-051850-LAPTOP-R36BQBTE,C,育児・産休申請確認,LA-104902-004,,2026-07-01T05:39:57.366822+00:00,2026-07-01T05:40:44.680413+00:00,False,,chrome|notepad|onenote,0
ses_20260701-051850-LAPTOP-R36BQBTE,D,社保・年金補正対応,SI-104902-001,,2026-07-01T05:27:21.053039+00:00,2026-07-01T05:28:00.673040+00:00,False,,chrome|notepad|teams,0
ses_20260701-051850-LAPTOP-R36BQBTE,D,社保・年金補正対応,SI-104902-002,,2026-07-01T05:33:33.479971+00:00,2026-07-01T05:34:04.668622+00:00,False,,chrome|notepad|teams,0
ses_20260701-051850-LAPTOP-R36BQBTE,D,社保・年金補正対応,SI-104902-003,,2026-07-01T05:34:33.371561+00:00,2026-07-01T05:35:07.176195+00:00,False,,chrome|notepad|teams,0
ses_20260701-051850-LAPTOP-R36BQBTE,G,経費精算承認,EXP-104902-001,reg,2026-07-01T05:30:11.077186+00:00,2026-07-01T05:30:29.215756+00:00,False,,chrome|excel|notepad,0
ses_20260701-051850-LAPTOP-R36BQBTE,G,経費精算承認,EXP-104902-002,reg,2026-07-01T05:30:58.442580+00:00,,False,,chrome|excel|notepad,0
ses_20260701-051850-LAPTOP-R36BQBTE,G,経費精算承認,EXP-104902-003,reg,2026-07-01T05:31:22.364447+00:00,2026-07-01T05:31:44.682767+00:00,False,,chrome|excel|notepad,0
ses_20260701-051850-LAPTOP-R36BQBTE,G,経費精算承認,EXP-104902-004,adj,2026-07-01T05:33:03.341039+00:00,2026-07-01T05:33:33.476773+00:00,False,,chrome|excel|notepad,0
ses_20260701-051850-LAPTOP-R36BQBTE,H,銀行勘定照合,BR-104902-001,,2026-07-01T05:23:28.117877+00:00,2026-07-01T05:23:54.703745+00:00,False,,chrome|excel|notepad,0
ses_20260701-051850-LAPTOP-R36BQBTE,H,銀行勘定照合,BR-104902-002,,2026-07-01T05:24:58.241795+00:00,2026-07-01T05:25:27.972082+00:00,False,,chrome|excel|notepad,0
ses_20260701-051850-LAPTOP-R36BQBTE,H,銀行勘定照合,BR-104902-003,,2026-07-01T05:28:26.095369+00:00,2026-07-01T05:28:51.387759+00:00,False,,chrome|excel|notepad,0
ses_20260701-051850-LAPTOP-R36BQBTE,H,銀行勘定照合,BR-104902-004,,2026-07-01T05:31:44.685995+00:00,2026-07-01T05:32:13.290831+00:00,False,,chrome|excel|notepad,0
ses_20260701-051850-LAPTOP-R36BQBTE,I,予算差異分析,BV-104902-001,,2026-07-01T05:20:44.705783+00:00,2026-07-01T05:21:53.008921+00:00,False,,chrome|notepad|teams,0
ses_20260701-051850-LAPTOP-R36BQBTE,I,予算差異分析,BV-104902-002,,2026-07-01T05:22:27.142506+00:00,2026-07-01T05:23:28.113800+00:00,False,,chrome|notepad|teams,0
ses_20260701-051850-LAPTOP-R36BQBTE,I,予算差異分析,BV-104902-003,,2026-07-01T05:29:15.888229+00:00,2026-07-01T05:30:11.074540+00:00,False,,chrome|notepad|teams,0
ses_20260701-051850-LAPTOP-R36BQBTE,K,受注処理,ORD-104902-001,std,2026-07-01T05:23:54.706795+00:00,2026-07-01T05:24:23.137439+00:00,False,,chrome|excel|notepad,0
ses_20260701-051850-LAPTOP-R36BQBTE,K,受注処理,ORD-104902-002,std,2026-07-01T05:28:00.676161+00:00,2026-07-01T05:28:26.092321+00:00,False,,chrome|excel|notepad,0
ses_20260701-051850-LAPTOP-R36BQBTE,K,受注処理,ORD-104902-003,std,2026-07-01T05:30:29.219518+00:00,2026-07-01T05:30:58.438453+00:00,False,,chrome|excel|notepad,0
ses_20260701-051850-LAPTOP-R36BQBTE,K,受注処理,ORD-104902-004,exc,2026-07-01T05:32:38.547957+00:00,2026-07-01T05:33:03.336399+00:00,False,,chrome|excel|notepad,0
ses_20260701-051850-LAPTOP-R36BQBTE,K,受注処理,ORD-104902-005,exc,2026-07-01T05:34:04.673000+00:00,2026-07-01T05:34:33.367048+00:00,False,,chrome|excel|notepad,0
ses_20260701-051850-LAPTOP-R36BQBTE,L,在庫調整,STK-104902-001,reg,2026-07-01T05:28:51.390335+00:00,2026-07-01T05:29:15.885331+00:00,False,,chrome|excel|notepad,0
ses_20260701-051850-LAPTOP-R36BQBTE,L,在庫調整,STK-104902-002,reg,2026-07-01T05:37:43.084859+00:00,,False,,chrome|excel|notepad,0
ses_20260701-051850-LAPTOP-R36BQBTE,L,在庫調整,STK-104902-003,reg,2026-07-01T05:38:15.662041+00:00,,False,,chrome|excel|notepad,0
ses_20260701-051850-LAPTOP-R36BQBTE,L,在庫調整,STK-104902-004,adj,2026-07-01T05:38:39.869856+00:00,2026-07-01T05:39:07.321620+00:00,False,,chrome|excel|notepad,0
ses_20260701-051850-LAPTOP-R36BQBTE,N,出荷追跡,SHP-104902-001,,2026-07-01T05:21:53.012059+00:00,2026-07-01T05:22:27.136887+00:00,False,,chrome|notepad|teams,0
ses_20260701-051850-LAPTOP-R36BQBTE,N,出荷追跡,SHP-104902-002,,2026-07-01T05:25:27.975160+00:00,2026-07-01T05:26:01.425566+00:00,False,,chrome|notepad|teams,0
ses_20260701-051850-LAPTOP-R36BQBTE,N,出荷追跡,SHP-104902-003,,2026-07-01T05:35:07.179286+00:00,2026-07-01T05:37:14.110575+00:00,False,,chrome|notepad|teams,0
ses_20260701-053005-MSI,A,住民税通知確認,RT-110019-001,std,2026-07-01T05:32:32.271786+00:00,2026-07-01T05:32:56.975964+00:00,False,,chrome|excel|notepad,0
ses_20260701-053005-MSI,A,住民税通知確認,RT-110019-002,std,2026-07-01T05:36:12.014418+00:00,2026-07-01T05:36:40.545202+00:00,False,,chrome|excel|notepad,0
ses_20260701-053005-MSI,A,住民税通知確認,RT-110019-003,std,2026-07-01T05:37:09.184782+00:00,2026-07-01T05:37:36.898021+00:00,False,,chrome|excel|notepad,0
ses_20260701-053005-MSI,A,住民税通知確認,RT-110019-004,exc,2026-07-01T05:38:36.881748+00:00,2026-07-01T05:39:07.763974+00:00,False,,chrome|excel|notepad,0
ses_20260701-053005-MSI,B,給与備考・控除整備,PI-110019-001,reg,2026-07-01T05:34:47.668429+00:00,,False,,chrome|excel|notepad,0
ses_20260701-053005-MSI,B,給与備考・控除整備,PI-110019-002,reg,2026-07-01T05:35:09.246257+00:00,2026-07-01T05:35:29.845808+00:00,False,,chrome|excel|notepad,0
ses_20260701-053005-MSI,B,給与備考・控除整備,PI-110019-003,reg,2026-07-01T05:40:13.341568+00:00,2026-07-01T05:40:42.713398+00:00,True,M1-B-split-1,chrome|excel|notepad,0
ses_20260701-053005-MSI,B,給与備考・控除整備,PI-110019-004,adj,2026-07-01T05:41:22.975309+00:00,2026-07-01T05:41:47.396525+00:00,True,M1-B-split-1,chrome|excel|notepad,0
ses_20260701-053005-MSI,C,育児・産休申請確認,LA-110019-001,,2026-07-01T05:31:51.703612+00:00,2026-07-01T05:32:32.271006+00:00,False,,chrome|notepad|onenote,0
ses_20260701-053005-MSI,C,育児・産休申請確認,LA-110019-002,,2026-07-01T05:39:36.333348+00:00,2026-07-01T05:40:13.340684+00:00,False,,chrome|notepad|onenote,0
ses_20260701-053005-MSI,C,育児・産休申請確認,LA-110019-003,,2026-07-01T05:47:41.634832+00:00,2026-07-01T05:48:19.903814+00:00,False,,chrome|notepad|onenote,0
ses_20260701-053005-MSI,C,育児・産休申請確認,LA-110019-004,,2026-07-01T05:48:46.150503+00:00,2026-07-01T05:49:23.659734+00:00,False,,chrome|notepad|onenote,0
ses_20260701-053005-MSI,D,社保・年金補正対応,SI-110019-001,,2026-07-01T05:32:56.976547+00:00,2026-07-01T05:34:47.665893+00:00,False,,chrome|notepad|teams,0
ses_20260701-053005-MSI,D,社保・年金補正対応,SI-110019-002,,2026-07-01T05:37:36.898831+00:00,2026-07-01T05:38:13.749617+00:00,False,,chrome|notepad|teams,0
ses_20260701-053005-MSI,D,社保・年金補正対応,SI-110019-003,,2026-07-01T05:40:42.714386+00:00,2026-07-01T05:41:22.974510+00:00,False,,chrome|notepad|teams,0
ses_20260701-053005-MSI,E,入社照合・手当確認,OB-110019-001,,2026-07-01T05:36:40.545920+00:00,2026-07-01T05:37:09.183878+00:00,False,,chrome|excel|notepad,0
ses_20260701-053005-MSI,E,入社照合・手当確認,OB-110019-002,,2026-07-01T05:39:07.764579+00:00,2026-07-01T05:39:36.332542+00:00,False,,chrome|excel|notepad,0
ses_20260701-053005-MSI,E,入社照合・手当確認,OB-110019-003,,2026-07-01T05:48:19.904347+00:00,2026-07-01T05:48:46.149870+00:00,False,,chrome|excel|notepad,0
ses_20260701-053005-MSI,F,請求書承認,INV-110019-001,std,2026-07-01T05:31:23.671540+00:00,2026-07-01T05:31:51.702758+00:00,False,,chrome|excel|notepad,0
ses_20260701-053005-MSI,F,請求書承認,INV-110019-002,std,2026-07-01T05:38:13.750350+00:00,2026-07-01T05:38:35.404533+00:00,False,,chrome|excel|notepad,0
ses_20260701-053005-MSI,F,請求書承認,INV-110019-003,std,2026-07-01T05:45:17.878658+00:00,,True,M1-F-split-1,chrome|excel|notepad,0
ses_20260701-053005-MSI,F,請求書承認,INV-110019-004,exc,2026-07-01T05:45:45.188940+00:00,,True,M1-F-split-1,chrome|excel|notepad,0
ses_20260701-053005-MSI,F,請求書承認,INV-110019-005,exc,2026-07-01T05:46:10.902595+00:00,2026-07-01T05:46:36.555325+00:00,True,M1-F-split-1,chrome|excel|notepad,0
ses_20260701-053005-MSI,M,仕入先連絡,SUP-110019-001,,2026-07-01T05:41:47.397114+00:00,2026-07-01T05:42:27.891802+00:00,False,,chrome|notepad|onenote,0
ses_20260701-053005-MSI,M,仕入先連絡,SUP-110019-002,,2026-07-01T05:43:43.663390+00:00,,False,,chrome|notepad|onenote,0
ses_20260701-053005-MSI,M,仕入先連絡,SUP-110019-003,,2026-07-01T05:44:16.750608+00:00,2026-07-01T05:44:52.105691+00:00,False,,chrome|notepad|onenote,0
ses_20260701-053005-MSI,M,仕入先連絡,SUP-110019-004,,2026-07-01T05:46:36.556621+00:00,2026-07-01T05:47:41.633801+00:00,False,,chrome|notepad|onenote,0
ses_20260701-053005-MSI,N,出荷追跡,SHP-110019-001,,2026-07-01T05:35:31.328208+00:00,2026-07-01T05:36:12.013590+00:00,False,,chrome|notepad|teams,0
ses_20260701-053005-MSI,N,出荷追跡,SHP-110019-002,,2026-07-01T05:42:27.892797+00:00,,False,,chrome|notepad|teams,0
ses_20260701-053005-MSI,N,出荷追跡,SHP-110019-003,,2026-07-01T05:43:03.782824+00:00,2026-07-01T05:43:43.662599+00:00,False,,chrome|notepad|teams,0
ses_20260701-053005-MSI,O,返品処理,RET-110019-001,,2026-07-01T05:44:52.106682+00:00,2026-07-01T05:45:17.877798+00:00,False,,chrome|excel|notepad,0
ses_20260701-053005-MSI,O,返品処理,RET-110019-002,,2026-07-01T05:49:23.660507+00:00,,False,,chrome|excel|notepad,0
ses_20260701-053005-MSI,O,返品処理,RET-110019-003,,2026-07-01T05:49:48.522076+00:00,2026-07-01T05:50:24.115538+00:00,False,,chrome|excel|notepad,0
ses_20260701-053720-SIDDHIGUPTAB00B,C,育児・産休申請確認,LA-110635-001,,2026-07-01T05:47:24.897362+00:00,2026-07-01T05:48:08.858404+00:00,False,,chrome|notepad|onenote,0
ses_20260701-053720-SIDDHIGUPTAB00B,C,育児・産休申請確認,LA-110635-002,,2026-07-01T05:55:37.231612+00:00,2026-07-01T05:56:16.541309+00:00,False,,chrome|notepad|onenote,0
ses_20260701-053720-SIDDHIGUPTAB00B,C,育児・産休申請確認,LA-110635-003,,2026-07-01T05:56:54.055561+00:00,2026-07-01T05:57:47.086876+00:00,False,,chrome|notepad|onenote,0
ses_20260701-053720-SIDDHIGUPTAB00B,C,育児・産休申請確認,LA-110635-004,,2026-07-01T05:59:00.229519+00:00,2026-07-01T06:01:24.383867+00:00,False,,chrome|notepad|onenote,0
ses_20260701-053720-SIDDHIGUPTAB00B,D,社保・年金補正対応,SI-110635-001,,2026-07-01T05:41:47.008457+00:00,2026-07-01T05:42:27.854931+00:00,False,,chrome|notepad|teams,0
ses_20260701-053720-SIDDHIGUPTAB00B,D,社保・年金補正対応,SI-110635-002,,2026-07-01T05:51:59.326798+00:00,,False,,chrome|notepad|teams,0
ses_20260701-053720-SIDDHIGUPTAB00B,D,社保・年金補正対応,SI-110635-003,,2026-07-01T05:52:37.126069+00:00,2026-07-01T05:53:11.629235+00:00,False,,chrome|notepad|teams,0
ses_20260701-053720-SIDDHIGUPTAB00B,E,入社照合・手当確認,OB-110635-001,,2026-07-01T06:01:24.385633+00:00,,False,,chrome|excel|notepad,0
ses_20260701-053720-SIDDHIGUPTAB00B,E,入社照合・手当確認,OB-110635-002,,2026-07-01T06:01:51.943671+00:00,,False,,chrome|excel|notepad,0
ses_20260701-053720-SIDDHIGUPTAB00B,E,入社照合・手当確認,OB-110635-003,,2026-07-01T06:02:18.938553+00:00,2026-07-01T06:02:55.359680+00:00,False,,chrome|excel|notepad,0
ses_20260701-053720-SIDDHIGUPTAB00B,F,請求書承認,INV-110635-001,std,2026-07-01T05:38:06.400896+00:00,2026-07-01T05:39:08.222368+00:00,False,,chrome|excel|notepad,0
ses_20260701-053720-SIDDHIGUPTAB00B,F,請求書承認,INV-110635-002,std,2026-07-01T05:39:49.475391+00:00,2026-07-01T05:40:12.462431+00:00,False,,chrome|excel|notepad,0
ses_20260701-053720-SIDDHIGUPTAB00B,F,請求書承認,INV-110635-003,std,2026-07-01T05:43:18.148399+00:00,,True,M1-F-split-1,chrome|excel|notepad,0
ses_20260701-053720-SIDDHIGUPTAB00B,F,請求書承認,INV-110635-004,exc,2026-07-01T05:44:16.906515+00:00,2026-07-01T05:45:20.155490+00:00,True,M1-F-split-1,chrome|excel|notepad,0
ses_20260701-053720-SIDDHIGUPTAB00B,G,経費精算承認,EXP-110635-001,reg,2026-07-01T05:48:08.860124+00:00,2026-07-01T05:48:45.945040+00:00,False,,chrome|excel|notepad,0
ses_20260701-053720-SIDDHIGUPTAB00B,G,経費精算承認,EXP-110635-002,reg,2026-07-01T05:50:51.300703+00:00,2026-07-01T05:51:20.533707+00:00,False,,chrome|excel|notepad,0
ses_20260701-053720-SIDDHIGUPTAB00B,G,経費精算承認,EXP-110635-003,reg,2026-07-01T05:54:46.991167+00:00,2026-07-01T05:55:13.388762+00:00,False,,chrome|excel|notepad,0
ses_20260701-053720-SIDDHIGUPTAB00B,G,経費精算承認,EXP-110635-004,adj,2026-07-01T05:57:47.091110+00:00,2026-07-01T05:58:17.654528+00:00,False,,chrome|excel|notepad,0
ses_20260701-053720-SIDDHIGUPTAB00B,H,銀行勘定照合,BR-110635-001,,2026-07-01T05:46:34.414288+00:00,2026-07-01T05:46:57.015244+00:00,False,,chrome|excel|notepad,0
ses_20260701-053720-SIDDHIGUPTAB00B,H,銀行勘定照合,BR-110635-002,,2026-07-01T05:48:45.947384+00:00,2026-07-01T05:49:13.192230+00:00,False,,chrome|excel|notepad,0
ses_20260701-053720-SIDDHIGUPTAB00B,H,銀行勘定照合,BR-110635-003,,2026-07-01T05:51:20.537077+00:00,2026-07-01T05:51:59.315566+00:00,False,,chrome|excel|notepad,0
ses_20260701-053720-SIDDHIGUPTAB00B,H,銀行勘定照合,BR-110635-004,,2026-07-01T05:53:44.658419+00:00,2026-07-01T05:54:13.167724+00:00,False,,chrome|excel|notepad,0
ses_20260701-053720-SIDDHIGUPTAB00B,I,予算差異分析,BV-110635-001,,2026-07-01T05:40:41.658365+00:00,2026-07-01T05:41:47.004921+00:00,False,,chrome|notepad|teams,0
ses_20260701-053720-SIDDHIGUPTAB00B,I,予算差異分析,BV-110635-002,,2026-07-01T05:45:20.157771+00:00,2026-07-01T05:46:34.409662+00:00,False,,chrome|notepad|teams,0
ses_20260701-053720-SIDDHIGUPTAB00B,I,予算差異分析,BV-110635-003,,2026-07-01T05:49:13.202745+00:00,2026-07-01T05:50:11.946729+00:00,False,,chrome|notepad|teams,0
ses_20260701-053720-SIDDHIGUPTAB00B,J,支払処理,PM-110635-001,,2026-07-01T05:42:27.856629+00:00,2026-07-01T05:42:54.135124+00:00,False,,chrome|excel|notepad|outlook,0
ses_20260701-053720-SIDDHIGUPTAB00B,J,支払処理,PM-110635-002,,2026-07-01T05:55:13.392589+00:00,2026-07-01T05:55:37.229441+00:00,False,,chrome|excel|notepad|outlook,0
ses_20260701-053720-SIDDHIGUPTAB00B,J,支払処理,PM-110635-003,,2026-07-01T05:58:17.657706+00:00,2026-07-01T05:59:00.225891+00:00,False,,chrome|excel|notepad|outlook,0
ses_20260701-053720-SIDDHIGUPTAB00B,L,在庫調整,STK-110635-001,reg,2026-07-01T05:39:08.229382+00:00,2026-07-01T05:39:49.462851+00:00,False,,chrome|excel|notepad,0
ses_20260701-053720-SIDDHIGUPTAB00B,L,在庫調整,STK-110635-002,reg,2026-07-01T05:42:54.136974+00:00,2026-07-01T05:43:16.623903+00:00,False,,chrome|excel|notepad,0
ses_20260701-053720-SIDDHIGUPTAB00B,L,在庫調整,STK-110635-003,reg,2026-07-01T05:46:57.022318+00:00,2026-07-01T05:47:24.889669+00:00,True,M1-L-split-1,chrome|excel|notepad,0
ses_20260701-053720-SIDDHIGUPTAB00B,L,在庫調整,STK-110635-004,adj,2026-07-01T05:53:11.634834+00:00,2026-07-01T05:53:44.654337+00:00,True,M1-L-split-1,chrome|excel|notepad,0
ses_20260701-053720-SIDDHIGUPTAB00B,N,出荷追跡,SHP-110635-001,,2026-07-01T05:50:11.949689+00:00,2026-07-01T05:50:51.297676+00:00,False,,chrome|notepad|teams,0
ses_20260701-053720-SIDDHIGUPTAB00B,N,出荷追跡,SHP-110635-002,,2026-07-01T05:54:13.170157+00:00,2026-07-01T05:54:46.986841+00:00,False,,chrome|notepad|teams,0
ses_20260701-053720-SIDDHIGUPTAB00B,N,出荷追跡,SHP-110635-003,,2026-07-01T05:56:16.549360+00:00,2026-07-01T05:56:54.054203+00:00,False,,chrome|notepad|teams,0
ses_20260701-054901-LAPTOP-R36BQBTE,A,住民税通知確認,RT-111912-001,std,2026-07-01T05:50:54.631642+00:00,2026-07-01T05:51:21.157987+00:00,False,,chrome|excel|notepad,0
ses_20260701-054901-LAPTOP-R36BQBTE,A,住民税通知確認,RT-111912-002,std,2026-07-01T05:53:13.737213+00:00,2026-07-01T05:53:41.907501+00:00,False,,chrome|excel|notepad,0
ses_20260701-054901-LAPTOP-R36BQBTE,A,住民税通知確認,RT-111912-003,std,2026-07-01T05:56:10.756460+00:00,2026-07-01T05:56:42.337535+00:00,False,,chrome|excel|notepad,0
ses_20260701-054901-LAPTOP-R36BQBTE,A,住民税通知確認,RT-111912-004,exc,2026-07-01T05:59:25.693423+00:00,2026-07-01T05:59:53.084761+00:00,False,,chrome|excel|notepad,0
ses_20260701-054901-LAPTOP-R36BQBTE,F,請求書承認,INV-111912-001,std,2026-07-01T05:50:24.894940+00:00,2026-07-01T05:50:54.629968+00:00,False,,chrome|excel|notepad,0
ses_20260701-054901-LAPTOP-R36BQBTE,F,請求書承認,INV-111912-002,std,2026-07-01T05:51:21.159592+00:00,2026-07-01T05:51:45.472403+00:00,False,,chrome|excel|notepad,0
ses_20260701-054901-LAPTOP-R36BQBTE,F,請求書承認,INV-111912-003,std,2026-07-01T05:57:24.940204+00:00,2026-07-01T05:57:51.775775+00:00,False,,chrome|excel|notepad,0
ses_20260701-054901-LAPTOP-R36BQBTE,G,経費精算承認,EXP-111912-001,reg,2026-07-01T05:56:42.339210+00:00,,False,,chrome|excel|notepad,0
ses_20260701-054901-LAPTOP-R36BQBTE,G,経費精算承認,EXP-111912-002,reg,2026-07-01T05:57:01.726990+00:00,2026-07-01T05:57:24.938641+00:00,False,,chrome|excel|notepad,0
ses_20260701-054901-LAPTOP-R36BQBTE,G,経費精算承認,EXP-111912-003,reg,2026-07-01T05:58:19.163450+00:00,2026-07-01T05:58:41.003909+00:00,False,,chrome|excel|notepad,0
ses_20260701-054901-LAPTOP-R36BQBTE,G,経費精算承認,EXP-111912-004,adj,2026-07-01T06:05:35.488686+00:00,2026-07-01T06:06:04.154343+00:00,False,,chrome|excel|notepad,0
ses_20260701-054901-LAPTOP-R36BQBTE,H,銀行勘定照合,BR-111912-001,,2026-07-01T05:52:49.106388+00:00,2026-07-01T05:53:13.736277+00:00,False,,chrome|excel|notepad,0
ses_20260701-054901-LAPTOP-R36BQBTE,H,銀行勘定照合,BR-111912-002,,2026-07-01T05:55:45.906952+00:00,2026-07-01T05:56:10.755421+00:00,False,,chrome|excel|notepad,0
ses_20260701-054901-LAPTOP-R36BQBTE,H,銀行勘定照合,BR-111912-003,,2026-07-01T05:57:51.777142+00:00,2026-07-01T05:58:19.163450+00:00,False,,chrome|excel|notepad,0
ses_20260701-054901-LAPTOP-R36BQBTE,H,銀行勘定照合,BR-111912-004,,2026-07-01T06:05:09.259321+00:00,2026-07-01T06:05:35.486949+00:00,False,,chrome|excel|notepad,0
ses_20260701-054901-LAPTOP-R36BQBTE,I,予算差異分析,BV-111912-001,,2026-07-01T05:53:41.907501+00:00,2026-07-01T05:54:53.359955+00:00,False,,chrome|notepad|teams,0
ses_20260701-054901-LAPTOP-R36BQBTE,I,予算差異分析,BV-111912-002,,2026-07-01T05:59:53.084761+00:00,2026-07-01T06:01:56.672286+00:00,False,,chrome|notepad|teams,0
ses_20260701-054901-LAPTOP-R36BQBTE,I,予算差異分析,BV-111912-003,,2026-07-01T06:08:43.888293+00:00,2026-07-01T06:09:42.249845+00:00,False,,chrome|notepad|teams,0
ses_20260701-054901-LAPTOP-R36BQBTE,J,支払処理,PM-111912-001,,2026-07-01T05:58:41.006756+00:00,2026-07-01T05:59:25.692895+00:00,False,,chrome|excel|notepad|outlook,0
ses_20260701-054901-LAPTOP-R36BQBTE,J,支払処理,PM-111912-002,,2026-07-01T06:04:43.318273+00:00,2026-07-01T06:05:09.256463+00:00,False,,chrome|excel|notepad|outlook,0
ses_20260701-054901-LAPTOP-R36BQBTE,J,支払処理,PM-111912-003,,2026-07-01T06:07:09.417517+00:00,2026-07-01T06:07:34.729233+00:00,False,,chrome|excel|notepad|outlook,0
ses_20260701-054901-LAPTOP-R36BQBTE,L,在庫調整,STK-111912-001,reg,2026-07-01T05:51:45.472403+00:00,2026-07-01T05:52:49.105656+00:00,False,,chrome|excel|notepad,0
ses_20260701-054901-LAPTOP-R36BQBTE,L,在庫調整,STK-111912-002,reg,2026-07-01T05:54:53.359955+00:00,2026-07-01T05:55:13.733242+00:00,False,,chrome|excel|notepad,0
ses_20260701-054901-LAPTOP-R36BQBTE,L,在庫調整,STK-111912-003,reg,2026-07-01T06:01:56.673341+00:00,2026-07-01T06:04:43.318273+00:00,True,M1-L-split-1,chrome|excel|notepad,0
ses_20260701-054901-LAPTOP-R36BQBTE,L,在庫調整,STK-111912-004,adj,2026-07-01T06:06:04.155974+00:00,2026-07-01T06:07:09.416498+00:00,True,M1-L-split-1,chrome|excel|notepad,0
ses_20260701-054901-LAPTOP-R36BQBTE,N,出荷追跡,SHP-111912-001,,2026-07-01T06:07:34.729823+00:00,,False,,chrome|notepad|teams,0
ses_20260701-054901-LAPTOP-R36BQBTE,N,出荷追跡,SHP-111912-002,,2026-07-01T06:08:10.246697+00:00,2026-07-01T06:08:43.885699+00:00,False,,chrome|notepad|teams,0
ses_20260701-054901-LAPTOP-R36BQBTE,N,出荷追跡,SHP-111912-003,,2026-07-01T06:09:42.259378+00:00,2026-07-01T06:10:24.344609+00:00,False,,chrome|notepad|teams,0
ses_20260701-054930-CHAITANYA0BCF,A,住民税通知確認,RT-111912-001,std,2026-07-01T05:50:54.631642+00:00,2026-07-01T05:51:21.157987+00:00,False,,chrome|excel|notepad,0
ses_20260701-054930-CHAITANYA0BCF,A,住民税通知確認,RT-111912-002,std,2026-07-01T05:53:13.737213+00:00,2026-07-01T05:53:41.907501+00:00,False,,chrome|excel|notepad,0
ses_20260701-054930-CHAITANYA0BCF,A,住民税通知確認,RT-111912-003,std,2026-07-01T05:56:10.756460+00:00,2026-07-01T05:56:42.337535+00:00,False,,chrome|excel|notepad,0
ses_20260701-054930-CHAITANYA0BCF,A,住民税通知確認,RT-111912-004,exc,2026-07-01T05:59:25.693423+00:00,2026-07-01T05:59:53.084761+00:00,False,,chrome|excel|notepad,0
ses_20260701-054930-CHAITANYA0BCF,F,請求書承認,INV-111912-001,std,2026-07-01T05:50:24.894940+00:00,2026-07-01T05:50:54.629968+00:00,False,,chrome|excel|notepad,0
ses_20260701-054930-CHAITANYA0BCF,F,請求書承認,INV-111912-002,std,2026-07-01T05:51:21.159592+00:00,2026-07-01T05:51:45.472403+00:00,False,,chrome|excel|notepad,0
ses_20260701-054930-CHAITANYA0BCF,F,請求書承認,INV-111912-003,std,2026-07-01T05:57:24.940204+00:00,2026-07-01T05:57:51.775775+00:00,False,,chrome|excel|notepad,0
ses_20260701-054930-CHAITANYA0BCF,G,経費精算承認,EXP-111912-001,reg,2026-07-01T05:56:42.339210+00:00,,False,,chrome|excel|notepad,0
ses_20260701-054930-CHAITANYA0BCF,G,経費精算承認,EXP-111912-002,reg,2026-07-01T05:57:01.726990+00:00,2026-07-01T05:57:24.938641+00:00,False,,chrome|excel|notepad,0
ses_20260701-054930-CHAITANYA0BCF,G,経費精算承認,EXP-111912-003,reg,2026-07-01T05:58:19.163450+00:00,2026-07-01T05:58:41.003909+00:00,False,,chrome|excel|notepad,0
ses_20260701-054930-CHAITANYA0BCF,G,経費精算承認,EXP-111912-004,adj,2026-07-01T06:05:35.488686+00:00,2026-07-01T06:06:04.154343+00:00,False,,chrome|excel|notepad,0
ses_20260701-054930-CHAITANYA0BCF,H,銀行勘定照合,BR-111912-001,,2026-07-01T05:52:49.106388+00:00,2026-07-01T05:53:13.736277+00:00,False,,chrome|excel|notepad,0
ses_20260701-054930-CHAITANYA0BCF,H,銀行勘定照合,BR-111912-002,,2026-07-01T05:55:45.906952+00:00,2026-07-01T05:56:10.755421+00:00,False,,chrome|excel|notepad,0
ses_20260701-054930-CHAITANYA0BCF,H,銀行勘定照合,BR-111912-003,,2026-07-01T05:57:51.777142+00:00,2026-07-01T05:58:19.163450+00:00,False,,chrome|excel|notepad,0
ses_20260701-054930-CHAITANYA0BCF,H,銀行勘定照合,BR-111912-004,,2026-07-01T06:05:09.259321+00:00,2026-07-01T06:05:35.486949+00:00,False,,chrome|excel|notepad,0
ses_20260701-054930-CHAITANYA0BCF,I,予算差異分析,BV-111912-001,,2026-07-01T05:53:41.907501+00:00,2026-07-01T05:54:53.359955+00:00,False,,chrome|notepad|teams,0
ses_20260701-054930-CHAITANYA0BCF,I,予算差異分析,BV-111912-002,,2026-07-01T05:59:53.084761+00:00,2026-07-01T06:01:56.672286+00:00,False,,chrome|notepad|teams,0
ses_20260701-054930-CHAITANYA0BCF,I,予算差異分析,BV-111912-003,,2026-07-01T06:08:43.888293+00:00,2026-07-01T06:09:42.249845+00:00,False,,chrome|notepad|teams,0
ses_20260701-054930-CHAITANYA0BCF,J,支払処理,PM-111912-001,,2026-07-01T05:58:41.006756+00:00,2026-07-01T05:59:25.692895+00:00,False,,chrome|excel|notepad|outlook,0
ses_20260701-054930-CHAITANYA0BCF,J,支払処理,PM-111912-002,,2026-07-01T06:04:43.318273+00:00,2026-07-01T06:05:09.256463+00:00,False,,chrome|excel|notepad|outlook,0
ses_20260701-054930-CHAITANYA0BCF,J,支払処理,PM-111912-003,,2026-07-01T06:07:09.417517+00:00,2026-07-01T06:07:34.729233+00:00,False,,chrome|excel|notepad|outlook,0
ses_20260701-054930-CHAITANYA0BCF,L,在庫調整,STK-111912-001,reg,2026-07-01T05:51:45.472403+00:00,2026-07-01T05:52:49.105656+00:00,False,,chrome|excel|notepad,0
ses_20260701-054930-CHAITANYA0BCF,L,在庫調整,STK-111912-002,reg,2026-07-01T05:54:53.359955+00:00,2026-07-01T05:55:13.733242+00:00,False,,chrome|excel|notepad,0
ses_20260701-054930-CHAITANYA0BCF,L,在庫調整,STK-111912-003,reg,2026-07-01T06:01:56.673341+00:00,2026-07-01T06:04:43.318273+00:00,True,M1-L-split-1,chrome|excel|notepad,0
ses_20260701-054930-CHAITANYA0BCF,L,在庫調整,STK-111912-004,adj,2026-07-01T06:06:04.155974+00:00,2026-07-01T06:07:09.416498+00:00,True,M1-L-split-1,chrome|excel|notepad,0
ses_20260701-054930-CHAITANYA0BCF,N,出荷追跡,SHP-111912-001,,2026-07-01T06:07:34.729823+00:00,,False,,chrome|notepad|teams,0
ses_20260701-054930-CHAITANYA0BCF,N,出荷追跡,SHP-111912-002,,2026-07-01T06:08:10.246697+00:00,2026-07-01T06:08:43.885699+00:00,False,,chrome|notepad|teams,0
ses_20260701-054930-CHAITANYA0BCF,N,出荷追跡,SHP-111912-003,,2026-07-01T06:09:42.259378+00:00,2026-07-01T06:10:24.344609+00:00,False,,chrome|notepad|teams,0
ses_20260701-055037-Marcos,A,住民税通知確認,RT-112003-001,std,2026-07-01T05:56:02.753525+00:00,2026-07-01T05:56:28.297226+00:00,False,,chrome|excel|notepad,0
ses_20260701-055037-Marcos,A,住民税通知確認,RT-112003-002,std,2026-07-01T05:59:49.234313+00:00,2026-07-01T06:00:15.105756+00:00,False,,chrome|excel|notepad,0
ses_20260701-055037-Marcos,A,住民税通知確認,RT-112003-003,std,2026-07-01T06:02:33.088284+00:00,2026-07-01T06:02:57.858036+00:00,False,,chrome|excel|notepad,0
ses_20260701-055037-Marcos,A,住民税通知確認,RT-112003-004,exc,2026-07-01T06:08:17.670124+00:00,2026-07-01T06:09:08.768526+00:00,False,,chrome|excel|notepad,0
ses_20260701-055037-Marcos,A,住民税通知確認,RT-112003-005,exc,2026-07-01T06:09:31.453601+00:00,2026-07-01T06:09:54.523046+00:00,False,,chrome|excel|notepad,0
ses_20260701-055037-Marcos,D,社保・年金補正対応,SI-112003-001,,2026-07-01T05:54:59.052997+00:00,2026-07-01T05:55:38.270896+00:00,False,,chrome|notepad|teams,0
ses_20260701-055037-Marcos,D,社保・年金補正対応,SI-112003-002,,2026-07-01T06:02:57.858989+00:00,2026-07-01T06:03:36.123124+00:00,False,,chrome|notepad|teams,0
ses_20260701-055037-Marcos,D,社保・年金補正対応,SI-112003-003,,2026-07-01T06:04:03.377371+00:00,2026-07-01T06:04:40.842224+00:00,False,,chrome|notepad|teams,0
ses_20260701-055037-Marcos,E,入社照合・手当確認,OB-112003-001,,2026-07-01T05:53:03.169056+00:00,2026-07-01T05:53:31.240613+00:00,False,,chrome|excel|notepad,0
ses_20260701-055037-Marcos,E,入社照合・手当確認,OB-112003-002,,2026-07-01T05:59:19.130517+00:00,2026-07-01T05:59:49.233484+00:00,False,,chrome|excel|notepad,0
ses_20260701-055037-Marcos,E,入社照合・手当確認,OB-112003-003,,2026-07-01T06:09:08.769593+00:00,2026-07-01T06:09:31.452307+00:00,False,,chrome|excel|notepad,0
ses_20260701-055037-Marcos,F,請求書承認,INV-112003-001,std,2026-07-01T05:51:24.952550+00:00,2026-07-01T05:52:27.572373+00:00,False,,chrome|excel|notepad,0
ses_20260701-055037-Marcos,F,請求書承認,INV-112003-002,std,2026-07-01T05:54:00.789786+00:00,2026-07-01T05:54:29.762026+00:00,False,,chrome|excel|notepad,0
ses_20260701-055037-Marcos,F,請求書承認,INV-112003-003,std,2026-07-01T05:56:28.298033+00:00,2026-07-01T05:57:26.012192+00:00,True,M1-F-split-1,chrome|excel|notepad,0
ses_20260701-055037-Marcos,F,請求書承認,INV-112003-004,exc,2026-07-01T06:01:35.904925+00:00,2026-07-01T06:02:33.087485+00:00,True,M1-F-split-1,chrome|excel|notepad,0
ses_20260701-055037-Marcos,F,請求書承認,INV-112003-005,exc,2026-07-01T06:05:55.557714+00:00,2026-07-01T06:07:06.474857+00:00,True,M1-F-split-1,chrome|excel|notepad,0
ses_20260701-055037-Marcos,I,予算差異分析,BV-112003-001,,2026-07-01T06:07:06.475599+00:00,2026-07-01T06:08:17.669184+00:00,False,,chrome|notepad|teams,0
ses_20260701-055037-Marcos,I,予算差異分析,BV-112003-002,,2026-07-01T06:09:54.523945+00:00,,False,,chrome|notepad|teams,0
ses_20260701-055037-Marcos,I,予算差異分析,BV-112003-003,,2026-07-01T06:12:41.804111+00:00,2026-07-01T06:14:02.802981+00:00,False,,chrome|notepad|teams,0
ses_20260701-055037-Marcos,K,受注処理,ORD-112003-001,std,2026-07-01T05:53:31.241521+00:00,2026-07-01T05:54:00.789098+00:00,False,,chrome|excel|notepad,0
ses_20260701-055037-Marcos,K,受注処理,ORD-112003-002,std,2026-07-01T05:57:26.012921+00:00,2026-07-01T05:59:19.129579+00:00,False,,chrome|excel|notepad,0
ses_20260701-055037-Marcos,K,受注処理,ORD-112003-003,std,2026-07-01T06:00:44.752404+00:00,2026-07-01T06:01:12.929002+00:00,False,,chrome|excel|notepad,0
ses_20260701-055037-Marcos,K,受注処理,ORD-112003-004,exc,2026-07-01T06:03:36.123907+00:00,2026-07-01T06:04:03.376316+00:00,False,,chrome|excel|notepad,0
ses_20260701-055037-Marcos,K,受注処理,ORD-112003-005,exc,2026-07-01T06:05:29.304800+00:00,2026-07-01T06:05:55.556850+00:00,False,,chrome|excel|notepad,0
ses_20260701-055037-Marcos,L,在庫調整,STK-112003-001,reg,2026-07-01T05:52:27.573386+00:00,2026-07-01T05:53:03.168081+00:00,False,,chrome|excel|notepad,0
ses_20260701-055037-Marcos,L,在庫調整,STK-112003-002,reg,2026-07-01T05:55:38.271675+00:00,2026-07-01T05:56:01.043250+00:00,False,,chrome|excel|notepad,0
ses_20260701-055037-Marcos,L,在庫調整,STK-112003-003,reg,2026-07-01T06:01:12.930111+00:00,2026-07-01T06:01:35.904114+00:00,True,M1-L-split-1,chrome|excel|notepad,0
ses_20260701-055037-Marcos,O,返品処理,RET-112003-001,,2026-07-01T06:00:15.106665+00:00,2026-07-01T06:00:44.751692+00:00,False,,chrome|excel|notepad,0
ses_20260701-055037-Marcos,O,返品処理,RET-112003-002,,2026-07-01T06:04:40.843096+00:00,,False,,chrome|excel|notepad,0
ses_20260701-055037-Marcos,O,返品処理,RET-112003-003,,2026-07-01T06:05:04.894497+00:00,2026-07-01T06:05:29.303887+00:00,False,,chrome|excel|notepad,0
ses_20260701-055918-MSI,A,住民税通知確認,RT-112927-001,std,2026-07-01T06:05:21.652364+00:00,,False,,chrome|excel|notepad,0
ses_20260701-055918-MSI,A,住民税通知確認,RT-112927-002,std,2026-07-01T06:05:48.210559+00:00,2026-07-01T06:06:13.288768+00:00,False,,chrome|excel|notepad,0
ses_20260701-055918-MSI,A,住民税通知確認,RT-112927-003,std,2026-07-01T06:07:07.220657+00:00,2026-07-01T06:07:43.804219+00:00,False,,chrome|excel|notepad,0
ses_20260701-055918-MSI,A,住民税通知確認,RT-112927-004,exc,2026-07-01T06:11:43.270789+00:00,2026-07-01T06:12:18.047275+00:00,False,,chrome|excel|notepad,0
ses_20260701-055918-MSI,B,給与備考・控除整備,PI-112927-001,reg,2026-07-01T06:01:33.117356+00:00,2026-07-01T06:01:56.800209+00:00,False,,chrome|excel|notepad,0
ses_20260701-055918-MSI,B,給与備考・控除整備,PI-112927-002,reg,2026-07-01T06:03:39.154377+00:00,2026-07-01T06:04:02.863445+00:00,False,,chrome|excel|notepad,0
ses_20260701-055918-MSI,B,給与備考・控除整備,PI-112927-003,reg,2026-07-01T06:20:03.694799+00:00,,True,M1-B-split-1,chrome|excel|notepad,0
ses_20260701-055918-MSI,B,給与備考・控除整備,PI-112927-004,adj,2026-07-01T06:20:25.451803+00:00,2026-07-01T06:20:52.652664+00:00,True,M1-B-split-1,chrome|excel|notepad,0
ses_20260701-055918-MSI,C,育児・産休申請確認,LA-112927-001,,2026-07-01T06:04:42.679484+00:00,2026-07-01T06:05:21.651670+00:00,False,,chrome|notepad|onenote,0
ses_20260701-055918-MSI,C,育児・産休申請確認,LA-112927-002,,2026-07-01T06:13:15.319454+00:00,,False,,chrome|notepad|onenote,0
ses_20260701-055918-MSI,C,育児・産休申請確認,LA-112927-003,,2026-07-01T06:13:57.629523+00:00,2026-07-01T06:14:46.802828+00:00,False,,chrome|notepad|onenote,0
ses_20260701-055918-MSI,C,育児・産休申請確認,LA-112927-004,,2026-07-01T06:17:19.418022+00:00,2026-07-01T06:17:57.436765+00:00,False,,chrome|notepad|onenote,0
ses_20260701-055918-MSI,D,社保・年金補正対応,SI-112927-001,,2026-07-01T06:07:43.804880+00:00,2026-07-01T06:08:20.994339+00:00,False,,chrome|notepad|teams,0
ses_20260701-055918-MSI,D,社保・年金補正対応,SI-112927-002,,2026-07-01T06:09:45.003924+00:00,2026-07-01T06:11:43.269431+00:00,False,,chrome|notepad|teams,0
ses_20260701-055918-MSI,D,社保・年金補正対応,SI-112927-003,,2026-07-01T06:20:52.653709+00:00,2026-07-01T06:21:38.118519+00:00,False,,chrome|notepad|teams,0
ses_20260701-055918-MSI,E,入社照合・手当確認,OB-112927-001,,2026-07-01T06:01:56.800796+00:00,2026-07-01T06:02:40.068504+00:00,False,,chrome|excel|notepad,0
ses_20260701-055918-MSI,E,入社照合・手当確認,OB-112927-002,,2026-07-01T06:12:18.048115+00:00,2026-07-01T06:12:46.898007+00:00,False,,chrome|excel|notepad,0
ses_20260701-055918-MSI,E,入社照合・手当確認,OB-112927-003,,2026-07-01T06:18:56.327939+00:00,2026-07-01T06:19:26.573028+00:00,False,,chrome|excel|notepad,0
ses_20260701-055918-MSI,F,請求書承認,INV-112927-001,std,2026-07-01T06:01:10.282020+00:00,2026-07-01T06:01:33.116674+00:00,False,,chrome|excel|notepad,0
ses_20260701-055918-MSI,F,請求書承認,INV-112927-002,std,2026-07-01T06:02:40.069135+00:00,2026-07-01T06:03:09.014124+00:00,False,,chrome|excel|notepad,0
ses_20260701-055918-MSI,F,請求書承認,INV-112927-003,std,2026-07-01T06:06:13.289536+00:00,2026-07-01T06:06:37.161635+00:00,True,M1-F-split-1,chrome|excel|notepad,0
ses_20260701-055918-MSI,F,請求書承認,INV-112927-004,exc,2026-07-01T06:12:46.898627+00:00,2026-07-01T06:13:15.318844+00:00,True,M1-F-split-1,chrome|excel|notepad,0
ses_20260701-055918-MSI,F,請求書承認,INV-112927-005,exc,2026-07-01T06:14:46.803452+00:00,2026-07-01T06:15:16.902065+00:00,True,M1-F-split-1,chrome|excel|notepad,0
ses_20260701-055918-MSI,M,仕入先連絡,SUP-112927-001,,2026-07-01T06:04:04.210973+00:00,2026-07-01T06:04:42.678436+00:00,False,,chrome|notepad|onenote,0
ses_20260701-055918-MSI,M,仕入先連絡,SUP-112927-002,,2026-07-01T06:09:13.315780+00:00,2026-07-01T06:09:45.003211+00:00,False,,chrome|notepad|onenote,0
ses_20260701-055918-MSI,M,仕入先連絡,SUP-112927-003,,2026-07-01T06:15:16.903005+00:00,2026-07-01T06:17:19.417310+00:00,False,,chrome|notepad|onenote,0
ses_20260701-055918-MSI,M,仕入先連絡,SUP-112927-004,,2026-07-01T06:19:26.573884+00:00,2026-07-01T06:20:03.694176+00:00,False,,chrome|notepad|onenote,0
ses_20260701-055918-MSI,N,出荷追跡,SHP-112927-001,,2026-07-01T06:00:29.516823+00:00,2026-07-01T06:01:10.281031+00:00,False,,chrome|notepad|teams,0
ses_20260701-055918-MSI,N,出荷追跡,SHP-112927-002,,2026-07-01T06:08:20.995065+00:00,2026-07-01T06:09:13.314641+00:00,False,,chrome|notepad|teams,0
ses_20260701-055918-MSI,N,出荷追跡,SHP-112927-003,,2026-07-01T06:18:23.226762+00:00,2026-07-01T06:18:56.327037+00:00,False,,chrome|notepad|teams,0
ses_20260701-055918-MSI,O,返品処理,RET-112927-001,,2026-07-01T06:03:10.454145+00:00,2026-07-01T06:03:39.153515+00:00,False,,chrome|excel|notepad,0
ses_20260701-055918-MSI,O,返品処理,RET-112927-002,,2026-07-01T06:06:37.162262+00:00,2026-07-01T06:07:07.219917+00:00,False,,chrome|excel|notepad,0
ses_20260701-055918-MSI,O,返品処理,RET-112927-003,,2026-07-01T06:17:57.437795+00:00,2026-07-01T06:18:23.225932+00:00,False,,chrome|excel|notepad,0
ses_20260701-062250-Marcos,A,住民税通知確認,RT-115207-001,std,2026-07-01T06:25:21.604982+00:00,2026-07-01T06:25:49.932417+00:00,False,,chrome|excel|notepad,0
ses_20260701-062250-Marcos,A,住民税通知確認,RT-115207-002,std,2026-07-01T06:29:40.633102+00:00,2026-07-01T06:30:08.162386+00:00,False,,chrome|excel|notepad,0
ses_20260701-062250-Marcos,A,住民税通知確認,RT-115207-003,std,2026-07-01T06:32:29.761210+00:00,2026-07-01T06:32:55.680787+00:00,True,M1-A-split-1,chrome|excel|notepad,0
ses_20260701-062250-Marcos,B,給与備考・控除整備,PI-115207-001,reg,2026-07-01T06:27:06.259796+00:00,2026-07-01T06:27:31.248637+00:00,False,,chrome|excel|notepad,0
ses_20260701-062250-Marcos,B,給与備考・控除整備,PI-115207-002,reg,2026-07-01T06:31:16.201542+00:00,2026-07-01T06:31:39.112136+00:00,False,,chrome|excel|notepad,0
ses_20260701-062250-Marcos,B,給与備考・控除整備,PI-115207-003,reg,2026-07-01T06:35:43.527067+00:00,2026-07-01T06:36:02.561723+00:00,True,M1-B-split-1,chrome|excel|notepad,0
ses_20260701-062250-Marcos,B,給与備考・控除整備,PI-115207-004,adj,2026-07-01T06:36:42.624364+00:00,2026-07-01T06:37:09.205337+00:00,True,M1-B-split-1,chrome|excel|notepad,0
ses_20260701-062250-Marcos,C,育児・産休申請確認,LA-115207-001,,2026-07-01T06:36:02.562623+00:00,2026-07-01T06:36:42.623618+00:00,False,,chrome|notepad|onenote,0
ses_20260701-062250-Marcos,C,育児・産休申請確認,LA-115207-002,,2026-07-01T06:39:56.903480+00:00,,False,,chrome|notepad|onenote,0
ses_20260701-062250-Marcos,C,育児・産休申請確認,LA-115207-003,,2026-07-01T06:42:14.246165+00:00,2026-07-01T06:42:48.035329+00:00,False,,chrome|notepad|onenote,0
ses_20260701-062250-Marcos,D,社保・年金補正対応,SI-115207-001,,2026-07-01T06:24:40.484001+00:00,2026-07-01T06:25:21.604176+00:00,False,,chrome|notepad|teams,0
ses_20260701-062250-Marcos,D,社保・年金補正対応,SI-115207-002,,2026-07-01T06:35:07.527566+00:00,2026-07-01T06:35:43.526210+00:00,False,,chrome|notepad|teams,0
ses_20260701-062250-Marcos,D,社保・年金補正対応,SI-115207-003,,2026-07-01T06:37:46.853243+00:00,2026-07-01T06:38:28.391882+00:00,False,,chrome|notepad|teams,0
ses_20260701-062250-Marcos,E,入社照合・手当確認,OB-115207-001,,2026-07-01T06:27:31.249611+00:00,2026-07-01T06:27:59.634633+00:00,False,,chrome|excel|notepad,0
ses_20260701-062250-Marcos,E,入社照合・手当確認,OB-115207-002,,2026-07-01T06:30:09.321851+00:00,2026-07-01T06:30:33.669012+00:00,False,,chrome|excel|notepad,0
ses_20260701-062250-Marcos,E,入社照合・手当確認,OB-115207-003,,2026-07-01T06:43:28.479610+00:00,2026-07-01T06:44:01.686012+00:00,False,,chrome|excel|notepad,0
ses_20260701-062250-Marcos,G,経費精算承認,EXP-115207-001,reg,2026-07-01T06:25:49.933207+00:00,2026-07-01T06:26:15.314150+00:00,False,,chrome|excel|notepad,0
ses_20260701-062250-Marcos,G,経費精算承認,EXP-115207-002,reg,2026-07-01T06:30:33.669961+00:00,2026-07-01T06:30:53.840394+00:00,False,,chrome|excel|notepad,0
ses_20260701-062250-Marcos,G,経費精算承認,EXP-115207-003,reg,2026-07-01T06:31:40.478296+00:00,,False,,chrome|excel|notepad,0
ses_20260701-062250-Marcos,G,経費精算承認,EXP-115207-004,adj,2026-07-01T06:32:00.013983+00:00,2026-07-01T06:32:29.760404+00:00,False,,chrome|excel|notepad,0
ses_20260701-062250-Marcos,H,銀行勘定照合,BR-115207-001,,2026-07-01T06:30:53.841110+00:00,2026-07-01T06:31:16.200285+00:00,False,,chrome|excel|notepad,0
ses_20260701-062250-Marcos,H,銀行勘定照合,BR-115207-002,,2026-07-01T06:33:59.675226+00:00,,False,,chrome|excel|notepad,0
ses_20260701-062250-Marcos,H,銀行勘定照合,BR-115207-003,,2026-07-01T06:34:38.312143+00:00,2026-07-01T06:35:07.526462+00:00,False,,chrome|excel|notepad,0
ses_20260701-062250-Marcos,H,銀行勘定照合,BR-115207-004,,2026-07-01T06:39:33.189140+00:00,2026-07-01T06:39:56.902695+00:00,False,,chrome|excel|notepad,0
ses_20260701-062250-Marcos,I,予算差異分析,BV-115207-001,,2026-07-01T06:28:40.102591+00:00,2026-07-01T06:29:40.631953+00:00,False,,chrome|notepad|teams,0
ses_20260701-062250-Marcos,I,予算差異分析,BV-115207-002,,2026-07-01T06:32:55.681838+00:00,2026-07-01T06:33:59.673972+00:00,False,,chrome|notepad|teams,0
ses_20260701-062250-Marcos,I,予算差異分析,BV-115207-003,,2026-07-01T06:38:28.392851+00:00,2026-07-01T06:39:33.188121+00:00,False,,chrome|notepad|teams,0
ses_20260701-062250-Marcos,J,支払処理,PM-115207-001,,2026-07-01T06:23:38.452907+00:00,2026-07-01T06:24:04.632873+00:00,False,,chrome|excel|notepad|outlook,0
ses_20260701-062250-Marcos,J,支払処理,PM-115207-002,,2026-07-01T06:26:15.315223+00:00,,False,,chrome|excel|notepad|outlook,0
ses_20260701-062250-Marcos,J,支払処理,PM-115207-003,,2026-07-01T06:26:38.439543+00:00,2026-07-01T06:27:06.259004+00:00,False,,chrome|excel|notepad|outlook,0
ses_20260701-062250-Marcos,M,仕入先連絡,SUP-115207-001,,2026-07-01T06:24:04.633712+00:00,2026-07-01T06:24:40.482200+00:00,False,,chrome|notepad|onenote,0
ses_20260701-062250-Marcos,M,仕入先連絡,SUP-115207-002,,2026-07-01T06:27:59.635915+00:00,2026-07-01T06:28:40.101196+00:00,False,,chrome|notepad|onenote,0
ses_20260701-062250-Marcos,M,仕入先連絡,SUP-115207-003,,2026-07-01T06:37:09.206274+00:00,2026-07-01T06:37:46.852054+00:00,False,,chrome|notepad|onenote,0
ses_20260701-062250-Marcos,M,仕入先連絡,SUP-115207-004,,2026-07-01T06:42:48.036289+00:00,2026-07-01T06:43:28.478272+00:00,False,,chrome|notepad|onenote,0
ses_20260701-062732-MSI,A,住民税通知確認,RT-115753-001,std,2026-07-01T06:29:20.657988+00:00,2026-07-01T06:29:49.456702+00:00,False,,chrome|excel|notepad,0
ses_20260701-062732-MSI,A,住民税通知確認,RT-115753-002,std,2026-07-01T06:31:50.050921+00:00,2026-07-01T06:32:17.934441+00:00,False,,chrome|excel|notepad,0
ses_20260701-062732-MSI,A,住民税通知確認,RT-115753-003,std,2026-07-01T06:32:55.820024+00:00,2026-07-01T06:33:23.993157+00:00,False,,chrome|excel|notepad,0
ses_20260701-062732-MSI,A,住民税通知確認,RT-115753-004,exc,2026-07-01T06:34:52.572493+00:00,2026-07-01T06:35:21.249829+00:00,False,,chrome|excel|notepad,0
ses_20260701-062732-MSI,B,給与備考・控除整備,PI-115753-001,reg,2026-07-01T06:29:49.457249+00:00,2026-07-01T06:30:29.239429+00:00,False,,chrome|excel|notepad,0
ses_20260701-062732-MSI,B,給与備考・控除整備,PI-115753-002,reg,2026-07-01T06:30:57.188196+00:00,2026-07-01T06:31:16.348299+00:00,False,,chrome|excel|notepad,0
ses_20260701-062732-MSI,B,給与備考・控除整備,PI-115753-003,reg,2026-07-01T06:35:21.250692+00:00,2026-07-01T06:36:57.860594+00:00,True,M1-B-split-1,chrome|excel|notepad,0
ses_20260701-062732-MSI,B,給与備考・控除整備,PI-115753-004,adj,2026-07-01T06:41:02.340105+00:00,2026-07-01T06:41:30.326298+00:00,True,M1-B-split-1,chrome|excel|notepad,0
ses_20260701-062732-MSI,C,育児・産休申請確認,LA-115753-001,,2026-07-01T06:32:17.935772+00:00,2026-07-01T06:32:55.819322+00:00,False,,chrome|notepad|onenote,0
ses_20260701-062732-MSI,C,育児・産休申請確認,LA-115753-002,,2026-07-01T06:39:07.836786+00:00,,False,,chrome|notepad|onenote,0
ses_20260701-062732-MSI,C,育児・産休申請確認,LA-115753-003,,2026-07-01T06:39:47.845480+00:00,,False,,chrome|notepad|onenote,0
ses_20260701-062732-MSI,C,育児・産休申請確認,LA-115753-004,,2026-07-01T06:40:22.379763+00:00,2026-07-01T06:41:02.339421+00:00,False,,chrome|notepad|onenote,0
ses_20260701-062732-MSI,D,社保・年金補正対応,SI-115753-001,,2026-07-01T06:31:17.479284+00:00,2026-07-01T06:31:50.049930+00:00,False,,chrome|notepad|teams,0
ses_20260701-062732-MSI,D,社保・年金補正対応,SI-115753-002,,2026-07-01T06:34:16.486324+00:00,2026-07-01T06:34:52.571803+00:00,False,,chrome|notepad|teams,0
ses_20260701-062732-MSI,D,社保・年金補正対応,SI-115753-003,,2026-07-01T06:42:00.516709+00:00,2026-07-01T06:42:34.289042+00:00,False,,chrome|notepad|teams,0
ses_20260701-062732-MSI,E,入社照合・手当確認,OB-115753-001,,2026-07-01T06:36:57.863051+00:00,2026-07-01T06:37:25.812887+00:00,False,,chrome|excel|notepad,0
ses_20260701-062732-MSI,E,入社照合・手当確認,OB-115753-002,,2026-07-01T06:42:34.289873+00:00,2026-07-01T06:42:58.014668+00:00,False,,chrome|excel|notepad,0
ses_20260701-062732-MSI,E,入社照合・手当確認,OB-115753-003,,2026-07-01T06:48:21.717707+00:00,2026-07-01T06:48:55.711084+00:00,False,,chrome|excel|notepad,0
ses_20260701-062732-MSI,F,請求書承認,INV-115753-001,std,2026-07-01T06:28:55.385474+00:00,2026-07-01T06:29:20.657145+00:00,False,,chrome|excel|notepad,0
ses_20260701-062732-MSI,F,請求書承認,INV-115753-002,std,2026-07-01T06:30:29.240196+00:00,2026-07-01T06:30:55.698096+00:00,False,,chrome|excel|notepad,0
ses_20260701-062732-MSI,F,請求書承認,INV-115753-003,std,2026-07-01T06:33:23.994000+00:00,,True,M1-F-split-1,chrome|excel|notepad,0
ses_20260701-062732-MSI,F,請求書承認,INV-115753-004,exc,2026-07-01T06:33:53.854256+00:00,2026-07-01T06:34:16.485666+00:00,True,M1-F-split-1,chrome|excel|notepad,0
ses_20260701-062732-MSI,F,請求書承認,INV-115753-005,exc,2026-07-01T06:37:25.813487+00:00,2026-07-01T06:37:52.867886+00:00,True,M1-F-split-1,chrome|excel|notepad,0
ses_20260701-062732-MSI,M,仕入先連絡,SUP-115753-001,,2026-07-01T06:42:58.015584+00:00,,False,,chrome|notepad|onenote,0
ses_20260701-062732-MSI,M,仕入先連絡,SUP-115753-002,,2026-07-01T06:44:52.929523+00:00,2026-07-01T06:45:45.815888+00:00,False,,chrome|notepad|onenote,0
ses_20260701-062732-MSI,M,仕入先連絡,SUP-115753-003,,2026-07-01T06:46:15.667906+00:00,,False,,chrome|notepad|onenote,0
ses_20260701-062732-MSI,M,仕入先連絡,SUP-115753-004,,2026-07-01T06:46:51.776323+00:00,2026-07-01T06:47:23.014277+00:00,False,,chrome|notepad|onenote,0
ses_20260701-062732-MSI,N,出荷追跡,SHP-115753-001,,2026-07-01T06:37:52.868632+00:00,,False,,chrome|notepad|teams,0
ses_20260701-062732-MSI,N,出荷追跡,SHP-115753-002,,2026-07-01T06:38:28.210998+00:00,2026-07-01T06:39:07.836093+00:00,False,,chrome|notepad|teams,0
ses_20260701-062732-MSI,N,出荷追跡,SHP-115753-003,,2026-07-01T06:47:23.015042+00:00,2026-07-01T06:47:55.875604+00:00,False,,chrome|notepad|teams,0
ses_20260701-062732-MSI,O,返品処理,RET-115753-001,,2026-07-01T06:41:30.327848+00:00,2026-07-01T06:42:00.515980+00:00,False,,chrome|excel|notepad,0
ses_20260701-062732-MSI,O,返品処理,RET-115753-002,,2026-07-01T06:45:45.816621+00:00,2026-07-01T06:46:15.667073+00:00,False,,chrome|excel|notepad,0
ses_20260701-062732-MSI,O,返品処理,RET-115753-003,,2026-07-01T06:47:55.877040+00:00,2026-07-01T06:48:21.716948+00:00,False,,chrome|excel|notepad,0
ses_20260701-063106-LAPTOP-R36BQBTE,B,給与備考・控除整備,PI-120116-001,reg,2026-07-01T06:35:14.441129+00:00,2026-07-01T06:35:38.831069+00:00,False,,chrome|excel|notepad,0
ses_20260701-063106-LAPTOP-R36BQBTE,B,給与備考・控除整備,PI-120116-002,reg,2026-07-01T06:40:26.815562+00:00,2026-07-01T06:40:49.911042+00:00,False,,chrome|excel|notepad,0
ses_20260701-063106-LAPTOP-R36BQBTE,B,給与備考・控除整備,PI-120116-003,reg,2026-07-01T06:43:25.401288+00:00,2026-07-01T06:43:55.385865+00:00,True,M1-B-split-1,chrome|excel|notepad,0
ses_20260701-063106-LAPTOP-R36BQBTE,B,給与備考・控除整備,PI-120116-004,adj,2026-07-01T06:46:44.438189+00:00,2026-07-01T06:47:13.784550+00:00,True,M1-B-split-1,chrome|excel|notepad,0
ses_20260701-063106-LAPTOP-R36BQBTE,D,社保・年金補正対応,SI-120116-001,,2026-07-01T06:32:41.423510+00:00,2026-07-01T06:33:20.238950+00:00,False,,chrome|notepad|teams,0
ses_20260701-063106-LAPTOP-R36BQBTE,D,社保・年金補正対応,SI-120116-002,,2026-07-01T06:35:38.833125+00:00,2026-07-01T06:36:13.296622+00:00,False,,chrome|notepad|teams,0
ses_20260701-063106-LAPTOP-R36BQBTE,D,社保・年金補正対応,SI-120116-003,,2026-07-01T06:41:48.473484+00:00,2026-07-01T06:42:24.304948+00:00,False,,chrome|notepad|teams,0
ses_20260701-063106-LAPTOP-R36BQBTE,E,入社照合・手当確認,OB-120116-001,,2026-07-01T06:45:09.165675+00:00,2026-07-01T06:45:45.017492+00:00,False,,chrome|excel|notepad,0
ses_20260701-063106-LAPTOP-R36BQBTE,E,入社照合・手当確認,OB-120116-002,,2026-07-01T06:49:39.006059+00:00,,False,,chrome|excel|notepad,0
ses_20260701-063106-LAPTOP-R36BQBTE,E,入社照合・手当確認,OB-120116-003,,2026-07-01T06:50:03.984236+00:00,2026-07-01T06:50:32.136214+00:00,False,,chrome|excel|notepad,0
ses_20260701-063106-LAPTOP-R36BQBTE,F,請求書承認,INV-120116-001,std,2026-07-01T06:33:43.424983+00:00,2026-07-01T06:35:14.437492+00:00,False,,chrome|excel|notepad,0
ses_20260701-063106-LAPTOP-R36BQBTE,F,請求書承認,INV-120116-002,std,2026-07-01T06:36:13.299765+00:00,2026-07-01T06:36:37.576974+00:00,False,,chrome|excel|notepad,0
ses_20260701-063106-LAPTOP-R36BQBTE,F,請求書承認,INV-120116-003,std,2026-07-01T06:40:52.220233+00:00,2026-07-01T06:41:48.470452+00:00,True,M1-F-split-1,chrome|excel|notepad,0
ses_20260701-063106-LAPTOP-R36BQBTE,F,請求書承認,INV-120116-004,exc,2026-07-01T06:42:24.308541+00:00,2026-07-01T06:43:25.398257+00:00,True,M1-F-split-1,chrome|excel|notepad,0
ses_20260701-063106-LAPTOP-R36BQBTE,F,請求書承認,INV-120116-005,exc,2026-07-01T06:43:55.387409+00:00,2026-07-01T06:45:09.163132+00:00,True,M1-F-split-1,chrome|excel|notepad,0
ses_20260701-063106-LAPTOP-R36BQBTE,G,経費精算承認,EXP-120116-001,reg,2026-07-01T06:32:19.255524+00:00,2026-07-01T06:32:41.417938+00:00,False,,chrome|excel|notepad,0
ses_20260701-063106-LAPTOP-R36BQBTE,G,経費精算承認,EXP-120116-002,reg,2026-07-01T06:33:20.241504+00:00,2026-07-01T06:33:43.422927+00:00,False,,chrome|excel|notepad,0
ses_20260701-063106-LAPTOP-R36BQBTE,G,経費精算承認,EXP-120116-003,reg,2026-07-01T06:46:25.417908+00:00,2026-07-01T06:46:44.435656+00:00,False,,chrome|excel|notepad,0
ses_20260701-063106-LAPTOP-R36BQBTE,H,銀行勘定照合,BR-120116-001,,2026-07-01T06:47:13.788114+00:00,,False,,chrome|excel|notepad,0
ses_20260701-063106-LAPTOP-R36BQBTE,H,銀行勘定照合,BR-120116-002,,2026-07-01T06:47:43.391357+00:00,2026-07-01T06:48:06.557581+00:00,False,,chrome|excel|notepad,0
ses_20260701-063106-LAPTOP-R36BQBTE,H,銀行勘定照合,BR-120116-003,,2026-07-01T06:48:48.297668+00:00,,False,,chrome|excel|notepad,0
ses_20260701-063106-LAPTOP-R36BQBTE,H,銀行勘定照合,BR-120116-004,,2026-07-01T06:49:11.413937+00:00,2026-07-01T06:49:39.002970+00:00,False,,chrome|excel|notepad,0
ses_20260701-063106-LAPTOP-R36BQBTE,I,予算差異分析,BV-120116-001,,2026-07-01T06:37:15.450581+00:00,,False,,chrome|notepad|teams,0
ses_20260701-063106-LAPTOP-R36BQBTE,I,予算差異分析,BV-120116-002,,2026-07-01T06:38:16.700781+00:00,,False,,chrome|notepad|teams,0
ses_20260701-063106-LAPTOP-R36BQBTE,I,予算差異分析,BV-120116-003,,2026-07-01T06:39:27.330205+00:00,2026-07-01T06:40:26.812483+00:00,False,,chrome|notepad|teams,0
ses_20260701-063106-LAPTOP-R36BQBTE,N,出荷追跡,SHP-120116-001,,2026-07-01T06:45:45.019921+00:00,2026-07-01T06:46:25.415377+00:00,False,,chrome|notepad|teams,0
ses_20260701-063106-LAPTOP-R36BQBTE,N,出荷追跡,SHP-120116-002,,2026-07-01T06:48:06.561185+00:00,2026-07-01T06:48:48.296137+00:00,False,,chrome|notepad|teams,0
ses_20260701-063106-LAPTOP-R36BQBTE,N,出荷追跡,SHP-120116-003,,2026-07-01T06:50:32.139273+00:00,2026-07-01T06:52:31.797481+00:00,False,,chrome|notepad|teams,0
ses_20260701-065151-CHAITANYA0BCF,B,給与備考・控除整備,PI-122013-001,reg,2026-07-01T06:55:47.165907+00:00,2026-07-01T06:56:48.215519+00:00,False,,chrome|excel|notepad,0
ses_20260701-065151-CHAITANYA0BCF,B,給与備考・控除整備,PI-122013-002,reg,2026-07-01T06:58:37.636339+00:00,,False,,chrome|excel|notepad,0
ses_20260701-065151-CHAITANYA0BCF,B,給与備考・控除整備,PI-122013-003,reg,2026-07-01T06:59:04.013025+00:00,2026-07-01T06:59:23.005502+00:00,False,,chrome|excel|notepad,0
ses_20260701-065151-CHAITANYA0BCF,B,給与備考・控除整備,PI-122013-004,adj,2026-07-01T07:03:46.638169+00:00,2026-07-01T07:04:11.738523+00:00,False,,chrome|excel|notepad,0
ses_20260701-065151-CHAITANYA0BCF,C,育児・産休申請確認,LA-122013-001,,2026-07-01T06:53:10.567260+00:00,2026-07-01T06:55:19.364882+00:00,False,,chrome|notepad|onenote,0
ses_20260701-065151-CHAITANYA0BCF,C,育児・産休申請確認,LA-122013-002,,2026-07-01T07:01:38.055137+00:00,2026-07-01T07:02:12.030404+00:00,False,,chrome|notepad|onenote,0
ses_20260701-065151-CHAITANYA0BCF,C,育児・産休申請確認,LA-122013-003,,2026-07-01T07:10:39.148866+00:00,2026-07-01T07:11:20.686346+00:00,False,,chrome|notepad|onenote,0
ses_20260701-065151-CHAITANYA0BCF,C,育児・産休申請確認,LA-122013-004,,2026-07-01T07:12:00.886782+00:00,2026-07-01T07:12:35.766212+00:00,False,,chrome|notepad|onenote,0
ses_20260701-065151-CHAITANYA0BCF,G,経費精算承認,EXP-122013-001,reg,2026-07-01T06:52:45.528928+00:00,2026-07-01T06:53:10.567260+00:00,False,,chrome|excel|notepad,0
ses_20260701-065151-CHAITANYA0BCF,G,経費精算承認,EXP-122013-002,reg,2026-07-01T06:57:50.186287+00:00,2026-07-01T06:58:13.763511+00:00,False,,chrome|excel|notepad,0
ses_20260701-065151-CHAITANYA0BCF,G,経費精算承認,EXP-122013-003,reg,2026-07-01T06:59:23.007550+00:00,2026-07-01T06:59:46.128825+00:00,False,,chrome|excel|notepad,0
ses_20260701-065151-CHAITANYA0BCF,G,経費精算承認,EXP-122013-004,adj,2026-07-01T07:04:37.575808+00:00,2026-07-01T07:05:08.265096+00:00,False,,chrome|excel|notepad,0
ses_20260701-065151-CHAITANYA0BCF,H,銀行勘定照合,BR-122013-001,,2026-07-01T06:55:19.365933+00:00,2026-07-01T06:55:47.165907+00:00,False,,chrome|excel|notepad,0
ses_20260701-065151-CHAITANYA0BCF,H,銀行勘定照合,BR-122013-002,,2026-07-01T06:58:13.764044+00:00,2026-07-01T06:58:37.634803+00:00,False,,chrome|excel|notepad,0
ses_20260701-065151-CHAITANYA0BCF,H,銀行勘定照合,BR-122013-003,,2026-07-01T07:00:12.433312+00:00,2026-07-01T07:00:38.104419+00:00,False,,chrome|excel|notepad,0
ses_20260701-065151-CHAITANYA0BCF,H,銀行勘定照合,BR-122013-004,,2026-07-01T07:02:41.270370+00:00,2026-07-01T07:03:10.441480+00:00,False,,chrome|excel|notepad,0
ses_20260701-065151-CHAITANYA0BCF,I,予算差異分析,BV-122013-001,,2026-07-01T07:00:38.104751+00:00,2026-07-01T07:01:38.053340+00:00,False,,chrome|notepad|teams,0
ses_20260701-065151-CHAITANYA0BCF,I,予算差異分析,BV-122013-002,,2026-07-01T07:05:08.265096+00:00,,False,,chrome|notepad|teams,0
ses_20260701-065151-CHAITANYA0BCF,I,予算差異分析,BV-122013-003,,2026-07-01T07:06:17.790422+00:00,2026-07-01T07:07:15.687115+00:00,False,,chrome|notepad|teams,0
ses_20260701-065151-CHAITANYA0BCF,J,支払処理,PM-122013-001,,2026-07-01T07:10:12.771046+00:00,2026-07-01T07:10:39.147320+00:00,False,,chrome|excel|notepad|outlook,0
ses_20260701-065151-CHAITANYA0BCF,J,支払処理,PM-122013-002,,2026-07-01T07:13:01.223340+00:00,,False,,chrome|excel|notepad|outlook,0
ses_20260701-065151-CHAITANYA0BCF,J,支払処理,PM-122013-003,,2026-07-01T07:13:29.845275+00:00,2026-07-01T07:13:56.898091+00:00,False,,chrome|excel|notepad|outlook,0
ses_20260701-065151-CHAITANYA0BCF,K,受注処理,ORD-122013-001,std,2026-07-01T06:59:46.130779+00:00,2026-07-01T07:00:12.433312+00:00,False,,chrome|excel|notepad,0
ses_20260701-065151-CHAITANYA0BCF,K,受注処理,ORD-122013-002,std,2026-07-01T07:02:12.031428+00:00,2026-07-01T07:02:41.269495+00:00,False,,chrome|excel|notepad,0
ses_20260701-065151-CHAITANYA0BCF,K,受注処理,ORD-122013-003,std,2026-07-01T07:08:48.757512+00:00,,False,,chrome|excel|notepad,0
ses_20260701-065151-CHAITANYA0BCF,K,受注処理,ORD-122013-004,exc,2026-07-01T07:09:17.210284+00:00,,False,,chrome|excel|notepad,0
ses_20260701-065151-CHAITANYA0BCF,K,受注処理,ORD-122013-005,exc,2026-07-01T07:09:45.915821+00:00,2026-07-01T07:10:12.771046+00:00,False,,chrome|excel|notepad,0
ses_20260701-065151-CHAITANYA0BCF,L,在庫調整,STK-122013-001,reg,2026-07-01T06:56:48.216666+00:00,2026-07-01T06:57:10.007928+00:00,False,,chrome|excel|notepad,0
ses_20260701-065151-CHAITANYA0BCF,L,在庫調整,STK-122013-002,reg,2026-07-01T07:04:11.740111+00:00,2026-07-01T07:04:35.878903+00:00,False,,chrome|excel|notepad,0
ses_20260701-065151-CHAITANYA0BCF,L,在庫調整,STK-122013-003,reg,2026-07-01T07:07:59.805276+00:00,,True,M1-L-split-1,chrome|excel|notepad,0
ses_20260701-065151-CHAITANYA0BCF,L,在庫調整,STK-122013-004,adj,2026-07-01T07:08:24.288573+00:00,2026-07-01T07:08:48.756029+00:00,True,M1-L-split-1,chrome|excel|notepad,0
ses_20260701-065151-CHAITANYA0BCF,N,出荷追跡,SHP-122013-001,,2026-07-01T06:57:10.008470+00:00,2026-07-01T06:57:50.184657+00:00,False,,chrome|notepad|teams,0
ses_20260701-065151-CHAITANYA0BCF,N,出荷追跡,SHP-122013-002,,2026-07-01T07:03:10.442534+00:00,2026-07-01T07:03:46.637632+00:00,False,,chrome|notepad|teams,0
ses_20260701-065151-CHAITANYA0BCF,N,出荷追跡,SHP-122013-003,,2026-07-01T07:11:20.686874+00:00,2026-07-01T07:12:00.886782+00:00,False,,chrome|notepad|teams,0
ses_20260701-065151-CHAITANYA0BCF,O,返品処理,RET-122013-001,,2026-07-01T07:07:15.687115+00:00,2026-07-01T07:07:59.803034+00:00,False,,chrome|excel|notepad,0
ses_20260701-065151-CHAITANYA0BCF,O,返品処理,RET-122013-002,,2026-07-01T07:12:35.766212+00:00,2026-07-01T07:13:01.223340+00:00,False,,chrome|excel|notepad,0
ses_20260701-065151-CHAITANYA0BCF,O,返品処理,RET-122013-003,,2026-07-01T07:13:56.899702+00:00,2026-07-01T07:14:35.554184+00:00,False,,chrome|excel|notepad,0
ses_20260701-070320-JAYESH,A,住民税通知確認,RT-123250-001,std,2026-07-01T07:14:25.817789+00:00,2026-07-01T07:15:29.638984+00:00,False,,chrome|excel|notepad,0
ses_20260701-070320-JAYESH,A,住民税通知確認,RT-123250-002,std,2026-07-01T07:16:28.471547+00:00,2026-07-01T07:16:55.455335+00:00,False,,chrome|excel|notepad,0
ses_20260701-070320-JAYESH,A,住民税通知確認,RT-123250-003,std,2026-07-01T07:18:29.841857+00:00,2026-07-01T07:18:57.956773+00:00,True,M1-A-split-1,chrome|excel|notepad,0
ses_20260701-070320-JAYESH,A,住民税通知確認,RT-123250-004,exc,2026-07-01T07:19:29.002364+00:00,,True,M1-A-split-1,chrome|excel|notepad,0
ses_20260701-070320-JAYESH,A,住民税通知確認,RT-123250-005,exc,2026-07-01T07:19:55.439342+00:00,2026-07-01T07:20:21.430508+00:00,True,M1-A-split-1,chrome|excel|notepad,0
ses_20260701-070320-JAYESH,B,給与備考・控除整備,PI-123250-001,reg,2026-07-01T07:18:08.582453+00:00,2026-07-01T07:18:29.839768+00:00,False,,chrome|excel|notepad,0
ses_20260701-070320-JAYESH,B,給与備考・控除整備,PI-123250-002,reg,2026-07-01T07:21:27.064786+00:00,2026-07-01T07:21:50.447923+00:00,False,,chrome|excel|notepad,0
ses_20260701-070320-JAYESH,B,給与備考・控除整備,PI-123250-003,reg,2026-07-01T07:28:22.266686+00:00,2026-07-01T07:28:43.176945+00:00,True,M1-B-split-1,chrome|excel|notepad,0
ses_20260701-070320-JAYESH,B,給与備考・控除整備,PI-123250-004,adj,2026-07-01T07:29:10.671285+00:00,2026-07-01T07:29:48.310526+00:00,True,M1-B-split-1,chrome|excel|notepad,0
ses_20260701-070320-JAYESH,C,育児・産休申請確認,LA-123250-001,,2026-07-01T07:12:32.384767+00:00,2026-07-01T07:13:11.627439+00:00,False,,chrome|notepad|onenote,0
ses_20260701-070320-JAYESH,C,育児・産休申請確認,LA-123250-002,,2026-07-01T07:16:57.168316+00:00,2026-07-01T07:17:31.977316+00:00,False,,chrome|notepad|onenote,0
ses_20260701-070320-JAYESH,C,育児・産休申請確認,LA-123250-003,,2026-07-01T07:21:52.176453+00:00,2026-07-01T07:22:33.969570+00:00,False,,chrome|notepad|onenote,0
ses_20260701-070320-JAYESH,D,社保・年金補正対応,SI-123250-001,,2026-07-01T07:08:45.958759+00:00,2026-07-01T07:09:44.729776+00:00,False,,chrome|notepad|teams,0
ses_20260701-070320-JAYESH,D,社保・年金補正対応,SI-123250-002,,2026-07-01T07:18:57.959148+00:00,2026-07-01T07:19:28.999033+00:00,False,,chrome|notepad|teams,0
ses_20260701-070320-JAYESH,D,社保・年金補正対応,SI-123250-003,,2026-07-01T07:24:52.564356+00:00,2026-07-01T07:25:27.944295+00:00,False,,chrome|notepad|teams,0
ses_20260701-070320-JAYESH,F,請求書承認,INV-123250-001,std,2026-07-01T07:06:03.422744+00:00,2026-07-01T07:06:28.978708+00:00,False,,chrome|excel|notepad,0
ses_20260701-070320-JAYESH,F,請求書承認,INV-123250-002,std,2026-07-01T07:12:04.605192+00:00,2026-07-01T07:12:32.382828+00:00,False,,chrome|excel|notepad,0
ses_20260701-070320-JAYESH,F,請求書承認,INV-123250-003,std,2026-07-01T07:23:46.156716+00:00,2026-07-01T07:24:15.634093+00:00,False,,chrome|excel|notepad,0
ses_20260701-070320-JAYESH,F,請求書承認,INV-123250-004,exc,2026-07-01T07:25:53.675159+00:00,2026-07-01T07:26:36.065428+00:00,False,,chrome|excel|notepad,0
ses_20260701-070320-JAYESH,G,経費精算承認,EXP-123250-001,reg,2026-07-01T07:09:44.731837+00:00,,False,,chrome|excel|notepad,0
ses_20260701-070320-JAYESH,G,経費精算承認,EXP-123250-002,reg,2026-07-01T07:10:08.916163+00:00,2026-07-01T07:10:27.654342+00:00,False,,chrome|excel|notepad,0
ses_20260701-070320-JAYESH,G,経費精算承認,EXP-123250-003,reg,2026-07-01T07:28:01.491885+00:00,2026-07-01T07:28:22.265179+00:00,False,,chrome|excel|notepad,0
ses_20260701-070320-JAYESH,H,銀行勘定照合,BR-123250-001,,2026-07-01T07:10:27.656336+00:00,2026-07-01T07:10:54.714014+00:00,False,,chrome|excel|notepad,0
ses_20260701-070320-JAYESH,H,銀行勘定照合,BR-123250-002,,2026-07-01T07:15:29.640210+00:00,2026-07-01T07:15:53.315946+00:00,False,,chrome|excel|notepad,0
ses_20260701-070320-JAYESH,H,銀行勘定照合,BR-123250-003,,2026-07-01T07:22:33.970852+00:00,2026-07-01T07:23:04.049803+00:00,False,,chrome|excel|notepad,0
ses_20260701-070320-JAYESH,H,銀行勘定照合,BR-123250-004,,2026-07-01T07:26:36.067169+00:00,2026-07-01T07:27:18.810910+00:00,False,,chrome|excel|notepad,0
ses_20260701-070320-JAYESH,I,予算差異分析,BV-123250-001,,2026-07-01T07:10:54.716855+00:00,2026-07-01T07:12:04.603898+00:00,False,,chrome|notepad|teams,0
ses_20260701-070320-JAYESH,I,予算差異分析,BV-123250-002,,2026-07-01T07:13:11.628976+00:00,2026-07-01T07:14:25.816286+00:00,False,,chrome|notepad|teams,0
ses_20260701-070320-JAYESH,I,予算差異分析,BV-123250-003,,2026-07-01T07:20:21.432180+00:00,2026-07-01T07:21:27.063753+00:00,False,,chrome|notepad|teams,0
ses_20260701-070320-JAYESH,J,支払処理,PM-123250-001,,2026-07-01T07:04:08.084182+00:00,,False,,chrome|excel|notepad|outlook,0
ses_20260701-070320-JAYESH,J,支払処理,PM-123250-002,,2026-07-01T07:04:36.188818+00:00,2026-07-01T07:05:04.969605+00:00,False,,chrome|excel|notepad|outlook,0
ses_20260701-070320-JAYESH,J,支払処理,PM-123250-003,,2026-07-01T07:28:43.179348+00:00,2026-07-01T07:29:10.670005+00:00,False,,chrome|excel|notepad|outlook,0
ses_20260701-070320-JAYESH,K,受注処理,ORD-123250-001,std,2026-07-01T07:05:04.971098+00:00,,False,,chrome|excel|notepad,0
ses_20260701-070320-JAYESH,K,受注処理,ORD-123250-002,std,2026-07-01T07:05:35.177619+00:00,2026-07-01T07:06:03.421589+00:00,False,,chrome|excel|notepad,0
ses_20260701-070320-JAYESH,K,受注処理,ORD-123250-003,std,2026-07-01T07:25:27.946066+00:00,2026-07-01T07:25:53.673996+00:00,False,,chrome|excel|notepad,0
ses_20260701-070320-JAYESH,K,受注処理,ORD-123250-004,exc,2026-07-01T07:27:18.811896+00:00,2026-07-01T07:28:01.490480+00:00,False,,chrome|excel|notepad,0
ses_20260701-070320-JAYESH,M,仕入先連絡,SUP-123250-001,,2026-07-01T07:06:28.980464+00:00,2026-07-01T07:07:11.275235+00:00,False,,chrome|notepad|onenote,0
ses_20260701-070320-JAYESH,M,仕入先連絡,SUP-123250-002,,2026-07-01T07:15:53.317748+00:00,2026-07-01T07:16:28.470832+00:00,False,,chrome|notepad|onenote,0
ses_20260701-070320-JAYESH,M,仕入先連絡,SUP-123250-003,,2026-07-01T07:23:04.051057+00:00,2026-07-01T07:23:46.154160+00:00,False,,chrome|notepad|onenote,0
ses_20260701-070320-JAYESH,N,出荷追跡,SHP-123250-001,,2026-07-01T07:07:11.276640+00:00,2026-07-01T07:08:45.957492+00:00,False,,chrome|notepad|teams,0
ses_20260701-070320-JAYESH,N,出荷追跡,SHP-123250-002,,2026-07-01T07:17:31.978111+00:00,2026-07-01T07:18:08.581274+00:00,False,,chrome|notepad|teams,0
ses_20260701-070320-JAYESH,N,出荷追跡,SHP-123250-003,,2026-07-01T07:24:15.635418+00:00,2026-07-01T07:24:52.562834+00:00,False,,chrome|notepad|teams,0
ses_20260701-071849-Marcos,B,給与備考・控除整備,PI-124819-001,reg,2026-07-01T07:20:05.952504+00:00,2026-07-01T07:20:59.823517+00:00,False,,chrome|excel|notepad,0
ses_20260701-071849-Marcos,B,給与備考・控除整備,PI-124819-002,reg,2026-07-01T07:31:39.782361+00:00,2026-07-01T07:32:02.272926+00:00,False,,chrome|excel|notepad,0
ses_20260701-071849-Marcos,B,給与備考・控除整備,PI-124819-003,reg,2026-07-01T07:38:17.013133+00:00,2026-07-01T07:39:28.626476+00:00,True,M1-B-split-1,chrome|excel|notepad,0
ses_20260701-071849-Marcos,C,育児・産休申請確認,LA-124819-001,,2026-07-01T07:20:59.824571+00:00,2026-07-01T07:21:34.047647+00:00,False,,chrome|notepad|onenote,0
ses_20260701-071849-Marcos,C,育児・産休申請確認,LA-124819-002,,2026-07-01T07:29:51.157119+00:00,2026-07-01T07:30:26.776378+00:00,False,,chrome|notepad|onenote,0
ses_20260701-071849-Marcos,C,育児・産休申請確認,LA-124819-003,,2026-07-01T07:30:57.028033+00:00,2026-07-01T07:31:39.781126+00:00,False,,chrome|notepad|onenote,0
ses_20260701-071849-Marcos,C,育児・産休申請確認,LA-124819-004,,2026-07-01T07:34:39.308943+00:00,2026-07-01T07:35:22.578201+00:00,False,,chrome|notepad|onenote,0
ses_20260701-071849-Marcos,E,入社照合・手当確認,OB-124819-001,,2026-07-01T07:28:00.761039+00:00,2026-07-01T07:28:24.619396+00:00,False,,chrome|excel|notepad,0
ses_20260701-071849-Marcos,E,入社照合・手当確認,OB-124819-002,,2026-07-01T07:36:22.810654+00:00,2026-07-01T07:36:50.037123+00:00,False,,chrome|excel|notepad,0
ses_20260701-071849-Marcos,E,入社照合・手当確認,OB-124819-003,,2026-07-01T07:40:21.293821+00:00,2026-07-01T07:40:58.863881+00:00,False,,chrome|excel|notepad,0
ses_20260701-071849-Marcos,F,請求書承認,INV-124819-001,std,2026-07-01T07:19:36.661215+00:00,2026-07-01T07:20:05.951639+00:00,False,,chrome|excel|notepad,0
ses_20260701-071849-Marcos,F,請求書承認,INV-124819-002,std,2026-07-01T07:21:34.048577+00:00,,False,,chrome|excel|notepad,0
ses_20260701-071849-Marcos,F,請求書承認,INV-124819-003,std,2026-07-01T07:21:58.221290+00:00,2026-07-01T07:23:47.217443+00:00,False,,chrome|excel|notepad,0
ses_20260701-071849-Marcos,G,経費精算承認,EXP-124819-001,reg,2026-07-01T07:28:24.620382+00:00,2026-07-01T07:28:47.633546+00:00,False,,chrome|excel|notepad,0
ses_20260701-071849-Marcos,G,経費精算承認,EXP-124819-002,reg,2026-07-01T07:37:12.167993+00:00,,False,,chrome|excel|notepad,0
ses_20260701-071849-Marcos,G,経費精算承認,EXP-124819-003,reg,2026-07-01T07:37:32.562799+00:00,2026-07-01T07:37:51.066109+00:00,False,,chrome|excel|notepad,0
ses_20260701-071849-Marcos,I,予算差異分析,BV-124819-001,,2026-07-01T07:23:47.218347+00:00,2026-07-01T07:26:42.203862+00:00,False,,chrome|notepad|teams,0
ses_20260701-071849-Marcos,I,予算差異分析,BV-124819-002,,2026-07-01T07:27:02.272174+00:00,2026-07-01T07:28:00.760158+00:00,False,,chrome|notepad|teams,0
ses_20260701-071849-Marcos,I,予算差異分析,BV-124819-003,,2026-07-01T07:28:47.634322+00:00,2026-07-01T07:29:51.156454+00:00,False,,chrome|notepad|teams,0
ses_20260701-071849-Marcos,L,在庫調整,STK-124819-001,reg,2026-07-01T07:26:42.204785+00:00,2026-07-01T07:27:02.270955+00:00,False,,chrome|excel|notepad,0
ses_20260701-071849-Marcos,L,在庫調整,STK-124819-002,reg,2026-07-01T07:35:58.446876+00:00,2026-07-01T07:36:22.809940+00:00,False,,chrome|excel|notepad,0
ses_20260701-071849-Marcos,L,在庫調整,STK-124819-003,reg,2026-07-01T07:36:50.038206+00:00,2026-07-01T07:37:12.167094+00:00,False,,chrome|excel|notepad,0
ses_20260701-071849-Marcos,L,在庫調整,STK-124819-004,adj,2026-07-01T07:39:28.627674+00:00,2026-07-01T07:39:52.455884+00:00,False,,chrome|excel|notepad,0
ses_20260701-071849-Marcos,M,仕入先連絡,SUP-124819-001,,2026-07-01T07:32:53.919883+00:00,,False,,chrome|notepad|onenote,0
ses_20260701-071849-Marcos,M,仕入先連絡,SUP-124819-002,,2026-07-01T07:33:33.023180+00:00,,False,,chrome|notepad|onenote,0
ses_20260701-071849-Marcos,M,仕入先連絡,SUP-124819-003,,2026-07-01T07:34:05.557411+00:00,2026-07-01T07:34:39.308105+00:00,False,,chrome|notepad|onenote,0
ses_20260701-071849-Marcos,M,仕入先連絡,SUP-124819-004,,2026-07-01T07:35:22.579138+00:00,2026-07-01T07:35:58.446018+00:00,False,,chrome|notepad|onenote,0
ses_20260701-071849-Marcos,O,返品処理,RET-124819-001,,2026-07-01T07:30:26.777301+00:00,2026-07-01T07:30:57.027054+00:00,False,,chrome|excel|notepad,0
ses_20260701-071849-Marcos,O,返品処理,RET-124819-002,,2026-07-01T07:37:51.067166+00:00,2026-07-01T07:38:17.012404+00:00,False,,chrome|excel|notepad,0
ses_20260701-071849-Marcos,O,返品処理,RET-124819-003,,2026-07-01T07:39:52.456542+00:00,2026-07-01T07:40:21.292961+00:00,False,,chrome|excel|notepad,0
ses_20260701-072319-MSI,A,住民税通知確認,RT-125329-001,std,2026-07-01T07:27:41.078882+00:00,,False,,chrome|excel|notepad,0
ses_20260701-072319-MSI,A,住民税通知確認,RT-125329-002,std,2026-07-01T07:28:03.381945+00:00,2026-07-01T07:28:32.654112+00:00,False,,chrome|excel|notepad,0
ses_20260701-072319-MSI,A,住民税通知確認,RT-125329-003,std,2026-07-01T07:31:47.403736+00:00,2026-07-01T07:34:21.481838+00:00,False,,chrome|excel|notepad,0
ses_20260701-072319-MSI,A,住民税通知確認,RT-125329-004,exc,2026-07-01T07:38:14.699819+00:00,2026-07-01T07:38:38.098009+00:00,False,,chrome|excel|notepad,0
ses_20260701-072319-MSI,B,給与備考・控除整備,PI-125329-001,reg,2026-07-01T07:25:47.021266+00:00,,False,,chrome|excel|notepad,0
ses_20260701-072319-MSI,B,給与備考・控除整備,PI-125329-002,reg,2026-07-01T07:26:11.394972+00:00,2026-07-01T07:26:28.036199+00:00,False,,chrome|excel|notepad,0
ses_20260701-072319-MSI,B,給与備考・控除整備,PI-125329-003,reg,2026-07-01T07:38:38.098787+00:00,,True,M1-B-split-1,chrome|excel|notepad,0
ses_20260701-072319-MSI,B,給与備考・控除整備,PI-125329-004,adj,2026-07-01T07:38:55.819336+00:00,2026-07-01T07:39:18.321760+00:00,True,M1-B-split-1,chrome|excel|notepad,0
ses_20260701-072319-MSI,C,育児・産休申請確認,LA-125329-001,,2026-07-01T07:25:07.863783+00:00,2026-07-01T07:25:47.020458+00:00,False,,chrome|notepad|onenote,0
ses_20260701-072319-MSI,C,育児・産休申請確認,LA-125329-002,,2026-07-01T07:26:58.480807+00:00,2026-07-01T07:27:41.078193+00:00,False,,chrome|notepad|onenote,0
ses_20260701-072319-MSI,C,育児・産休申請確認,LA-125329-003,,2026-07-01T07:29:04.287557+00:00,2026-07-01T07:29:45.169695+00:00,False,,chrome|notepad|onenote,0
ses_20260701-072319-MSI,C,育児・産休申請確認,LA-125329-004,,2026-07-01T07:34:21.482469+00:00,2026-07-01T07:35:32.955100+00:00,False,,chrome|notepad|onenote,0
ses_20260701-072319-MSI,D,社保・年金補正対応,SI-125329-001,,2026-07-01T07:28:32.654906+00:00,2026-07-01T07:29:04.286699+00:00,False,,chrome|notepad|teams,0
ses_20260701-072319-MSI,D,社保・年金補正対応,SI-125329-002,,2026-07-01T07:37:39.290462+00:00,2026-07-01T07:38:14.699043+00:00,False,,chrome|notepad|teams,0
ses_20260701-072319-MSI,D,社保・年金補正対応,SI-125329-003,,2026-07-01T07:39:43.164101+00:00,2026-07-01T07:40:21.188541+00:00,False,,chrome|notepad|teams,0
ses_20260701-072319-MSI,E,入社照合・手当確認,OB-125329-001,,2026-07-01T07:41:25.558920+00:00,,False,,chrome|excel|notepad,0
ses_20260701-072319-MSI,E,入社照合・手当確認,OB-125329-002,,2026-07-01T07:41:55.862746+00:00,2026-07-01T07:42:24.001208+00:00,False,,chrome|excel|notepad,0
ses_20260701-072319-MSI,E,入社照合・手当確認,OB-125329-003,,2026-07-01T07:42:53.541385+00:00,2026-07-01T07:43:23.512168+00:00,False,,chrome|excel|notepad,0
ses_20260701-072319-MSI,F,請求書承認,INV-125329-001,std,2026-07-01T07:26:29.689591+00:00,2026-07-01T07:26:58.480139+00:00,False,,chrome|excel|notepad,0
ses_20260701-072319-MSI,F,請求書承認,INV-125329-002,std,2026-07-01T07:37:14.716887+00:00,2026-07-01T07:37:37.146921+00:00,False,,chrome|excel|notepad,0
ses_20260701-072319-MSI,F,請求書承認,INV-125329-003,std,2026-07-01T07:39:18.322337+00:00,2026-07-01T07:39:43.163278+00:00,True,M1-F-split-1,chrome|excel|notepad,0
ses_20260701-072319-MSI,F,請求書承認,INV-125329-004,exc,2026-07-01T07:40:57.714384+00:00,2026-07-01T07:41:25.558036+00:00,True,M1-F-split-1,chrome|excel|notepad,0
ses_20260701-072319-MSI,F,請求書承認,INV-125329-005,exc,2026-07-01T07:42:24.001880+00:00,2026-07-01T07:42:53.540529+00:00,True,M1-F-split-1,chrome|excel|notepad,0
ses_20260701-072319-MSI,M,仕入先連絡,SUP-125329-001,,2026-07-01T07:24:31.513060+00:00,2026-07-01T07:25:07.863007+00:00,False,,chrome|notepad|onenote,0
ses_20260701-072319-MSI,M,仕入先連絡,SUP-125329-002,,2026-07-01T07:29:45.170625+00:00,2026-07-01T07:30:28.454197+00:00,False,,chrome|notepad|onenote,0
ses_20260701-072319-MSI,M,仕入先連絡,SUP-125329-003,,2026-07-01T07:31:06.892040+00:00,2026-07-01T07:31:47.403118+00:00,False,,chrome|notepad|onenote,0
ses_20260701-072319-MSI,M,仕入先連絡,SUP-125329-004,,2026-07-01T07:36:37.329866+00:00,2026-07-01T07:37:14.715882+00:00,False,,chrome|notepad|onenote,0
ses_20260701-072319-MSI,N,出荷追跡,SHP-125329-001,,2026-07-01T07:30:28.455294+00:00,2026-07-01T07:31:06.890791+00:00,False,,chrome|notepad|teams,0
ses_20260701-072319-MSI,N,出荷追跡,SHP-125329-002,,2026-07-01T07:35:32.955752+00:00,2026-07-01T07:36:11.027621+00:00,False,,chrome|notepad|teams,0
ses_20260701-072319-MSI,N,出荷追跡,SHP-125329-003,,2026-07-01T07:40:21.189164+00:00,2026-07-01T07:40:57.713548+00:00,False,,chrome|notepad|teams,0
ses_20260701-072319-MSI,O,返品処理,RET-125329-001,,2026-07-01T07:36:11.028242+00:00,2026-07-01T07:36:37.328771+00:00,False,,chrome|excel|notepad,0
ses_20260701-072319-MSI,O,返品処理,RET-125329-002,,2026-07-01T07:43:23.512822+00:00,,False,,chrome|excel|notepad,0
ses_20260701-072319-MSI,O,返品処理,RET-125329-003,,2026-07-01T07:43:51.984266+00:00,2026-07-01T07:44:26.772551+00:00,False,,chrome|excel|notepad,0
ses_20260701-072435-CHAITANYA0BCF,A,住民税通知確認,RT-125403-001,std,2026-07-01T07:33:50.909117+00:00,,False,,chrome|excel|notepad,0
ses_20260701-072435-CHAITANYA0BCF,A,住民税通知確認,RT-125403-002,std,2026-07-01T07:34:21.533316+00:00,2026-07-01T07:34:44.057909+00:00,False,,chrome|excel|notepad,0
ses_20260701-072435-CHAITANYA0BCF,A,住民税通知確認,RT-125403-003,std,2026-07-01T07:44:00.159293+00:00,2026-07-01T07:45:46.211628+00:00,True,M1-A-split-1,chrome|excel|notepad,0
ses_20260701-072435-CHAITANYA0BCF,A,住民税通知確認,RT-125403-004,exc,2026-07-01T07:47:02.369651+00:00,,True,M1-A-split-1,chrome|excel|notepad,0
ses_20260701-072435-CHAITANYA0BCF,A,住民税通知確認,RT-125403-005,exc,2026-07-01T07:47:28.899845+00:00,2026-07-01T07:48:01.320371+00:00,True,M1-A-split-1,chrome|excel|notepad,0
ses_20260701-072435-CHAITANYA0BCF,C,育児・産休申請確認,LA-125403-001,,2026-07-01T07:41:37.861649+00:00,,False,,chrome|notepad|onenote,0
ses_20260701-072435-CHAITANYA0BCF,C,育児・産休申請確認,LA-125403-002,,2026-07-01T07:42:13.583645+00:00,2026-07-01T07:42:50.259856+00:00,False,,chrome|notepad|onenote,0
ses_20260701-072435-CHAITANYA0BCF,C,育児・産休申請確認,LA-125403-003,,2026-07-01T07:45:46.214246+00:00,,False,,chrome|notepad|onenote,0
ses_20260701-072435-CHAITANYA0BCF,C,育児・産休申請確認,LA-125403-004,,2026-07-01T07:46:26.250448+00:00,2026-07-01T07:47:02.368983+00:00,False,,chrome|notepad|onenote,0
ses_20260701-072435-CHAITANYA0BCF,G,経費精算承認,EXP-125403-001,reg,2026-07-01T07:25:53.404860+00:00,2026-07-01T07:26:16.724192+00:00,False,,chrome|excel|notepad,0
ses_20260701-072435-CHAITANYA0BCF,G,経費精算承認,EXP-125403-002,reg,2026-07-01T07:29:06.132297+00:00,2026-07-01T07:29:25.595060+00:00,False,,chrome|excel|notepad,0
ses_20260701-072435-CHAITANYA0BCF,G,経費精算承認,EXP-125403-003,reg,2026-07-01T07:33:24.348280+00:00,2026-07-01T07:33:50.909117+00:00,False,,chrome|excel|notepad,0
ses_20260701-072435-CHAITANYA0BCF,G,経費精算承認,EXP-125403-004,adj,2026-07-01T07:34:45.989521+00:00,2026-07-01T07:35:16.015737+00:00,False,,chrome|excel|notepad,0
ses_20260701-072435-CHAITANYA0BCF,H,銀行勘定照合,BR-125403-001,,2026-07-01T07:25:29.035438+00:00,2026-07-01T07:25:53.403285+00:00,False,,chrome|excel|notepad,0
ses_20260701-072435-CHAITANYA0BCF,H,銀行勘定照合,BR-125403-002,,2026-07-01T07:29:49.770549+00:00,,False,,chrome|excel|notepad,0
ses_20260701-072435-CHAITANYA0BCF,H,銀行勘定照合,BR-125403-003,,2026-07-01T07:30:18.622009+00:00,2026-07-01T07:30:55.647461+00:00,False,,chrome|excel|notepad,0
ses_20260701-072435-CHAITANYA0BCF,H,銀行勘定照合,BR-125403-004,,2026-07-01T07:35:16.016259+00:00,2026-07-01T07:35:38.430951+00:00,False,,chrome|excel|notepad,0
ses_20260701-072435-CHAITANYA0BCF,I,予算差異分析,BV-125403-001,,2026-07-01T07:26:41.614116+00:00,2026-07-01T07:27:42.417672+00:00,False,,chrome|notepad|teams,0
ses_20260701-072435-CHAITANYA0BCF,I,予算差異分析,BV-125403-002,,2026-07-01T07:36:03.476917+00:00,2026-07-01T07:37:03.856574+00:00,False,,chrome|notepad|teams,0
ses_20260701-072435-CHAITANYA0BCF,I,予算差異分析,BV-125403-003,,2026-07-01T07:38:35.104298+00:00,2026-07-01T07:39:38.713421+00:00,False,,chrome|notepad|teams,0
ses_20260701-072435-CHAITANYA0BCF,J,支払処理,PM-125403-001,,2026-07-01T07:26:16.726216+00:00,2026-07-01T07:26:41.613447+00:00,False,,chrome|excel|notepad|outlook,0
ses_20260701-072435-CHAITANYA0BCF,J,支払処理,PM-125403-002,,2026-07-01T07:28:19.891981+00:00,2026-07-01T07:28:45.190951+00:00,False,,chrome|excel|notepad|outlook,0
ses_20260701-072435-CHAITANYA0BCF,J,支払処理,PM-125403-003,,2026-07-01T07:30:55.653731+00:00,2026-07-01T07:31:31.659668+00:00,False,,chrome|excel|notepad|outlook,0
ses_20260701-072435-CHAITANYA0BCF,K,受注処理,ORD-125403-001,std,2026-07-01T07:31:31.662514+00:00,,False,,chrome|excel|notepad,0
ses_20260701-072435-CHAITANYA0BCF,K,受注処理,ORD-125403-002,std,2026-07-01T07:32:30.057780+00:00,2026-07-01T07:32:58.651060+00:00,False,,chrome|excel|notepad,0
ses_20260701-072435-CHAITANYA0BCF,K,受注処理,ORD-125403-003,std,2026-07-01T07:37:03.856574+00:00,2026-07-01T07:38:07.920721+00:00,True,M1-K-split-1,chrome|excel|notepad,0
ses_20260701-072435-CHAITANYA0BCF,K,受注処理,ORD-125403-004,exc,2026-07-01T07:39:38.713421+00:00,,True,M1-K-split-1,chrome|excel|notepad,0
ses_20260701-072435-CHAITANYA0BCF,K,受注処理,ORD-125403-005,exc,2026-07-01T07:40:36.980115+00:00,2026-07-01T07:41:37.860086+00:00,True,M1-K-split-1,chrome|excel|notepad,0
ses_20260701-072435-CHAITANYA0BCF,L,在庫調整,STK-125403-001,reg,2026-07-01T07:28:45.190951+00:00,2026-07-01T07:29:06.130973+00:00,False,,chrome|excel|notepad,0
ses_20260701-072435-CHAITANYA0BCF,L,在庫調整,STK-125403-002,reg,2026-07-01T07:29:25.596660+00:00,2026-07-01T07:29:49.768939+00:00,False,,chrome|excel|notepad,0
ses_20260701-072435-CHAITANYA0BCF,L,在庫調整,STK-125403-003,reg,2026-07-01T07:35:38.430951+00:00,2026-07-01T07:36:03.475395+00:00,False,,chrome|excel|notepad,0
ses_20260701-072435-CHAITANYA0BCF,L,在庫調整,STK-125403-004,adj,2026-07-01T07:38:07.922313+00:00,2026-07-01T07:38:35.102529+00:00,False,,chrome|excel|notepad,0
ses_20260701-072435-CHAITANYA0BCF,M,仕入先連絡,SUP-125403-001,,2026-07-01T07:27:42.417672+00:00,2026-07-01T07:28:19.891981+00:00,False,,chrome|notepad|onenote,0
ses_20260701-072435-CHAITANYA0BCF,M,仕入先連絡,SUP-125403-002,,2026-07-01T07:42:50.261172+00:00,,False,,chrome|notepad|onenote,0
ses_20260701-072435-CHAITANYA0BCF,M,仕入先連絡,SUP-125403-003,,2026-07-01T07:43:26.564911+00:00,2026-07-01T07:44:00.157697+00:00,False,,chrome|notepad|onenote,0
ses_20260701-074424-SIDDHIGUPTAB00B,B,給与備考・控除整備,PI-131352-001,reg,2026-07-01T07:46:10.418033+00:00,2026-07-01T07:47:03.380540+00:00,False,,chrome|excel|notepad,0
ses_20260701-074424-SIDDHIGUPTAB00B,B,給与備考・控除整備,PI-131352-002,reg,2026-07-01T07:47:35.261277+00:00,2026-07-01T07:47:55.606310+00:00,False,,chrome|excel|notepad,0
ses_20260701-074424-SIDDHIGUPTAB00B,B,給与備考・控除整備,PI-131352-003,reg,2026-07-01T07:56:55.807530+00:00,2026-07-01T07:59:43.113708+00:00,True,M1-B-split-1,chrome|excel|notepad,0
ses_20260701-074424-SIDDHIGUPTAB00B,E,入社照合・手当確認,OB-131352-001,,2026-07-01T07:49:48.968251+00:00,2026-07-01T07:50:18.958385+00:00,False,,chrome|excel|notepad,0
ses_20260701-074424-SIDDHIGUPTAB00B,E,入社照合・手当確認,OB-131352-002,,2026-07-01T07:52:35.294558+00:00,2026-07-01T07:53:02.022387+00:00,False,,chrome|excel|notepad,0
ses_20260701-074424-SIDDHIGUPTAB00B,E,入社照合・手当確認,OB-131352-003,,2026-07-01T07:55:09.989703+00:00,2026-07-01T07:55:41.928836+00:00,False,,chrome|excel|notepad,0
ses_20260701-074424-SIDDHIGUPTAB00B,F,請求書承認,INV-131352-001,std,2026-07-01T07:52:11.624947+00:00,2026-07-01T07:52:35.292923+00:00,False,,chrome|excel|notepad,0
ses_20260701-074424-SIDDHIGUPTAB00B,F,請求書承認,INV-131352-002,std,2026-07-01T07:53:02.027509+00:00,2026-07-01T07:53:27.379888+00:00,False,,chrome|excel|notepad,0
ses_20260701-074424-SIDDHIGUPTAB00B,F,請求書承認,INV-131352-003,std,2026-07-01T07:54:18.895078+00:00,,False,,chrome|excel|notepad,0
ses_20260701-074424-SIDDHIGUPTAB00B,F,請求書承認,INV-131352-004,exc,2026-07-01T07:54:42.045487+00:00,2026-07-01T07:55:09.988162+00:00,False,,chrome|excel|notepad,0
ses_20260701-074424-SIDDHIGUPTAB00B,G,経費精算承認,EXP-131352-001,reg,2026-07-01T07:45:12.997793+00:00,2026-07-01T07:45:39.656514+00:00,False,,chrome|excel|notepad,0
ses_20260701-074424-SIDDHIGUPTAB00B,G,経費精算承認,EXP-131352-002,reg,2026-07-01T07:53:27.382653+00:00,2026-07-01T07:53:50.121830+00:00,False,,chrome|excel|notepad,0
ses_20260701-074424-SIDDHIGUPTAB00B,G,経費精算承認,EXP-131352-003,reg,2026-07-01T07:56:07.745413+00:00,,False,,chrome|excel|notepad,0
ses_20260701-074424-SIDDHIGUPTAB00B,G,経費精算承認,EXP-131352-004,adj,2026-07-01T07:56:28.344281+00:00,2026-07-01T07:56:55.805279+00:00,False,,chrome|excel|notepad,0
ses_20260701-074424-SIDDHIGUPTAB00B,H,銀行勘定照合,BR-131352-001,,2026-07-01T07:47:03.383708+00:00,2026-07-01T07:47:35.259523+00:00,False,,chrome|excel|notepad,0
ses_20260701-074424-SIDDHIGUPTAB00B,H,銀行勘定照合,BR-131352-002,,2026-07-01T07:53:50.174603+00:00,2026-07-01T07:54:18.887125+00:00,False,,chrome|excel|notepad,0
ses_20260701-074424-SIDDHIGUPTAB00B,H,銀行勘定照合,BR-131352-003,,2026-07-01T07:55:41.935809+00:00,2026-07-01T07:56:07.741614+00:00,False,,chrome|excel|notepad,0
ses_20260701-074424-SIDDHIGUPTAB00B,H,銀行勘定照合,BR-131352-004,,2026-07-01T08:02:01.866470+00:00,2026-07-01T08:02:27.669280+00:00,False,,chrome|excel|notepad,0
ses_20260701-074424-SIDDHIGUPTAB00B,I,予算差異分析,BV-131352-001,,2026-07-01T07:48:23.531923+00:00,2026-07-01T07:49:48.960688+00:00,False,,chrome|notepad|teams,0
ses_20260701-074424-SIDDHIGUPTAB00B,I,予算差異分析,BV-131352-002,,2026-07-01T08:03:09.861974+00:00,2026-07-01T08:04:18.681730+00:00,False,,chrome|notepad|teams,0
ses_20260701-074424-SIDDHIGUPTAB00B,I,予算差異分析,BV-131352-003,,2026-07-01T08:06:36.024314+00:00,2026-07-01T08:07:55.604126+00:00,False,,chrome|notepad|teams,0
ses_20260701-074424-SIDDHIGUPTAB00B,K,受注処理,ORD-131352-001,std,2026-07-01T07:45:39.662172+00:00,2026-07-01T07:46:10.386051+00:00,False,,chrome|excel|notepad,0
ses_20260701-074424-SIDDHIGUPTAB00B,K,受注処理,ORD-131352-002,std,2026-07-01T08:01:38.416584+00:00,2026-07-01T08:02:00.270497+00:00,False,,chrome|excel|notepad,0
ses_20260701-074424-SIDDHIGUPTAB00B,K,受注処理,ORD-131352-003,std,2026-07-01T08:05:36.418556+00:00,,True,M1-K-split-1,chrome|excel|notepad,0
ses_20260701-074424-SIDDHIGUPTAB00B,K,受注処理,ORD-131352-004,exc,2026-07-01T08:06:05.779015+00:00,2026-07-01T08:06:36.019722+00:00,True,M1-K-split-1,chrome|excel|notepad,0
ses_20260701-074424-SIDDHIGUPTAB00B,M,仕入先連絡,SUP-131352-001,,2026-07-01T07:50:18.960136+00:00,2026-07-01T07:51:15.385712+00:00,False,,chrome|notepad|onenote,0
ses_20260701-074424-SIDDHIGUPTAB00B,M,仕入先連絡,SUP-131352-002,,2026-07-01T07:59:43.121679+00:00,2026-07-01T08:01:38.407143+00:00,False,,chrome|notepad|onenote,0
ses_20260701-074424-SIDDHIGUPTAB00B,M,仕入先連絡,SUP-131352-003,,2026-07-01T08:04:56.183704+00:00,2026-07-01T08:05:36.415614+00:00,False,,chrome|notepad|onenote,0
ses_20260701-074424-SIDDHIGUPTAB00B,N,出荷追跡,SHP-131352-001,,2026-07-01T07:51:15.388647+00:00,2026-07-01T07:52:11.605242+00:00,False,,chrome|notepad|teams,0
ses_20260701-074424-SIDDHIGUPTAB00B,N,出荷追跡,SHP-131352-002,,2026-07-01T08:02:27.670865+00:00,2026-07-01T08:03:09.844520+00:00,False,,chrome|notepad|teams,0
ses_20260701-074424-SIDDHIGUPTAB00B,N,出荷追跡,SHP-131352-003,,2026-07-01T08:04:18.683976+00:00,2026-07-01T08:04:56.179003+00:00,False,,chrome|notepad|teams,0
ses_20260701-075548-CHAITANYA0BCF,A,住民税通知確認,RT-132513-001,std,2026-07-01T07:56:42.270150+00:00,2026-07-01T07:57:06.849430+00:00,False,,chrome|excel|notepad,0
ses_20260701-075548-CHAITANYA0BCF,A,住民税通知確認,RT-132513-002,std,2026-07-01T07:57:27.709689+00:00,2026-07-01T07:57:53.711393+00:00,False,,chrome|excel|notepad,0
ses_20260701-075548-CHAITANYA0BCF,A,住民税通知確認,RT-132513-003,std,2026-07-01T08:01:49.779391+00:00,2026-07-01T08:02:18.771756+00:00,False,,chrome|excel|notepad,0
ses_20260701-075548-CHAITANYA0BCF,D,社保・年金補正対応,SI-132513-001,,2026-07-01T08:05:53.719882+00:00,2026-07-01T08:06:27.492670+00:00,False,,chrome|notepad|teams,0
ses_20260701-075548-CHAITANYA0BCF,D,社保・年金補正対応,SI-132513-002,,2026-07-01T08:08:22.728546+00:00,,False,,chrome|notepad|teams,0
ses_20260701-075548-CHAITANYA0BCF,D,社保・年金補正対応,SI-132513-003,,2026-07-01T08:09:01.169841+00:00,2026-07-01T08:09:37.618645+00:00,False,,chrome|notepad|teams,0
ses_20260701-075548-CHAITANYA0BCF,G,経費精算承認,EXP-132513-001,reg,2026-07-01T07:57:06.851035+00:00,2026-07-01T07:57:27.708143+00:00,False,,chrome|excel|notepad,0
ses_20260701-075548-CHAITANYA0BCF,G,経費精算承認,EXP-132513-002,reg,2026-07-01T07:58:43.023489+00:00,2026-07-01T07:59:07.355562+00:00,False,,chrome|excel|notepad,0
ses_20260701-075548-CHAITANYA0BCF,G,経費精算承認,EXP-132513-003,reg,2026-07-01T08:08:01.277743+00:00,2026-07-01T08:08:22.728546+00:00,False,,chrome|excel|notepad,0
ses_20260701-075548-CHAITANYA0BCF,K,受注処理,ORD-132513-001,std,2026-07-01T07:57:53.718046+00:00,,False,,chrome|excel|notepad,0
ses_20260701-075548-CHAITANYA0BCF,K,受注処理,ORD-132513-002,std,2026-07-01T07:58:19.644034+00:00,2026-07-01T07:58:43.023489+00:00,False,,chrome|excel|notepad,0
ses_20260701-075548-CHAITANYA0BCF,K,受注処理,ORD-132513-003,std,2026-07-01T08:00:07.596301+00:00,2026-07-01T08:00:36.382615+00:00,False,,chrome|excel|notepad,0
ses_20260701-075548-CHAITANYA0BCF,L,在庫調整,STK-132513-001,reg,2026-07-01T07:59:07.356083+00:00,2026-07-01T07:59:33.322581+00:00,False,,chrome|excel|notepad,0
ses_20260701-075548-CHAITANYA0BCF,L,在庫調整,STK-132513-002,reg,2026-07-01T08:02:18.773482+00:00,2026-07-01T08:02:42.304504+00:00,False,,chrome|excel|notepad,0
ses_20260701-075548-CHAITANYA0BCF,L,在庫調整,STK-132513-003,reg,2026-07-01T08:05:30.339451+00:00,2026-07-01T08:05:53.719882+00:00,True,M1-L-split-1,chrome|excel|notepad,0
ses_20260701-075548-CHAITANYA0BCF,M,仕入先連絡,SUP-132513-001,,2026-07-01T07:59:33.322581+00:00,2026-07-01T08:00:07.595773+00:00,False,,chrome|notepad|onenote,0
ses_20260701-075548-CHAITANYA0BCF,M,仕入先連絡,SUP-132513-002,,2026-07-01T08:02:43.875114+00:00,,False,,chrome|notepad|onenote,0
ses_20260701-075548-CHAITANYA0BCF,M,仕入先連絡,SUP-132513-003,,2026-07-01T08:04:53.010769+00:00,2026-07-01T08:05:30.337939+00:00,False,,chrome|notepad|onenote,0
ses_20260701-075548-CHAITANYA0BCF,N,出荷追跡,SHP-132513-001,,2026-07-01T08:00:36.384332+00:00,,False,,chrome|notepad|teams,0
ses_20260701-075548-CHAITANYA0BCF,N,出荷追跡,SHP-132513-002,,2026-07-01T08:01:09.013482+00:00,2026-07-01T08:01:49.778355+00:00,False,,chrome|notepad|teams,0
ses_20260701-075548-CHAITANYA0BCF,N,出荷追跡,SHP-132513-003,,2026-07-01T08:06:56.325247+00:00,2026-07-01T08:07:31.089425+00:00,False,,chrome|notepad|teams,0
ses_20260701-075548-CHAITANYA0BCF,O,返品処理,RET-132513-001,,2026-07-01T08:06:27.494640+00:00,2026-07-01T08:06:56.323092+00:00,False,,chrome|excel|notepad,0
ses_20260701-075548-CHAITANYA0BCF,O,返品処理,RET-132513-002,,2026-07-01T08:07:31.089937+00:00,2026-07-01T08:08:01.276208+00:00,False,,chrome|excel|notepad,0
ses_20260701-075548-CHAITANYA0BCF,O,返品処理,RET-132513-003,,2026-07-01T08:09:37.621174+00:00,2026-07-01T08:10:16.401482+00:00,False,,chrome|excel|notepad,0
ses_20260701-075604-LAPTOP-0IM1OHQH,A,住民税通知確認,RT-132457-001,std,2026-07-01T07:57:12.251773+00:00,2026-07-01T07:57:39.461211+00:00,False,,chrome|excel|notepad,0
ses_20260701-075604-LAPTOP-0IM1OHQH,A,住民税通知確認,RT-132457-002,std,2026-07-01T08:00:58.587580+00:00,2026-07-01T08:01:28.629909+00:00,False,,chrome|excel|notepad,0
ses_20260701-075604-LAPTOP-0IM1OHQH,A,住民税通知確認,RT-132457-003,std,2026-07-01T08:06:48.371748+00:00,2026-07-01T08:07:37.213279+00:00,True,M1-A-split-1,chrome|excel|notepad,0
ses_20260701-075604-LAPTOP-0IM1OHQH,A,住民税通知確認,RT-132457-004,exc,2026-07-01T08:08:57.803021+00:00,2026-07-01T08:09:22.159117+00:00,True,M1-A-split-1,chrome|excel|notepad,0
ses_20260701-075604-LAPTOP-0IM1OHQH,A,住民税通知確認,RT-132457-005,exc,2026-07-01T08:11:19.315460+00:00,2026-07-01T08:11:42.345183+00:00,True,M1-A-split-1,chrome|excel|notepad,0
ses_20260701-075604-LAPTOP-0IM1OHQH,B,給与備考・控除整備,PI-132457-001,reg,2026-07-01T07:58:49.508493+00:00,2026-07-01T07:59:08.392327+00:00,False,,chrome|excel|notepad,0
ses_20260701-075604-LAPTOP-0IM1OHQH,B,給与備考・控除整備,PI-132457-002,reg,2026-07-01T08:10:39.705254+00:00,,False,,chrome|excel|notepad,0
ses_20260701-075604-LAPTOP-0IM1OHQH,B,給与備考・控除整備,PI-132457-003,reg,2026-07-01T08:11:00.705404+00:00,2026-07-01T08:11:19.313162+00:00,False,,chrome|excel|notepad,0
ses_20260701-075604-LAPTOP-0IM1OHQH,C,育児・産休申請確認,LA-132457-001,,2026-07-01T07:59:08.395632+00:00,2026-07-01T07:59:58.739289+00:00,False,,chrome|notepad|onenote,0
ses_20260701-075604-LAPTOP-0IM1OHQH,C,育児・産休申請確認,LA-132457-002,,2026-07-01T08:02:37.984537+00:00,2026-07-01T08:03:26.559884+00:00,False,,chrome|notepad|onenote,0
ses_20260701-075604-LAPTOP-0IM1OHQH,C,育児・産休申請確認,LA-132457-003,,2026-07-01T08:05:59.114164+00:00,2026-07-01T08:06:48.369221+00:00,False,,chrome|notepad|onenote,0
ses_20260701-075604-LAPTOP-0IM1OHQH,C,育児・産休申請確認,LA-132457-004,,2026-07-01T08:08:07.244350+00:00,2026-07-01T08:08:57.783926+00:00,False,,chrome|notepad|onenote,0
ses_20260701-075604-LAPTOP-0IM1OHQH,D,社保・年金補正対応,SI-132457-001,,2026-07-01T07:58:08.325444+00:00,2026-07-01T07:58:49.492663+00:00,False,,chrome|notepad|teams,0
ses_20260701-075604-LAPTOP-0IM1OHQH,D,社保・年金補正対応,SI-132457-002,,2026-07-01T08:01:29.839096+00:00,2026-07-01T08:02:07.764075+00:00,False,,chrome|notepad|teams,0
ses_20260701-075604-LAPTOP-0IM1OHQH,D,社保・年金補正対応,SI-132457-003,,2026-07-01T08:09:22.162207+00:00,2026-07-01T08:10:02.197716+00:00,False,,chrome|notepad|teams,0
ses_20260701-075604-LAPTOP-0IM1OHQH,E,入社照合・手当確認,OB-132457-001,,2026-07-01T08:03:26.562380+00:00,2026-07-01T08:04:30.810480+00:00,False,,chrome|excel|notepad,0
ses_20260701-075604-LAPTOP-0IM1OHQH,E,入社照合・手当確認,OB-132457-002,,2026-07-01T08:11:42.347996+00:00,,False,,chrome|excel|notepad,0
ses_20260701-075604-LAPTOP-0IM1OHQH,E,入社照合・手当確認,OB-132457-003,,2026-07-01T08:12:10.735945+00:00,2026-07-01T08:12:34.549058+00:00,False,,chrome|excel|notepad,0
ses_20260701-075604-LAPTOP-0IM1OHQH,H,銀行勘定照合,BR-132457-001,,2026-07-01T08:05:10.578900+00:00,2026-07-01T08:05:59.097242+00:00,False,,chrome|excel|notepad,0
ses_20260701-075604-LAPTOP-0IM1OHQH,H,銀行勘定照合,BR-132457-002,,2026-07-01T08:07:37.230364+00:00,2026-07-01T08:08:07.241257+00:00,False,,chrome|excel|notepad,0
ses_20260701-075604-LAPTOP-0IM1OHQH,H,銀行勘定照合,BR-132457-003,,2026-07-01T08:13:07.435359+00:00,,False,,chrome|excel|notepad,0
ses_20260701-075604-LAPTOP-0IM1OHQH,H,銀行勘定照合,BR-132457-004,,2026-07-01T08:13:36.538167+00:00,2026-07-01T08:14:06.369588+00:00,False,,chrome|excel|notepad,0
ses_20260701-075604-LAPTOP-0IM1OHQH,K,受注処理,ORD-132457-001,std,2026-07-01T07:56:43.819199+00:00,2026-07-01T07:57:12.249229+00:00,False,,chrome|excel|notepad,0
ses_20260701-075604-LAPTOP-0IM1OHQH,K,受注処理,ORD-132457-002,std,2026-07-01T07:57:39.463319+00:00,2026-07-01T07:58:08.323232+00:00,False,,chrome|excel|notepad,0
ses_20260701-075604-LAPTOP-0IM1OHQH,K,受注処理,ORD-132457-003,std,2026-07-01T08:00:35.184369+00:00,2026-07-01T08:00:58.585127+00:00,False,,chrome|excel|notepad,0
ses_20260701-075604-LAPTOP-0IM1OHQH,N,出荷追跡,SHP-132457-001,,2026-07-01T07:59:58.756007+00:00,2026-07-01T08:00:35.182148+00:00,False,,chrome|notepad|teams,0
ses_20260701-075604-LAPTOP-0IM1OHQH,N,出荷追跡,SHP-132457-002,,2026-07-01T08:04:30.812611+00:00,2026-07-01T08:05:10.562371+00:00,False,,chrome|notepad|teams,0
ses_20260701-075604-LAPTOP-0IM1OHQH,N,出荷追跡,SHP-132457-003,,2026-07-01T08:10:02.200017+00:00,2026-07-01T08:10:39.702925+00:00,False,,chrome|notepad|teams,0
ses_20260701-075604-LAPTOP-0IM1OHQH,O,返品処理,RET-132457-001,,2026-07-01T08:02:07.780784+00:00,2026-07-01T08:02:37.964409+00:00,False,,chrome|excel|notepad,0
ses_20260701-075604-LAPTOP-0IM1OHQH,O,返品処理,RET-132457-002,,2026-07-01T08:12:34.551547+00:00,2026-07-01T08:13:07.432256+00:00,False,,chrome|excel|notepad,0
ses_20260701-075604-LAPTOP-0IM1OHQH,O,返品処理,RET-132457-003,,2026-07-01T08:14:06.390311+00:00,2026-07-01T08:14:43.963969+00:00,False,,chrome|excel|notepad,0
ses_20260701-081120-SIDDHIGUPTAB00B,B,給与備考・控除整備,PI-134051-001,reg,2026-07-01T08:37:59.854466+00:00,2026-07-01T08:38:52.478747+00:00,False,,chrome|excel|notepad,0
ses_20260701-081120-SIDDHIGUPTAB00B,B,給与備考・控除整備,PI-134051-002,reg,2026-07-01T08:40:32.017574+00:00,2026-07-01T08:48:13.680083+00:00,False,,chrome|excel|notepad,0
ses_20260701-081120-SIDDHIGUPTAB00B,B,給与備考・控除整備,PI-134051-003,reg,2026-07-01T08:51:36.625342+00:00,2026-07-01T08:52:21.400370+00:00,True,M1-B-split-1,chrome|excel|notepad,0
ses_20260701-081120-SIDDHIGUPTAB00B,B,給与備考・控除整備,PI-134051-004,adj,2026-07-01T08:54:53.868883+00:00,2026-07-01T08:56:14.012001+00:00,True,M1-B-split-1,chrome|excel|notepad,0
ses_20260701-081120-SIDDHIGUPTAB00B,C,育児・産休申請確認,LA-134051-001,,2026-07-01T08:13:12.084768+00:00,,False,,chrome|notepad|onenote,0
ses_20260701-081120-SIDDHIGUPTAB00B,C,育児・産休申請確認,LA-134051-002,,2026-07-01T08:13:54.358006+00:00,2026-07-01T08:14:27.364836+00:00,False,,chrome|notepad|onenote,0
ses_20260701-081120-SIDDHIGUPTAB00B,C,育児・産休申請確認,LA-134051-003,,2026-07-01T08:38:52.483424+00:00,,False,,chrome|notepad|onenote,0
ses_20260701-081120-SIDDHIGUPTAB00B,C,育児・産休申請確認,LA-134051-004,,2026-07-01T08:39:28.082790+00:00,2026-07-01T08:40:31.987513+00:00,False,,chrome|notepad|onenote,0
ses_20260701-081120-SIDDHIGUPTAB00B,D,社保・年金補正対応,SI-134051-001,,2026-07-01T08:49:45.870167+00:00,2026-07-01T08:50:22.468613+00:00,False,,chrome|notepad|teams,0
ses_20260701-081120-SIDDHIGUPTAB00B,D,社保・年金補正対応,SI-134051-002,,2026-07-01T08:53:21.222519+00:00,,False,,chrome|notepad|teams,0
ses_20260701-081120-SIDDHIGUPTAB00B,D,社保・年金補正対応,SI-134051-003,,2026-07-01T08:54:17.171437+00:00,2026-07-01T08:54:53.861360+00:00,False,,chrome|notepad|teams,0
ses_20260701-081120-SIDDHIGUPTAB00B,E,入社照合・手当確認,OB-134051-001,,2026-07-01T08:48:37.144255+00:00,2026-07-01T08:49:04.833329+00:00,False,,chrome|excel|notepad,0
ses_20260701-081120-SIDDHIGUPTAB00B,E,入社照合・手当確認,OB-134051-002,,2026-07-01T08:56:38.716046+00:00,,False,,chrome|excel|notepad,0
ses_20260701-081120-SIDDHIGUPTAB00B,E,入社照合・手当確認,OB-134051-003,,2026-07-01T08:57:07.797567+00:00,2026-07-01T08:57:55.983604+00:00,False,,chrome|excel|notepad,0
ses_20260701-081120-SIDDHIGUPTAB00B,J,支払処理,PM-134051-001,,2026-07-01T08:36:36.860081+00:00,2026-07-01T08:37:07.468102+00:00,False,,chrome|excel|notepad|outlook,0
ses_20260701-081120-SIDDHIGUPTAB00B,J,支払処理,PM-134051-002,,2026-07-01T08:52:51.780197+00:00,2026-07-01T08:53:21.221216+00:00,False,,chrome|excel|notepad|outlook,0
ses_20260701-081120-SIDDHIGUPTAB00B,J,支払処理,PM-134051-003,,2026-07-01T08:56:14.015772+00:00,2026-07-01T08:56:38.714469+00:00,False,,chrome|excel|notepad|outlook,0
ses_20260701-081120-SIDDHIGUPTAB00B,K,受注処理,ORD-134051-001,std,2026-07-01T08:12:08.126505+00:00,2026-07-01T08:12:34.892430+00:00,False,,chrome|excel|notepad,0
ses_20260701-081120-SIDDHIGUPTAB00B,K,受注処理,ORD-134051-002,std,2026-07-01T08:14:55.451714+00:00,2026-07-01T08:15:20.799923+00:00,False,,chrome|excel|notepad,0
ses_20260701-081120-SIDDHIGUPTAB00B,K,受注処理,ORD-134051-003,std,2026-07-01T08:34:25.638371+00:00,2026-07-01T08:34:58.570563+00:00,False,,chrome|excel|notepad,0
ses_20260701-081120-SIDDHIGUPTAB00B,L,在庫調整,STK-134051-001,reg,2026-07-01T08:37:07.469272+00:00,,False,,chrome|excel|notepad,0
ses_20260701-081120-SIDDHIGUPTAB00B,L,在庫調整,STK-134051-002,reg,2026-07-01T08:37:38.850100+00:00,2026-07-01T08:37:58.179239+00:00,False,,chrome|excel|notepad,0
ses_20260701-081120-SIDDHIGUPTAB00B,L,在庫調整,STK-134051-003,reg,2026-07-01T08:50:22.469964+00:00,2026-07-01T08:50:45.059085+00:00,True,M1-L-split-1,chrome|excel|notepad,0
ses_20260701-081120-SIDDHIGUPTAB00B,L,在庫調整,STK-134051-004,adj,2026-07-01T08:51:09.602696+00:00,2026-07-01T08:51:36.619060+00:00,True,M1-L-split-1,chrome|excel|notepad,0
ses_20260701-081120-SIDDHIGUPTAB00B,M,仕入先連絡,SUP-134051-001,,2026-07-01T08:12:34.896645+00:00,2026-07-01T08:13:12.083056+00:00,False,,chrome|notepad|onenote,0
ses_20260701-081120-SIDDHIGUPTAB00B,M,仕入先連絡,SUP-134051-002,,2026-07-01T08:15:20.801122+00:00,2026-07-01T08:34:25.625658+00:00,False,,chrome|notepad|onenote,0
ses_20260701-081120-SIDDHIGUPTAB00B,M,仕入先連絡,SUP-134051-003,,2026-07-01T08:34:58.573242+00:00,2026-07-01T08:36:36.857626+00:00,False,,chrome|notepad|onenote,0
ses_20260701-081120-SIDDHIGUPTAB00B,M,仕入先連絡,SUP-134051-004,,2026-07-01T08:49:04.838493+00:00,2026-07-01T08:49:45.866968+00:00,False,,chrome|notepad|onenote,0
ses_20260701-081120-SIDDHIGUPTAB00B,O,返品処理,RET-134051-001,,2026-07-01T08:14:27.365999+00:00,2026-07-01T08:14:55.449978+00:00,False,,chrome|excel|notepad,0
ses_20260701-081120-SIDDHIGUPTAB00B,O,返品処理,RET-134051-002,,2026-07-01T08:50:45.068594+00:00,2026-07-01T08:51:09.596363+00:00,False,,chrome|excel|notepad,0
ses_20260701-081120-SIDDHIGUPTAB00B,O,返品処理,RET-134051-003,,2026-07-01T08:52:21.404669+00:00,2026-07-01T08:52:51.778558+00:00,False,,chrome|excel|notepad,0
ses_20260701-081732-CHAITANYA0BCF,A,住民税通知確認,RT-134655-001,std,2026-07-01T08:21:32.970961+00:00,,False,,chrome|excel|notepad,0
ses_20260701-081732-CHAITANYA0BCF,A,住民税通知確認,RT-134655-002,std,2026-07-01T08:22:03.695975+00:00,2026-07-01T08:22:30.895221+00:00,False,,chrome|excel|notepad,0
ses_20260701-081732-CHAITANYA0BCF,A,住民税通知確認,RT-134655-003,std,2026-07-01T08:23:01.547922+00:00,2026-07-01T08:23:26.695926+00:00,False,,chrome|excel|notepad,0
ses_20260701-081732-CHAITANYA0BCF,A,住民税通知確認,RT-134655-004,exc,2026-07-01T08:25:28.033743+00:00,2026-07-01T08:25:59.734629+00:00,False,,chrome|excel|notepad,0
ses_20260701-081732-CHAITANYA0BCF,B,給与備考・控除整備,PI-134655-001,reg,2026-07-01T08:18:26.729670+00:00,2026-07-01T08:18:48.864436+00:00,False,,chrome|excel|notepad,0
ses_20260701-081732-CHAITANYA0BCF,B,給与備考・控除整備,PI-134655-002,reg,2026-07-01T08:28:40.924265+00:00,2026-07-01T08:29:06.220488+00:00,False,,chrome|excel|notepad,0
ses_20260701-081732-CHAITANYA0BCF,B,給与備考・控除整備,PI-134655-003,reg,2026-07-01T08:34:51.411417+00:00,2026-07-01T08:35:12.168650+00:00,False,,chrome|excel|notepad,0
ses_20260701-081732-CHAITANYA0BCF,E,入社照合・手当確認,OB-134655-001,,2026-07-01T08:25:59.736021+00:00,2026-07-01T08:26:29.050127+00:00,False,,chrome|excel|notepad,0
ses_20260701-081732-CHAITANYA0BCF,E,入社照合・手当確認,OB-134655-002,,2026-07-01T08:35:12.169066+00:00,,False,,chrome|excel|notepad,0
ses_20260701-081732-CHAITANYA0BCF,E,入社照合・手当確認,OB-134655-003,,2026-07-01T08:35:41.029935+00:00,2026-07-01T08:36:37.368153+00:00,False,,chrome|excel|notepad,0
ses_20260701-081732-CHAITANYA0BCF,I,予算差異分析,BV-134655-001,,2026-07-01T08:27:31.777606+00:00,2026-07-01T08:28:40.923173+00:00,False,,chrome|notepad|teams,0
ses_20260701-081732-CHAITANYA0BCF,I,予算差異分析,BV-134655-002,,2026-07-01T08:30:41.846395+00:00,,False,,chrome|notepad|teams,0
ses_20260701-081732-CHAITANYA0BCF,I,予算差異分析,BV-134655-003,,2026-07-01T08:32:15.295933+00:00,2026-07-01T08:33:18.845128+00:00,False,,chrome|notepad|teams,0
ses_20260701-081732-CHAITANYA0BCF,K,受注処理,ORD-134655-001,std,2026-07-01T08:22:30.896637+00:00,2026-07-01T08:23:01.547922+00:00,False,,chrome|excel|notepad,0
ses_20260701-081732-CHAITANYA0BCF,K,受注処理,ORD-134655-002,std,2026-07-01T08:26:29.050127+00:00,2026-07-01T08:26:54.435385+00:00,False,,chrome|excel|notepad,0
ses_20260701-081732-CHAITANYA0BCF,K,受注処理,ORD-134655-003,std,2026-07-01T08:29:06.222057+00:00,2026-07-01T08:29:31.175634+00:00,False,,chrome|excel|notepad,0
ses_20260701-081732-CHAITANYA0BCF,K,受注処理,ORD-134655-004,exc,2026-07-01T08:33:18.846714+00:00,2026-07-01T08:33:45.226477+00:00,False,,chrome|excel|notepad,0
ses_20260701-081732-CHAITANYA0BCF,L,在庫調整,STK-134655-001,reg,2026-07-01T08:18:48.865987+00:00,2026-07-01T08:19:42.571811+00:00,False,,chrome|excel|notepad,0
ses_20260701-081732-CHAITANYA0BCF,L,在庫調整,STK-134655-002,reg,2026-07-01T08:23:26.695926+00:00,2026-07-01T08:23:51.498692+00:00,False,,chrome|excel|notepad,0
ses_20260701-081732-CHAITANYA0BCF,L,在庫調整,STK-134655-003,reg,2026-07-01T08:33:45.228508+00:00,2026-07-01T08:34:51.408936+00:00,True,M1-L-split-1,chrome|excel|notepad,0
ses_20260701-081732-CHAITANYA0BCF,M,仕入先連絡,SUP-134655-001,,2026-07-01T08:19:42.573677+00:00,2026-07-01T08:20:22.457073+00:00,False,,chrome|notepad|onenote,0
ses_20260701-081732-CHAITANYA0BCF,M,仕入先連絡,SUP-134655-002,,2026-07-01T08:21:01.135424+00:00,2026-07-01T08:21:32.967785+00:00,False,,chrome|notepad|onenote,0
ses_20260701-081732-CHAITANYA0BCF,M,仕入先連絡,SUP-134655-003,,2026-07-01T08:26:54.436982+00:00,2026-07-01T08:27:31.776499+00:00,False,,chrome|notepad|onenote,0
ses_20260701-081732-CHAITANYA0BCF,N,出荷追跡,SHP-134655-001,,2026-07-01T08:20:22.458129+00:00,2026-07-01T08:21:01.133790+00:00,False,,chrome|notepad|teams,0
ses_20260701-081732-CHAITANYA0BCF,N,出荷追跡,SHP-134655-002,,2026-07-01T08:29:31.177968+00:00,,False,,chrome|notepad|teams,0
ses_20260701-081732-CHAITANYA0BCF,N,出荷追跡,SHP-134655-003,,2026-07-01T08:30:08.380815+00:00,2026-07-01T08:30:41.845813+00:00,False,,chrome|notepad|teams,0
ses_20260701-083656-LAPTOP-0IM1OHQH,A,住民税通知確認,RT-140614-001,std,2026-07-01T08:38:57.321455+00:00,2026-07-01T08:39:25.772464+00:00,False,,chrome|excel|notepad,0
ses_20260701-083656-LAPTOP-0IM1OHQH,A,住民税通知確認,RT-140614-002,std,2026-07-01T08:39:53.989969+00:00,2026-07-01T08:40:24.947221+00:00,False,,chrome|excel|notepad,0
ses_20260701-083656-LAPTOP-0IM1OHQH,A,住民税通知確認,RT-140614-003,std,2026-07-01T08:41:16.453394+00:00,2026-07-01T08:41:42.856628+00:00,False,,chrome|excel|notepad,0
ses_20260701-083656-LAPTOP-0IM1OHQH,B,給与備考・控除整備,PI-140614-001,reg,2026-07-01T08:38:36.172013+00:00,2026-07-01T08:38:57.319407+00:00,False,,chrome|excel|notepad,0
ses_20260701-083656-LAPTOP-0IM1OHQH,B,給与備考・控除整備,PI-140614-002,reg,2026-07-01T08:46:20.396705+00:00,2026-07-01T08:46:42.251339+00:00,False,,chrome|excel|notepad,0
ses_20260701-083656-LAPTOP-0IM1OHQH,B,給与備考・控除整備,PI-140614-003,reg,2026-07-01T08:52:44.362400+00:00,2026-07-01T08:53:07.952601+00:00,False,,chrome|excel|notepad,0
ses_20260701-083656-LAPTOP-0IM1OHQH,B,給与備考・控除整備,PI-140614-004,adj,2026-07-01T08:53:33.793918+00:00,2026-07-01T08:54:00.960082+00:00,False,,chrome|excel|notepad,0
ses_20260701-083656-LAPTOP-0IM1OHQH,D,社保・年金補正対応,SI-140614-001,,2026-07-01T08:40:24.963615+00:00,2026-07-01T08:41:16.451508+00:00,False,,chrome|notepad|teams,0
ses_20260701-083656-LAPTOP-0IM1OHQH,D,社保・年金補正対応,SI-140614-002,,2026-07-01T08:42:13.593928+00:00,2026-07-01T08:42:47.509786+00:00,False,,chrome|notepad|teams,0
ses_20260701-083656-LAPTOP-0IM1OHQH,D,社保・年金補正対応,SI-140614-003,,2026-07-01T08:47:43.435336+00:00,2026-07-01T08:48:23.452086+00:00,False,,chrome|notepad|teams,0
ses_20260701-083656-LAPTOP-0IM1OHQH,E,入社照合・手当確認,OB-140614-001,,2026-07-01T08:43:34.334817+00:00,2026-07-01T08:44:04.213004+00:00,False,,chrome|excel|notepad,0
ses_20260701-083656-LAPTOP-0IM1OHQH,E,入社照合・手当確認,OB-140614-002,,2026-07-01T08:46:42.255249+00:00,2026-07-01T08:47:05.018772+00:00,False,,chrome|excel|notepad,0
ses_20260701-083656-LAPTOP-0IM1OHQH,E,入社照合・手当確認,OB-140614-003,,2026-07-01T08:52:18.625349+00:00,2026-07-01T08:52:44.359467+00:00,False,,chrome|excel|notepad,0
ses_20260701-083656-LAPTOP-0IM1OHQH,F,請求書承認,INV-140614-001,std,2026-07-01T08:37:35.511261+00:00,2026-07-01T08:38:04.335255+00:00,False,,chrome|excel|notepad,0
ses_20260701-083656-LAPTOP-0IM1OHQH,F,請求書承認,INV-140614-002,std,2026-07-01T08:44:04.215528+00:00,2026-07-01T08:46:20.379208+00:00,False,,chrome|excel|notepad,0
ses_20260701-083656-LAPTOP-0IM1OHQH,F,請求書承認,INV-140614-003,std,2026-07-01T08:48:23.454391+00:00,2026-07-01T08:49:04.508851+00:00,False,,chrome|excel|notepad,0
ses_20260701-083656-LAPTOP-0IM1OHQH,F,請求書承認,INV-140614-004,exc,2026-07-01T08:49:58.191750+00:00,2026-07-01T08:50:26.053716+00:00,False,,chrome|excel|notepad,0
ses_20260701-083656-LAPTOP-0IM1OHQH,G,経費精算承認,EXP-140614-001,reg,2026-07-01T08:50:26.056375+00:00,2026-07-01T08:50:48.196871+00:00,False,,chrome|excel|notepad,0
ses_20260701-083656-LAPTOP-0IM1OHQH,G,経費精算承認,EXP-140614-002,reg,2026-07-01T08:51:50.544463+00:00,2026-07-01T08:52:18.622322+00:00,False,,chrome|excel|notepad,0
ses_20260701-083656-LAPTOP-0IM1OHQH,G,経費精算承認,EXP-140614-003,reg,2026-07-01T08:54:00.977904+00:00,,False,,chrome|excel|notepad,0
ses_20260701-083656-LAPTOP-0IM1OHQH,G,経費精算承認,EXP-140614-004,adj,2026-07-01T08:54:28.015951+00:00,2026-07-01T08:54:55.816611+00:00,False,,chrome|excel|notepad,0
ses_20260701-083656-LAPTOP-0IM1OHQH,K,受注処理,ORD-140614-001,std,2026-07-01T08:38:04.337817+00:00,2026-07-01T08:38:36.152632+00:00,False,,chrome|excel|notepad,0
ses_20260701-083656-LAPTOP-0IM1OHQH,K,受注処理,ORD-140614-002,std,2026-07-01T08:39:25.791029+00:00,2026-07-01T08:39:52.370941+00:00,False,,chrome|excel|notepad,0
ses_20260701-083656-LAPTOP-0IM1OHQH,K,受注処理,ORD-140614-003,std,2026-07-01T08:41:42.858939+00:00,2026-07-01T08:42:13.574949+00:00,True,M1-K-split-1,chrome|excel|notepad,0
ses_20260701-083656-LAPTOP-0IM1OHQH,L,在庫調整,STK-140614-001,reg,2026-07-01T08:42:47.524716+00:00,,False,,chrome|excel|notepad,0
ses_20260701-083656-LAPTOP-0IM1OHQH,L,在庫調整,STK-140614-002,reg,2026-07-01T08:43:11.629764+00:00,2026-07-01T08:43:32.649923+00:00,False,,chrome|excel|notepad,0
ses_20260701-083656-LAPTOP-0IM1OHQH,L,在庫調整,STK-140614-003,reg,2026-07-01T08:49:04.525429+00:00,2026-07-01T08:49:26.772587+00:00,True,M1-L-split-1,chrome|excel|notepad,0
ses_20260701-083656-LAPTOP-0IM1OHQH,L,在庫調整,STK-140614-004,adj,2026-07-01T08:51:27.761447+00:00,2026-07-01T08:51:50.542017+00:00,True,M1-L-split-1,chrome|excel|notepad,0
ses_20260701-083656-LAPTOP-0IM1OHQH,N,出荷追跡,SHP-140614-001,,2026-07-01T08:47:05.034344+00:00,2026-07-01T08:47:43.432703+00:00,False,,chrome|notepad|teams,0
ses_20260701-083656-LAPTOP-0IM1OHQH,N,出荷追跡,SHP-140614-002,,2026-07-01T08:49:26.796161+00:00,2026-07-01T08:49:58.175827+00:00,False,,chrome|notepad|teams,0
ses_20260701-083656-LAPTOP-0IM1OHQH,N,出荷追跡,SHP-140614-003,,2026-07-01T08:50:48.199140+00:00,2026-07-01T08:51:27.744659+00:00,False,,chrome|notepad|teams,0
ses_20260701-083656-LAPTOP-0IM1OHQH,O,返品処理,RET-140614-001,,2026-07-01T08:53:07.969353+00:00,2026-07-01T08:53:33.791721+00:00,False,,chrome|excel|notepad,0
ses_20260701-083656-LAPTOP-0IM1OHQH,O,返品処理,RET-140614-002,,2026-07-01T08:54:55.819183+00:00,,False,,chrome|excel|notepad,0
ses_20260701-083656-LAPTOP-0IM1OHQH,O,返品処理,RET-140614-003,,2026-07-01T08:55:27.356615+00:00,2026-07-01T08:56:02.526846+00:00,False,,chrome|excel|notepad,0
ses_20260701-090300-Marcos,A,住民税通知確認,RT-143234-001,std,2026-07-01T09:03:30.625658+00:00,2026-07-01T09:03:56.171208+00:00,False,,chrome|excel|notepad,0
ses_20260701-090300-Marcos,A,住民税通知確認,RT-143234-002,std,2026-07-01T09:07:46.245936+00:00,,False,,chrome|excel|notepad,0
ses_20260701-090300-Marcos,A,住民税通知確認,RT-143234-003,std,2026-07-01T09:08:10.902682+00:00,2026-07-01T09:08:38.840882+00:00,False,,chrome|excel|notepad,0
ses_20260701-090300-Marcos,D,社保・年金補正対応,SI-143234-001,,2026-07-01T09:22:25.022197+00:00,,False,,chrome|notepad|teams,0
ses_20260701-090300-Marcos,D,社保・年金補正対応,SI-143234-002,,2026-07-01T09:24:54.686519+00:00,,False,,chrome|notepad|teams,0
ses_20260701-090300-Marcos,D,社保・年金補正対応,SI-143234-003,,2026-07-01T09:25:52.350700+00:00,2026-07-01T09:26:49.819328+00:00,False,,chrome|notepad|teams,0
ses_20260701-090300-Marcos,F,請求書承認,INV-143234-001,std,2026-07-01T09:03:56.172124+00:00,2026-07-01T09:05:03.825192+00:00,False,,chrome|excel|notepad,0
ses_20260701-090300-Marcos,F,請求書承認,INV-143234-002,std,2026-07-01T09:06:09.217900+00:00,2026-07-01T09:06:34.196736+00:00,False,,chrome|excel|notepad,0
ses_20260701-090300-Marcos,F,請求書承認,INV-143234-003,std,2026-07-01T09:13:26.868133+00:00,,True,M1-F-split-1,chrome|excel|notepad,0
ses_20260701-090300-Marcos,F,請求書承認,INV-143234-004,exc,2026-07-01T09:14:12.663937+00:00,2026-07-01T09:15:00.929592+00:00,True,M1-F-split-1,chrome|excel|notepad,0
ses_20260701-090300-Marcos,F,請求書承認,INV-143234-005,exc,2026-07-01T09:21:04.682337+00:00,2026-07-01T09:22:01.739533+00:00,True,M1-F-split-1,chrome|excel|notepad,0
ses_20260701-090300-Marcos,H,銀行勘定照合,BR-143234-001,,2026-07-01T09:05:40.999076+00:00,2026-07-01T09:06:09.217235+00:00,False,,chrome|excel|notepad,0
ses_20260701-090300-Marcos,H,銀行勘定照合,BR-143234-002,,2026-07-01T09:11:51.952550+00:00,2026-07-01T09:12:37.913470+00:00,False,,chrome|excel|notepad,0
ses_20260701-090300-Marcos,H,銀行勘定照合,BR-143234-003,,2026-07-01T09:18:30.870871+00:00,2026-07-01T09:19:12.579645+00:00,False,,chrome|excel|notepad,0
ses_20260701-090300-Marcos,H,銀行勘定照合,BR-143234-004,,2026-07-01T09:22:01.740419+00:00,2026-07-01T09:22:25.021157+00:00,False,,chrome|excel|notepad,0
ses_20260701-090300-Marcos,I,予算差異分析,BV-143234-001,,2026-07-01T09:15:26.525549+00:00,,False,,chrome|notepad|teams,0
ses_20260701-090300-Marcos,I,予算差異分析,BV-143234-002,,2026-07-01T09:16:52.702709+00:00,2026-07-01T09:18:06.470253+00:00,False,,chrome|notepad|teams,0
ses_20260701-090300-Marcos,I,予算差異分析,BV-143234-003,,2026-07-01T09:19:47.237444+00:00,2026-07-01T09:21:04.681131+00:00,False,,chrome|notepad|teams,0
ses_20260701-090300-Marcos,J,支払処理,PM-143234-001,,2026-07-01T09:08:38.841878+00:00,,False,,chrome|excel|notepad|outlook,0
ses_20260701-090300-Marcos,J,支払処理,PM-143234-002,,2026-07-01T09:09:19.758941+00:00,,False,,chrome|excel|notepad|outlook,0
ses_20260701-090300-Marcos,J,支払処理,PM-143234-003,,2026-07-01T09:10:04.546251+00:00,2026-07-01T09:10:27.584754+00:00,False,,chrome|excel|notepad|outlook,0
ses_20260701-090300-Marcos,L,在庫調整,STK-143234-001,reg,2026-07-01T09:11:08.505414+00:00,,False,,chrome|excel|notepad,0
ses_20260701-090300-Marcos,L,在庫調整,STK-143234-002,reg,2026-07-01T09:11:30.740424+00:00,2026-07-01T09:11:51.951370+00:00,False,,chrome|excel|notepad,0
ses_20260701-090300-Marcos,L,在庫調整,STK-143234-003,reg,2026-07-01T09:15:00.930472+00:00,2026-07-01T09:15:26.524364+00:00,False,,chrome|excel|notepad,0
ses_20260701-090300-Marcos,L,在庫調整,STK-143234-004,adj,2026-07-01T09:18:06.471104+00:00,2026-07-01T09:18:30.869850+00:00,False,,chrome|excel|notepad,0
ses_20260701-090300-Marcos,M,仕入先連絡,SUP-143234-001,,2026-07-01T09:05:03.826280+00:00,2026-07-01T09:05:40.998121+00:00,False,,chrome|notepad|onenote,0
ses_20260701-090300-Marcos,M,仕入先連絡,SUP-143234-002,,2026-07-01T09:10:27.585871+00:00,2026-07-01T09:11:08.504551+00:00,False,,chrome|notepad|onenote,0
ses_20260701-090300-Marcos,M,仕入先連絡,SUP-143234-003,,2026-07-01T09:19:12.580660+00:00,2026-07-01T09:19:47.236674+00:00,False,,chrome|notepad|onenote,0
ses_20260701-090300-Marcos,N,出荷追跡,SHP-143234-001,,2026-07-01T09:12:37.914366+00:00,2026-07-01T09:13:26.867284+00:00,False,,chrome|notepad|teams,0
ses_20260701-090300-Marcos,N,出荷追跡,SHP-143234-002,,2026-07-01T09:26:49.820093+00:00,,False,,chrome|notepad|teams,0
ses_20260701-090300-Marcos,N,出荷追跡,SHP-143234-003,,2026-07-01T09:27:40.056774+00:00,2026-07-01T09:28:38.126063+00:00,False,,chrome|notepad|teams,0
ses_20260701-092027-SIDDHIGUPTAB00B,A,住民税通知確認,RT-144951-001,std,2026-07-01T09:23:17.392033+00:00,2026-07-01T09:23:49.122875+00:00,False,,chrome|excel|notepad,0
ses_20260701-092027-SIDDHIGUPTAB00B,A,住民税通知確認,RT-144951-002,std,2026-07-01T09:26:16.672952+00:00,2026-07-01T09:26:44.518695+00:00,False,,chrome|excel|notepad,0
ses_20260701-092027-SIDDHIGUPTAB00B,A,住民税通知確認,RT-144951-003,std,2026-07-01T09:31:10.393302+00:00,2026-07-01T09:33:25.274927+00:00,False,,chrome|excel|notepad,0
ses_20260701-092027-SIDDHIGUPTAB00B,A,住民税通知確認,RT-144951-004,exc,2026-07-01T09:38:00.132077+00:00,,False,,chrome|excel|notepad,0
ses_20260701-092027-SIDDHIGUPTAB00B,A,住民税通知確認,RT-144951-005,exc,2026-07-01T09:38:29.600701+00:00,2026-07-01T09:38:58.527723+00:00,False,,chrome|excel|notepad,0
ses_20260701-092027-SIDDHIGUPTAB00B,B,給与備考・控除整備,PI-144951-001,reg,2026-07-01T09:21:00.451545+00:00,2026-07-01T09:22:00.584233+00:00,False,,chrome|excel|notepad,0
ses_20260701-092027-SIDDHIGUPTAB00B,B,給与備考・控除整備,PI-144951-002,reg,2026-07-01T09:36:05.884854+00:00,2026-07-01T09:36:28.921251+00:00,False,,chrome|excel|notepad,0
ses_20260701-092027-SIDDHIGUPTAB00B,B,給与備考・控除整備,PI-144951-003,reg,2026-07-01T09:41:33.097231+00:00,2026-07-01T09:42:37.436497+00:00,True,M1-B-split-1,chrome|excel|notepad,0
ses_20260701-092027-SIDDHIGUPTAB00B,C,育児・産休申請確認,LA-144951-001,,2026-07-01T09:24:36.907711+00:00,2026-07-01T09:25:17.557577+00:00,False,,chrome|notepad|onenote,0
ses_20260701-092027-SIDDHIGUPTAB00B,C,育児・産休申請確認,LA-144951-002,,2026-07-01T09:29:08.142101+00:00,2026-07-01T09:29:49.076791+00:00,False,,chrome|notepad|onenote,0
ses_20260701-092027-SIDDHIGUPTAB00B,C,育児・産休申請確認,LA-144951-003,,2026-07-01T09:34:11.029866+00:00,2026-07-01T09:34:51.339856+00:00,False,,chrome|notepad|onenote,0
ses_20260701-092027-SIDDHIGUPTAB00B,D,社保・年金補正対応,SI-144951-001,,2026-07-01T09:38:58.529651+00:00,2026-07-01T09:39:42.603491+00:00,False,,chrome|notepad|teams,0
ses_20260701-092027-SIDDHIGUPTAB00B,D,社保・年金補正対応,SI-144951-002,,2026-07-01T09:43:32.739091+00:00,,False,,chrome|notepad|teams,0
ses_20260701-092027-SIDDHIGUPTAB00B,D,社保・年金補正対応,SI-144951-003,,2026-07-01T09:44:28.238030+00:00,2026-07-01T09:45:30.742208+00:00,False,,chrome|notepad|teams,0
ses_20260701-092027-SIDDHIGUPTAB00B,G,経費精算承認,EXP-144951-001,reg,2026-07-01T09:28:25.863233+00:00,,False,,chrome|excel|notepad,0
ses_20260701-092027-SIDDHIGUPTAB00B,G,経費精算承認,EXP-144951-002,reg,2026-07-01T09:28:46.679149+00:00,2026-07-01T09:29:08.140121+00:00,False,,chrome|excel|notepad,0
ses_20260701-092027-SIDDHIGUPTAB00B,G,経費精算承認,EXP-144951-003,reg,2026-07-01T09:37:08.956456+00:00,2026-07-01T09:37:35.502835+00:00,False,,chrome|excel|notepad,0
ses_20260701-092027-SIDDHIGUPTAB00B,J,支払処理,PM-144951-001,,2026-07-01T09:30:30.860383+00:00,2026-07-01T09:31:10.391651+00:00,False,,chrome|excel|notepad|outlook,0
ses_20260701-092027-SIDDHIGUPTAB00B,J,支払処理,PM-144951-002,,2026-07-01T09:35:28.480968+00:00,2026-07-01T09:36:05.881681+00:00,False,,chrome|excel|notepad|outlook,0
ses_20260701-092027-SIDDHIGUPTAB00B,J,支払処理,PM-144951-003,,2026-07-01T09:42:37.443375+00:00,2026-07-01T09:43:07.846949+00:00,False,,chrome|excel|notepad|outlook,0
ses_20260701-092027-SIDDHIGUPTAB00B,K,受注処理,ORD-144951-001,std,2026-07-01T09:25:17.559382+00:00,,False,,chrome|excel|notepad,0
ses_20260701-092027-SIDDHIGUPTAB00B,K,受注処理,ORD-144951-002,std,2026-07-01T09:25:48.642095+00:00,2026-07-01T09:26:16.671346+00:00,False,,chrome|excel|notepad,0
ses_20260701-092027-SIDDHIGUPTAB00B,K,受注処理,ORD-144951-003,std,2026-07-01T09:26:44.521396+00:00,2026-07-01T09:28:25.846920+00:00,False,,chrome|excel|notepad,0
ses_20260701-092027-SIDDHIGUPTAB00B,L,在庫調整,STK-144951-001,reg,2026-07-01T09:22:57.118322+00:00,2026-07-01T09:23:17.380759+00:00,False,,chrome|excel|notepad,0
ses_20260701-092027-SIDDHIGUPTAB00B,L,在庫調整,STK-144951-002,reg,2026-07-01T09:37:35.504420+00:00,2026-07-01T09:37:58.663894+00:00,False,,chrome|excel|notepad,0
ses_20260701-092027-SIDDHIGUPTAB00B,L,在庫調整,STK-144951-003,reg,2026-07-01T09:41:12.980515+00:00,2026-07-01T09:41:33.095282+00:00,True,M1-L-split-1,chrome|excel|notepad,0
ses_20260701-092027-SIDDHIGUPTAB00B,L,在庫調整,STK-144951-004,adj,2026-07-01T09:43:07.849628+00:00,2026-07-01T09:43:32.737572+00:00,True,M1-L-split-1,chrome|excel|notepad,0
ses_20260701-092027-SIDDHIGUPTAB00B,M,仕入先連絡,SUP-144951-001,,2026-07-01T09:23:49.152010+00:00,2026-07-01T09:24:36.905820+00:00,False,,chrome|notepad|onenote,0
ses_20260701-092027-SIDDHIGUPTAB00B,M,仕入先連絡,SUP-144951-002,,2026-07-01T09:29:49.079342+00:00,2026-07-01T09:30:30.857988+00:00,False,,chrome|notepad|onenote,0
ses_20260701-092027-SIDDHIGUPTAB00B,M,仕入先連絡,SUP-144951-003,,2026-07-01T09:34:51.341264+00:00,2026-07-01T09:35:28.478396+00:00,False,,chrome|notepad|onenote,0
ses_20260701-092027-SIDDHIGUPTAB00B,M,仕入先連絡,SUP-144951-004,,2026-07-01T09:40:36.391841+00:00,2026-07-01T09:41:12.978877+00:00,False,,chrome|notepad|onenote,0
ses_20260701-092027-SIDDHIGUPTAB00B,N,出荷追跡,SHP-144951-001,,2026-07-01T09:22:00.588798+00:00,2026-07-01T09:22:57.114651+00:00,False,,chrome|notepad|teams,0
ses_20260701-092027-SIDDHIGUPTAB00B,N,出荷追跡,SHP-144951-002,,2026-07-01T09:33:25.280143+00:00,2026-07-01T09:34:11.027413+00:00,False,,chrome|notepad|teams,0
ses_20260701-092027-SIDDHIGUPTAB00B,N,出荷追跡,SHP-144951-003,,2026-07-01T09:39:42.605907+00:00,2026-07-01T09:40:36.390390+00:00,False,,chrome|notepad|teams,0
ses_20260701-093900-Marcos,E,入社照合・手当確認,OB-150734-001,,2026-07-01T09:40:33.565908+00:00,2026-07-01T09:41:20.772358+00:00,False,,chrome|excel|notepad,0
ses_20260701-093900-Marcos,E,入社照合・手当確認,OB-150734-002,,2026-07-01T09:48:13.921651+00:00,2026-07-01T09:48:42.305241+00:00,False,,chrome|excel|notepad,0
ses_20260701-093900-Marcos,E,入社照合・手当確認,OB-150734-003,,2026-07-01T09:57:58.882346+00:00,2026-07-01T09:58:37.679247+00:00,False,,chrome|excel|notepad,0
ses_20260701-093900-Marcos,F,請求書承認,INV-150734-001,std,2026-07-01T09:46:15.313115+00:00,2026-07-01T09:46:43.480007+00:00,False,,chrome|excel|notepad,0
ses_20260701-093900-Marcos,F,請求書承認,INV-150734-002,std,2026-07-01T09:47:48.734067+00:00,2026-07-01T09:48:12.542752+00:00,False,,chrome|excel|notepad,0
ses_20260701-093900-Marcos,F,請求書承認,INV-150734-003,std,2026-07-01T09:52:07.828003+00:00,,True,M1-F-split-1,chrome|excel|notepad,0
ses_20260701-093900-Marcos,F,請求書承認,INV-150734-004,exc,2026-07-01T09:52:29.279642+00:00,2026-07-01T09:52:56.521274+00:00,True,M1-F-split-1,chrome|excel|notepad,0
ses_20260701-093900-Marcos,G,経費精算承認,EXP-150734-001,reg,2026-07-01T09:41:20.773071+00:00,2026-07-01T09:41:41.412525+00:00,False,,chrome|excel|notepad,0
ses_20260701-093900-Marcos,G,経費精算承認,EXP-150734-002,reg,2026-07-01T09:42:17.183030+00:00,,False,,chrome|excel|notepad,0
ses_20260701-093900-Marcos,G,経費精算承認,EXP-150734-003,reg,2026-07-01T09:42:34.092775+00:00,2026-07-01T09:42:56.932255+00:00,False,,chrome|excel|notepad,0
ses_20260701-093900-Marcos,G,経費精算承認,EXP-150734-004,adj,2026-07-01T09:45:47.378731+00:00,2026-07-01T09:46:15.312430+00:00,False,,chrome|excel|notepad,0
ses_20260701-093900-Marcos,I,予算差異分析,BV-150734-001,,2026-07-01T09:49:11.769615+00:00,,False,,chrome|notepad|teams,0
ses_20260701-093900-Marcos,I,予算差異分析,BV-150734-002,,2026-07-01T09:50:42.277993+00:00,2026-07-01T09:52:07.826950+00:00,False,,chrome|notepad|teams,0
ses_20260701-093900-Marcos,I,予算差異分析,BV-150734-003,,2026-07-01T09:55:48.923229+00:00,2026-07-01T09:57:10.263106+00:00,False,,chrome|notepad|teams,0
ses_20260701-093900-Marcos,J,支払処理,PM-150734-001,,2026-07-01T09:41:41.413125+00:00,2026-07-01T09:42:17.182291+00:00,False,,chrome|excel|notepad|outlook,0
ses_20260701-093900-Marcos,J,支払処理,PM-150734-002,,2026-07-01T09:43:24.338438+00:00,2026-07-01T09:44:19.859240+00:00,False,,chrome|excel|notepad|outlook,0
ses_20260701-093900-Marcos,J,支払処理,PM-150734-003,,2026-07-01T09:52:56.522090+00:00,2026-07-01T09:53:21.964140+00:00,False,,chrome|excel|notepad|outlook,0
ses_20260701-093900-Marcos,K,受注処理,ORD-150734-001,std,2026-07-01T09:39:29.390972+00:00,2026-07-01T09:39:54.420390+00:00,False,,chrome|excel|notepad,0
ses_20260701-093900-Marcos,K,受注処理,ORD-150734-002,std,2026-07-01T09:42:56.933437+00:00,2026-07-01T09:43:22.602142+00:00,False,,chrome|excel|notepad,0
ses_20260701-093900-Marcos,K,受注処理,ORD-150734-003,std,2026-07-01T09:48:42.306150+00:00,2026-07-01T09:49:11.768826+00:00,True,M1-K-split-1,chrome|excel|notepad,0
ses_20260701-093900-Marcos,K,受注処理,ORD-150734-004,exc,2026-07-01T09:53:21.965051+00:00,,True,M1-K-split-1,chrome|excel|notepad,0
ses_20260701-093900-Marcos,K,受注処理,ORD-150734-005,exc,2026-07-01T09:55:06.777987+00:00,2026-07-01T09:55:48.922052+00:00,True,M1-K-split-1,chrome|excel|notepad,0
ses_20260701-093900-Marcos,M,仕入先連絡,SUP-150734-001,,2026-07-01T09:39:54.421614+00:00,2026-07-01T09:40:33.564762+00:00,False,,chrome|notepad|onenote,0
ses_20260701-093900-Marcos,M,仕入先連絡,SUP-150734-002,,2026-07-01T09:44:19.859933+00:00,2026-07-01T09:44:57.663623+00:00,False,,chrome|notepad|onenote,0
ses_20260701-093900-Marcos,M,仕入先連絡,SUP-150734-003,,2026-07-01T09:46:43.481097+00:00,2026-07-01T09:47:20.413778+00:00,False,,chrome|notepad|onenote,0
ses_20260701-093900-Marcos,O,返品処理,RET-150734-001,,2026-07-01T09:44:57.664963+00:00,2026-07-01T09:45:47.377902+00:00,False,,chrome|excel|notepad,0
ses_20260701-093900-Marcos,O,返品処理,RET-150734-002,,2026-07-01T09:47:20.414677+00:00,2026-07-01T09:47:48.732885+00:00,False,,chrome|excel|notepad,0
ses_20260701-093900-Marcos,O,返品処理,RET-150734-003,,2026-07-01T09:57:10.264190+00:00,2026-07-01T09:57:58.881348+00:00,False,,chrome|excel|notepad,0
ses_20260701-095337-LAPTOP-0IM1OHQH,A,住民税通知確認,RT-152303-001,std,2026-07-01T09:53:55.716680+00:00,,False,,chrome|excel|notepad,0
ses_20260701-095337-LAPTOP-0IM1OHQH,A,住民税通知確認,RT-152303-002,std,2026-07-01T09:55:05.332562+00:00,2026-07-01T09:55:31.197581+00:00,False,,chrome|excel|notepad,0
ses_20260701-095337-LAPTOP-0IM1OHQH,A,住民税通知確認,RT-152303-003,std,2026-07-01T10:04:09.894633+00:00,2026-07-01T10:05:16.948432+00:00,True,M1-A-split-1,chrome|excel|notepad,0
ses_20260701-095337-LAPTOP-0IM1OHQH,A,住民税通知確認,RT-152303-004,exc,2026-07-01T10:07:40.673025+00:00,2026-07-01T10:09:07.193213+00:00,True,M1-A-split-1,chrome|excel|notepad,0
ses_20260701-095337-LAPTOP-0IM1OHQH,C,育児・産休申請確認,LA-152303-001,,2026-07-01T09:57:52.651098+00:00,,False,,chrome|notepad|onenote,0
ses_20260701-095337-LAPTOP-0IM1OHQH,C,育児・産休申請確認,LA-152303-002,,2026-07-01T09:58:44.381682+00:00,,False,,chrome|notepad|onenote,0
ses_20260701-095337-LAPTOP-0IM1OHQH,C,育児・産休申請確認,LA-152303-003,,2026-07-01T09:59:27.686096+00:00,2026-07-01T10:00:18.826938+00:00,False,,chrome|notepad|onenote,0
ses_20260701-095337-LAPTOP-0IM1OHQH,C,育児・産休申請確認,LA-152303-004,,2026-07-01T10:01:35.784222+00:00,2026-07-01T10:02:26.401282+00:00,False,,chrome|notepad|onenote,0
ses_20260701-095337-LAPTOP-0IM1OHQH,F,請求書承認,INV-152303-001,std,2026-07-01T10:00:18.829807+00:00,,False,,chrome|excel|notepad,0
ses_20260701-095337-LAPTOP-0IM1OHQH,F,請求書承認,INV-152303-002,std,2026-07-01T10:00:46.943471+00:00,2026-07-01T10:01:12.768181+00:00,False,,chrome|excel|notepad,0
ses_20260701-095337-LAPTOP-0IM1OHQH,F,請求書承認,INV-152303-003,std,2026-07-01T10:14:42.275128+00:00,,True,M1-F-split-1,chrome|excel|notepad,0
ses_20260701-095337-LAPTOP-0IM1OHQH,F,請求書承認,INV-152303-004,exc,2026-07-01T10:15:17.865172+00:00,2026-07-01T10:15:47.183424+00:00,True,M1-F-split-1,chrome|excel|notepad,0
ses_20260701-095337-LAPTOP-0IM1OHQH,G,経費精算承認,EXP-152303-001,reg,2026-07-01T09:57:10.735347+00:00,,False,,chrome|excel|notepad,0
ses_20260701-095337-LAPTOP-0IM1OHQH,G,経費精算承認,EXP-152303-002,reg,2026-07-01T09:57:30.985485+00:00,2026-07-01T09:57:52.648209+00:00,False,,chrome|excel|notepad,0
ses_20260701-095337-LAPTOP-0IM1OHQH,G,経費精算承認,EXP-152303-003,reg,2026-07-01T10:05:16.951949+00:00,2026-07-01T10:05:37.132450+00:00,False,,chrome|excel|notepad,0
ses_20260701-095337-LAPTOP-0IM1OHQH,G,経費精算承認,EXP-152303-004,adj,2026-07-01T10:07:14.496989+00:00,2026-07-01T10:07:40.670143+00:00,False,,chrome|excel|notepad,0
ses_20260701-095337-LAPTOP-0IM1OHQH,H,銀行勘定照合,BR-152303-001,,2026-07-01T10:16:11.798437+00:00,2026-07-01T10:16:36.396362+00:00,False,,chrome|excel|notepad,0
ses_20260701-095337-LAPTOP-0IM1OHQH,H,銀行勘定照合,BR-152303-002,,2026-07-01T10:17:01.754766+00:00,2026-07-01T10:17:26.738521+00:00,False,,chrome|excel|notepad,0
ses_20260701-095337-LAPTOP-0IM1OHQH,H,銀行勘定照合,BR-152303-003,,2026-07-01T10:20:47.370922+00:00,2026-07-01T10:21:35.999341+00:00,False,,chrome|excel|notepad,0
ses_20260701-095337-LAPTOP-0IM1OHQH,I,予算差異分析,BV-152303-001,,2026-07-01T10:02:26.403715+00:00,2026-07-01T10:04:09.891893+00:00,False,,chrome|notepad|teams,0
ses_20260701-095337-LAPTOP-0IM1OHQH,I,予算差異分析,BV-152303-002,,2026-07-01T10:05:37.135919+00:00,2026-07-01T10:07:14.493794+00:00,False,,chrome|notepad|teams,0
ses_20260701-095337-LAPTOP-0IM1OHQH,I,予算差異分析,BV-152303-003,,2026-07-01T10:19:12.720569+00:00,2026-07-01T10:20:47.367486+00:00,False,,chrome|notepad|teams,0
ses_20260701-095337-LAPTOP-0IM1OHQH,M,仕入先連絡,SUP-152303-001,,2026-07-01T09:56:26.074473+00:00,2026-07-01T09:57:10.732175+00:00,False,,chrome|notepad|onenote,0
ses_20260701-095337-LAPTOP-0IM1OHQH,M,仕入先連絡,SUP-152303-002,,2026-07-01T10:11:29.994337+00:00,2026-07-01T10:12:19.471179+00:00,False,,chrome|notepad|onenote,0
ses_20260701-095337-LAPTOP-0IM1OHQH,M,仕入先連絡,SUP-152303-003,,2026-07-01T10:13:56.504087+00:00,2026-07-01T10:14:42.271429+00:00,False,,chrome|notepad|onenote,0
ses_20260701-095337-LAPTOP-0IM1OHQH,M,仕入先連絡,SUP-152303-004,,2026-07-01T10:21:36.003259+00:00,2026-07-01T10:22:35.249613+00:00,False,,chrome|notepad|onenote,0
ses_20260701-095337-LAPTOP-0IM1OHQH,N,出荷追跡,SHP-152303-001,,2026-07-01T10:09:07.196317+00:00,2026-07-01T10:11:29.991275+00:00,False,,chrome|notepad|teams,0
ses_20260701-095337-LAPTOP-0IM1OHQH,N,出荷追跡,SHP-152303-002,,2026-07-01T10:12:19.475871+00:00,,False,,chrome|notepad|teams,0
ses_20260701-095337-LAPTOP-0IM1OHQH,N,出荷追跡,SHP-152303-003,,2026-07-01T10:13:11.061163+00:00,2026-07-01T10:13:56.500193+00:00,False,,chrome|notepad|teams,0
ses_20260701-095337-LAPTOP-0IM1OHQH,O,返品処理,RET-152303-001,,2026-07-01T10:15:47.187615+00:00,2026-07-01T10:16:11.795076+00:00,False,,chrome|excel|notepad,0
ses_20260701-095337-LAPTOP-0IM1OHQH,O,返品処理,RET-152303-002,,2026-07-01T10:16:36.399482+00:00,2026-07-01T10:17:01.751411+00:00,False,,chrome|excel|notepad,0
ses_20260701-095337-LAPTOP-0IM1OHQH,O,返品処理,RET-152303-003,,2026-07-01T10:17:26.741597+00:00,2026-07-01T10:19:12.717578+00:00,False,,chrome|excel|notepad,0
ses_20260701-100550-Marcos,A,住民税通知確認,RT-153520-001,std,2026-07-01T10:19:02.154317+00:00,2026-07-01T10:19:31.792405+00:00,False,,chrome|excel|notepad,0
ses_20260701-100550-Marcos,A,住民税通知確認,RT-153520-002,std,2026-07-01T10:20:38.335370+00:00,2026-07-01T10:21:03.037313+00:00,False,,chrome|excel|notepad,0
ses_20260701-100550-Marcos,A,住民税通知確認,RT-153520-003,std,2026-07-01T10:22:00.378326+00:00,2026-07-01T10:22:27.163904+00:00,False,,chrome|excel|notepad,0
ses_20260701-100550-Marcos,A,住民税通知確認,RT-153520-004,exc,2026-07-01T10:23:26.139953+00:00,2026-07-01T10:23:54.974143+00:00,False,,chrome|excel|notepad,0
ses_20260701-100550-Marcos,A,住民税通知確認,RT-153520-005,exc,2026-07-01T10:25:21.177860+00:00,2026-07-01T10:25:54.635878+00:00,False,,chrome|excel|notepad,0
ses_20260701-100550-Marcos,D,社保・年金補正対応,SI-153520-001,,2026-07-01T10:08:39.890333+00:00,2026-07-01T10:09:37.032875+00:00,False,,chrome|notepad|teams,0
ses_20260701-100550-Marcos,D,社保・年金補正対応,SI-153520-002,,2026-07-01T10:12:01.576221+00:00,2026-07-01T10:13:13.598070+00:00,False,,chrome|notepad|teams,0
ses_20260701-100550-Marcos,D,社保・年金補正対応,SI-153520-003,,2026-07-01T10:17:16.094033+00:00,2026-07-01T10:18:10.010819+00:00,False,,chrome|notepad|teams,0
ses_20260701-100550-Marcos,E,入社照合・手当確認,OB-153520-001,,2026-07-01T10:30:17.854171+00:00,,False,,chrome|excel|notepad,0
ses_20260701-100550-Marcos,E,入社照合・手当確認,OB-153520-002,,2026-07-01T10:30:41.451560+00:00,2026-07-01T10:31:07.187719+00:00,False,,chrome|excel|notepad,0
ses_20260701-100550-Marcos,E,入社照合・手当確認,OB-153520-003,,2026-07-01T10:32:17.052978+00:00,2026-07-01T10:33:12.235756+00:00,False,,chrome|excel|notepad,0
ses_20260701-100550-Marcos,F,請求書承認,INV-153520-001,std,2026-07-01T10:15:49.266747+00:00,2026-07-01T10:16:15.091911+00:00,False,,chrome|excel|notepad,0
ses_20260701-100550-Marcos,F,請求書承認,INV-153520-002,std,2026-07-01T10:18:38.945337+00:00,2026-07-01T10:19:00.274173+00:00,False,,chrome|excel|notepad,0
ses_20260701-100550-Marcos,F,請求書承認,INV-153520-003,std,2026-07-01T10:21:03.038416+00:00,,True,M1-F-split-1,chrome|excel|notepad,0
ses_20260701-100550-Marcos,F,請求書承認,INV-153520-004,exc,2026-07-01T10:21:32.451310+00:00,2026-07-01T10:22:00.376977+00:00,True,M1-F-split-1,chrome|excel|notepad,0
ses_20260701-100550-Marcos,G,経費精算承認,EXP-153520-001,reg,2026-07-01T10:06:19.979701+00:00,2026-07-01T10:06:42.139873+00:00,False,,chrome|excel|notepad,0
ses_20260701-100550-Marcos,G,経費精算承認,EXP-153520-002,reg,2026-07-01T10:09:37.033874+00:00,2026-07-01T10:09:57.152104+00:00,False,,chrome|excel|notepad,0
ses_20260701-100550-Marcos,G,経費精算承認,EXP-153520-003,reg,2026-07-01T10:13:13.599535+00:00,2026-07-01T10:13:37.670609+00:00,False,,chrome|excel|notepad,0
ses_20260701-100550-Marcos,G,経費精算承認,EXP-153520-004,adj,2026-07-01T10:18:10.011580+00:00,2026-07-01T10:18:38.944360+00:00,False,,chrome|excel|notepad,0
ses_20260701-100550-Marcos,I,予算差異分析,BV-153520-001,,2026-07-01T10:23:54.975394+00:00,2026-07-01T10:25:21.177031+00:00,False,,chrome|notepad|teams,0
ses_20260701-100550-Marcos,I,予算差異分析,BV-153520-002,,2026-07-01T10:27:04.437818+00:00,2026-07-01T10:28:21.616082+00:00,False,,chrome|notepad|teams,0
ses_20260701-100550-Marcos,I,予算差異分析,BV-153520-003,,2026-07-01T10:29:03.847788+00:00,2026-07-01T10:30:17.853308+00:00,False,,chrome|notepad|teams,0
ses_20260701-100550-Marcos,J,支払処理,PM-153520-001,,2026-07-01T10:13:37.671347+00:00,,False,,chrome|excel|notepad|outlook,0
ses_20260701-100550-Marcos,J,支払処理,PM-153520-002,,2026-07-01T10:14:19.777328+00:00,2026-07-01T10:15:00.274778+00:00,False,,chrome|excel|notepad|outlook,0
ses_20260701-100550-Marcos,J,支払処理,PM-153520-003,,2026-07-01T10:28:21.616780+00:00,2026-07-01T10:29:03.846533+00:00,False,,chrome|excel|notepad|outlook,0
ses_20260701-100550-Marcos,L,在庫調整,STK-153520-001,reg,2026-07-01T10:16:15.092871+00:00,2026-07-01T10:17:16.093159+00:00,False,,chrome|excel|notepad,0
ses_20260701-100550-Marcos,L,在庫調整,STK-153520-002,reg,2026-07-01T10:19:31.793422+00:00,2026-07-01T10:19:51.204200+00:00,False,,chrome|excel|notepad,0
ses_20260701-100550-Marcos,L,在庫調整,STK-153520-003,reg,2026-07-01T10:22:27.165113+00:00,2026-07-01T10:23:26.138880+00:00,True,M1-L-split-1,chrome|excel|notepad,0
ses_20260701-100550-Marcos,L,在庫調整,STK-153520-004,adj,2026-07-01T10:25:54.636743+00:00,2026-07-01T10:27:04.436736+00:00,True,M1-L-split-1,chrome|excel|notepad,0
ses_20260701-100550-Marcos,N,出荷追跡,SHP-153520-001,,2026-07-01T10:06:42.140975+00:00,,False,,chrome|notepad|teams,0
ses_20260701-100550-Marcos,N,出荷追跡,SHP-153520-002,,2026-07-01T10:07:41.015003+00:00,2026-07-01T10:08:39.889666+00:00,False,,chrome|notepad|teams,0
ses_20260701-100550-Marcos,N,出荷追跡,SHP-153520-003,,2026-07-01T10:09:57.153419+00:00,2026-07-01T10:12:01.574666+00:00,False,,chrome|notepad|teams,0
ses_20260701-100550-Marcos,O,返品処理,RET-153520-001,,2026-07-01T10:15:00.275859+00:00,2026-07-01T10:15:49.265924+00:00,False,,chrome|excel|notepad,0
ses_20260701-100550-Marcos,O,返品処理,RET-153520-002,,2026-07-01T10:31:07.188681+00:00,,False,,chrome|excel|notepad,0
ses_20260701-100550-Marcos,O,返品処理,RET-153520-003,,2026-07-01T10:31:48.332603+00:00,2026-07-01T10:32:17.052169+00:00,False,,chrome|excel|notepad,0
ses_20260701-103521-LAPTOP-0IM1OHQH,A,住民税通知確認,RT-160443-001,std,2026-07-01T10:35:40.686024+00:00,2026-07-01T10:36:07.049751+00:00,False,,chrome|excel|notepad,0
ses_20260701-103521-LAPTOP-0IM1OHQH,A,住民税通知確認,RT-160443-002,std,2026-07-01T10:41:08.083303+00:00,2026-07-01T10:41:36.073483+00:00,False,,chrome|excel|notepad,0
ses_20260701-103521-LAPTOP-0IM1OHQH,A,住民税通知確認,RT-160443-003,std,2026-07-01T10:44:44.490515+00:00,2026-07-01T10:45:10.459380+00:00,True,M1-A-split-1,chrome|excel|notepad,0
ses_20260701-103521-LAPTOP-0IM1OHQH,A,住民税通知確認,RT-160443-004,exc,2026-07-01T10:48:33.060382+00:00,2026-07-01T10:49:02.697501+00:00,True,M1-A-split-1,chrome|excel|notepad,0
ses_20260701-103521-LAPTOP-0IM1OHQH,A,住民税通知確認,RT-160443-005,exc,2026-07-01T10:50:06.961590+00:00,2026-07-01T10:51:54.301463+00:00,True,M1-A-split-1,chrome|excel|notepad,0
ses_20260701-103521-LAPTOP-0IM1OHQH,C,育児・産休申請確認,LA-160443-001,,2026-07-01T10:37:20.846667+00:00,2026-07-01T10:38:16.249775+00:00,False,,chrome|notepad|onenote,0
ses_20260701-103521-LAPTOP-0IM1OHQH,C,育児・産休申請確認,LA-160443-002,,2026-07-01T10:39:01.872263+00:00,2026-07-01T10:39:51.476011+00:00,False,,chrome|notepad|onenote,0
ses_20260701-103521-LAPTOP-0IM1OHQH,C,育児・産休申請確認,LA-160443-003,,2026-07-01T10:42:28.428900+00:00,2026-07-01T10:43:18.997453+00:00,False,,chrome|notepad|onenote,0
ses_20260701-103521-LAPTOP-0IM1OHQH,E,入社照合・手当確認,OB-160443-001,,2026-07-01T10:45:10.462560+00:00,2026-07-01T10:45:35.517317+00:00,False,,chrome|excel|notepad,0
ses_20260701-103521-LAPTOP-0IM1OHQH,E,入社照合・手当確認,OB-160443-002,,2026-07-01T10:46:25.192316+00:00,,False,,chrome|excel|notepad,0
ses_20260701-103521-LAPTOP-0IM1OHQH,E,入社照合・手当確認,OB-160443-003,,2026-07-01T10:47:14.591211+00:00,2026-07-01T10:47:38.018035+00:00,False,,chrome|excel|notepad,0
ses_20260701-103521-LAPTOP-0IM1OHQH,G,経費精算承認,EXP-160443-001,reg,2026-07-01T10:39:51.478996+00:00,2026-07-01T10:40:15.592602+00:00,False,,chrome|excel|notepad,0
ses_20260701-103521-LAPTOP-0IM1OHQH,G,経費精算承認,EXP-160443-002,reg,2026-07-01T10:49:02.701452+00:00,,False,,chrome|excel|notepad,0
ses_20260701-103521-LAPTOP-0IM1OHQH,G,経費精算承認,EXP-160443-003,reg,2026-07-01T10:49:22.619714+00:00,,False,,chrome|excel|notepad,0
ses_20260701-103521-LAPTOP-0IM1OHQH,G,経費精算承認,EXP-160443-004,adj,2026-07-01T10:49:44.359426+00:00,2026-07-01T10:50:06.957437+00:00,False,,chrome|excel|notepad,0
ses_20260701-103521-LAPTOP-0IM1OHQH,H,銀行勘定照合,BR-160443-001,,2026-07-01T10:36:07.053398+00:00,,False,,chrome|excel|notepad,0
ses_20260701-103521-LAPTOP-0IM1OHQH,H,銀行勘定照合,BR-160443-002,,2026-07-01T10:36:31.646092+00:00,2026-07-01T10:36:55.599623+00:00,False,,chrome|excel|notepad,0
ses_20260701-103521-LAPTOP-0IM1OHQH,H,銀行勘定照合,BR-160443-003,,2026-07-01T10:51:54.305440+00:00,,False,,chrome|excel|notepad,0
ses_20260701-103521-LAPTOP-0IM1OHQH,H,銀行勘定照合,BR-160443-004,,2026-07-01T10:52:23.078688+00:00,2026-07-01T10:52:49.778585+00:00,False,,chrome|excel|notepad,0
ses_20260701-103521-LAPTOP-0IM1OHQH,J,支払処理,PM-160443-001,,2026-07-01T10:47:38.021283+00:00,2026-07-01T10:48:33.056624+00:00,False,,chrome|excel|notepad|outlook,0
ses_20260701-103521-LAPTOP-0IM1OHQH,J,支払処理,PM-160443-002,,2026-07-01T10:54:12.167286+00:00,,False,,chrome|excel|notepad|outlook,0
ses_20260701-103521-LAPTOP-0IM1OHQH,J,支払処理,PM-160443-003,,2026-07-01T10:55:01.408165+00:00,2026-07-01T10:55:39.323293+00:00,False,,chrome|excel|notepad|outlook,0
ses_20260701-103521-LAPTOP-0IM1OHQH,L,在庫調整,STK-160443-001,reg,2026-07-01T10:36:55.602744+00:00,2026-07-01T10:37:20.843423+00:00,False,,chrome|excel|notepad,0
ses_20260701-103521-LAPTOP-0IM1OHQH,L,在庫調整,STK-160443-002,reg,2026-07-01T10:41:37.634020+00:00,,False,,chrome|excel|notepad,0
ses_20260701-103521-LAPTOP-0IM1OHQH,L,在庫調整,STK-160443-003,reg,2026-07-01T10:42:05.536046+00:00,2026-07-01T10:42:28.425853+00:00,False,,chrome|excel|notepad,0
ses_20260701-103521-LAPTOP-0IM1OHQH,M,仕入先連絡,SUP-160443-001,,2026-07-01T10:38:16.252684+00:00,2026-07-01T10:39:01.868834+00:00,False,,chrome|notepad|onenote,0
ses_20260701-103521-LAPTOP-0IM1OHQH,M,仕入先連絡,SUP-160443-002,,2026-07-01T10:40:15.596249+00:00,2026-07-01T10:41:08.080128+00:00,False,,chrome|notepad|onenote,0
ses_20260701-103521-LAPTOP-0IM1OHQH,M,仕入先連絡,SUP-160443-003,,2026-07-01T10:43:43.901267+00:00,2026-07-01T10:44:44.487114+00:00,False,,chrome|notepad|onenote,0
ses_20260701-103521-LAPTOP-0IM1OHQH,M,仕入先連絡,SUP-160443-004,,2026-07-01T10:45:35.521366+00:00,2026-07-01T10:46:25.189012+00:00,False,,chrome|notepad|onenote,0
ses_20260701-103521-LAPTOP-0IM1OHQH,O,返品処理,RET-160443-001,,2026-07-01T10:43:19.000869+00:00,2026-07-01T10:43:43.898243+00:00,False,,chrome|excel|notepad,0
ses_20260701-103521-LAPTOP-0IM1OHQH,O,返品処理,RET-160443-002,,2026-07-01T10:52:49.782512+00:00,,False,,chrome|excel|notepad,0
ses_20260701-103521-LAPTOP-0IM1OHQH,O,返品処理,RET-160443-003,,2026-07-01T10:53:23.610644+00:00,2026-07-01T10:54:12.163482+00:00,False,,chrome|excel|notepad,0
ses_20260701-103853-Marcos,B,給与備考・控除整備,PI-160804-001,reg,2026-07-01T10:41:42.129592+00:00,2026-07-01T10:42:43.849864+00:00,False,,chrome|excel|notepad,0
ses_20260701-103853-Marcos,B,給与備考・控除整備,PI-160804-002,reg,2026-07-01T10:44:33.118175+00:00,2026-07-01T10:44:56.793019+00:00,False,,chrome|excel|notepad,0
ses_20260701-103853-Marcos,B,給与備考・控除整備,PI-160804-003,reg,2026-07-01T10:51:35.510546+00:00,,True,M1-B-split-1,chrome|excel|notepad,0
ses_20260701-103853-Marcos,B,給与備考・控除整備,PI-160804-004,adj,2026-07-01T10:52:53.002346+00:00,2026-07-01T10:54:09.100854+00:00,True,M1-B-split-1,chrome|excel|notepad,0
ses_20260701-103853-Marcos,C,育児・産休申請確認,LA-160804-001,,2026-07-01T10:41:07.034815+00:00,2026-07-01T10:41:42.127996+00:00,False,,chrome|notepad|onenote,0
ses_20260701-103853-Marcos,C,育児・産休申請確認,LA-160804-002,,2026-07-01T10:46:04.788077+00:00,2026-07-01T10:46:40.300147+00:00,False,,chrome|notepad|onenote,0
ses_20260701-103853-Marcos,C,育児・産休申請確認,LA-160804-003,,2026-07-01T10:54:59.510501+00:00,2026-07-01T10:55:36.192514+00:00,False,,chrome|notepad|onenote,0
ses_20260701-103853-Marcos,F,請求書承認,INV-160804-001,std,2026-07-01T10:54:36.540760+00:00,2026-07-01T10:54:59.508978+00:00,False,,chrome|excel|notepad,0
ses_20260701-103853-Marcos,F,請求書承認,INV-160804-002,std,2026-07-01T10:55:59.924923+00:00,,False,,chrome|excel|notepad,0
ses_20260701-103853-Marcos,F,請求書承認,INV-160804-003,std,2026-07-01T10:56:24.220030+00:00,2026-07-01T10:56:48.129100+00:00,False,,chrome|excel|notepad,0
ses_20260701-103853-Marcos,F,請求書承認,INV-160804-004,exc,2026-07-01T10:57:28.120520+00:00,2026-07-01T10:57:50.802099+00:00,False,,chrome|excel|notepad,0
ses_20260701-103853-Marcos,G,経費精算承認,EXP-160804-001,reg,2026-07-01T10:40:48.923446+00:00,2026-07-01T10:41:07.033234+00:00,False,,chrome|excel|notepad,0
ses_20260701-103853-Marcos,G,経費精算承認,EXP-160804-002,reg,2026-07-01T10:42:43.851267+00:00,2026-07-01T10:43:08.163733+00:00,False,,chrome|excel|notepad,0
ses_20260701-103853-Marcos,G,経費精算承認,EXP-160804-003,reg,2026-07-01T10:44:12.381227+00:00,2026-07-01T10:44:33.116748+00:00,False,,chrome|excel|notepad,0
ses_20260701-103853-Marcos,G,経費精算承認,EXP-160804-004,adj,2026-07-01T10:47:37.756504+00:00,2026-07-01T10:48:02.975566+00:00,False,,chrome|excel|notepad,0
ses_20260701-103853-Marcos,H,銀行勘定照合,BR-160804-001,,2026-07-01T10:40:20.044109+00:00,2026-07-01T10:40:48.922702+00:00,False,,chrome|excel|notepad,0
ses_20260701-103853-Marcos,H,銀行勘定照合,BR-160804-002,,2026-07-01T10:50:34.024397+00:00,,False,,chrome|excel|notepad,0
ses_20260701-103853-Marcos,H,銀行勘定照合,BR-160804-003,,2026-07-01T10:51:13.129693+00:00,2026-07-01T10:51:35.509373+00:00,False,,chrome|excel|notepad,0
ses_20260701-103853-Marcos,J,支払処理,PM-160804-001,,2026-07-01T10:56:48.130219+00:00,2026-07-01T10:57:28.119321+00:00,False,,chrome|excel|notepad|outlook,0
ses_20260701-103853-Marcos,J,支払処理,PM-160804-002,,2026-07-01T10:58:20.444512+00:00,,False,,chrome|excel|notepad|outlook,0
ses_20260701-103853-Marcos,J,支払処理,PM-160804-003,,2026-07-01T10:59:08.123646+00:00,2026-07-01T11:00:07.129146+00:00,False,,chrome|excel|notepad|outlook,0
ses_20260701-103853-Marcos,K,受注処理,ORD-160804-001,std,2026-07-01T10:39:22.706110+00:00,2026-07-01T10:40:20.042905+00:00,False,,chrome|excel|notepad,0
ses_20260701-103853-Marcos,K,受注処理,ORD-160804-002,std,2026-07-01T10:43:08.164800+00:00,2026-07-01T10:43:35.655695+00:00,False,,chrome|excel|notepad,0
ses_20260701-103853-Marcos,K,受注処理,ORD-160804-003,std,2026-07-01T10:50:07.985850+00:00,2026-07-01T10:50:34.023372+00:00,True,M1-K-split-1,chrome|excel|notepad,0
ses_20260701-103853-Marcos,K,受注処理,ORD-160804-004,exc,2026-07-01T10:55:36.193953+00:00,2026-07-01T10:55:59.924066+00:00,True,M1-K-split-1,chrome|excel|notepad,0
ses_20260701-103853-Marcos,M,仕入先連絡,SUP-160804-001,,2026-07-01T10:43:37.329613+00:00,2026-07-01T10:44:12.380343+00:00,False,,chrome|notepad|onenote,0
ses_20260701-103853-Marcos,M,仕入先連絡,SUP-160804-002,,2026-07-01T10:45:29.795962+00:00,2026-07-01T10:46:04.786996+00:00,False,,chrome|notepad|onenote,0
ses_20260701-103853-Marcos,M,仕入先連絡,SUP-160804-003,,2026-07-01T10:47:05.081921+00:00,2026-07-01T10:47:37.755489+00:00,False,,chrome|notepad|onenote,0
ses_20260701-103853-Marcos,M,仕入先連絡,SUP-160804-004,,2026-07-01T10:48:02.976725+00:00,2026-07-01T10:50:07.985016+00:00,False,,chrome|notepad|onenote,0
ses_20260701-103853-Marcos,O,返品処理,RET-160804-001,,2026-07-01T10:46:40.301531+00:00,2026-07-01T10:47:05.081010+00:00,False,,chrome|excel|notepad,0
ses_20260701-103853-Marcos,O,返品処理,RET-160804-002,,2026-07-01T10:54:09.101560+00:00,2026-07-01T10:54:36.539842+00:00,False,,chrome|excel|notepad,0
ses_20260701-103853-Marcos,O,返品処理,RET-160804-003,,2026-07-01T10:57:50.803467+00:00,2026-07-01T10:58:20.443646+00:00,False,,chrome|excel|notepad,0
ses_20260701-110548-LAPTOP-0IM1OHQH,B,給与備考・控除整備,PI-163510-001,reg,2026-07-01T11:07:07.632636+00:00,2026-07-01T11:07:34.934702+00:00,False,,chrome|excel|notepad,0
ses_20260701-110548-LAPTOP-0IM1OHQH,B,給与備考・控除整備,PI-163510-002,reg,2026-07-01T11:16:34.025345+00:00,2026-07-01T11:17:10.833997+00:00,False,,chrome|excel|notepad,0
ses_20260701-110548-LAPTOP-0IM1OHQH,B,給与備考・控除整備,PI-163510-003,reg,2026-07-01T11:19:54.771428+00:00,2026-07-01T11:20:15.494899+00:00,False,,chrome|excel|notepad,0
ses_20260701-110548-LAPTOP-0IM1OHQH,E,入社照合・手当確認,OB-163510-001,,2026-07-01T11:10:11.958190+00:00,2026-07-01T11:10:38.123129+00:00,False,,chrome|excel|notepad,0
ses_20260701-110548-LAPTOP-0IM1OHQH,E,入社照合・手当確認,OB-163510-002,,2026-07-01T11:11:48.427475+00:00,2026-07-01T11:12:19.517508+00:00,False,,chrome|excel|notepad,0
ses_20260701-110548-LAPTOP-0IM1OHQH,E,入社照合・手当確認,OB-163510-003,,2026-07-01T11:23:39.382453+00:00,2026-07-01T11:24:05.649323+00:00,False,,chrome|excel|notepad,0
ses_20260701-110548-LAPTOP-0IM1OHQH,G,経費精算承認,EXP-163510-001,reg,2026-07-01T11:07:34.937479+00:00,2026-07-01T11:08:01.519179+00:00,False,,chrome|excel|notepad,0
ses_20260701-110548-LAPTOP-0IM1OHQH,G,経費精算承認,EXP-163510-002,reg,2026-07-01T11:14:31.003149+00:00,2026-07-01T11:14:54.112956+00:00,False,,chrome|excel|notepad,0
ses_20260701-110548-LAPTOP-0IM1OHQH,G,経費精算承認,EXP-163510-003,reg,2026-07-01T11:15:52.411178+00:00,2026-07-01T11:16:34.022271+00:00,False,,chrome|excel|notepad,0
ses_20260701-110548-LAPTOP-0IM1OHQH,G,経費精算承認,EXP-163510-004,adj,2026-07-01T11:24:37.098249+00:00,2026-07-01T11:24:58.856300+00:00,False,,chrome|excel|notepad,0
ses_20260701-110548-LAPTOP-0IM1OHQH,H,銀行勘定照合,BR-163510-001,,2026-07-01T11:11:20.025594+00:00,2026-07-01T11:11:48.425188+00:00,False,,chrome|excel|notepad,0
ses_20260701-110548-LAPTOP-0IM1OHQH,H,銀行勘定照合,BR-163510-002,,2026-07-01T11:24:05.651981+00:00,2026-07-01T11:24:37.095935+00:00,False,,chrome|excel|notepad,0
ses_20260701-110548-LAPTOP-0IM1OHQH,H,銀行勘定照合,BR-163510-003,,2026-07-01T11:24:58.859099+00:00,2026-07-01T11:25:25.528890+00:00,False,,chrome|excel|notepad,0
ses_20260701-110548-LAPTOP-0IM1OHQH,H,銀行勘定照合,BR-163510-004,,2026-07-01T11:25:48.754693+00:00,2026-07-01T11:26:23.949073+00:00,False,,chrome|excel|notepad,0
ses_20260701-110548-LAPTOP-0IM1OHQH,I,予算差異分析,BV-163510-001,,2026-07-01T11:08:01.521937+00:00,2026-07-01T11:09:22.634524+00:00,False,,chrome|notepad|teams,0
ses_20260701-110548-LAPTOP-0IM1OHQH,I,予算差異分析,BV-163510-002,,2026-07-01T11:12:19.519353+00:00,2026-07-01T11:13:43.279549+00:00,False,,chrome|notepad|teams,0
ses_20260701-110548-LAPTOP-0IM1OHQH,I,予算差異分析,BV-163510-003,,2026-07-01T11:17:10.837148+00:00,2026-07-01T11:19:54.752871+00:00,False,,chrome|notepad|teams,0
ses_20260701-110548-LAPTOP-0IM1OHQH,J,支払処理,PM-163510-001,,2026-07-01T11:10:38.143456+00:00,2026-07-01T11:11:20.009297+00:00,False,,chrome|excel|notepad|outlook,0
ses_20260701-110548-LAPTOP-0IM1OHQH,J,支払処理,PM-163510-002,,2026-07-01T11:20:15.497943+00:00,2026-07-01T11:21:08.477675+00:00,False,,chrome|excel|notepad|outlook,0
ses_20260701-110548-LAPTOP-0IM1OHQH,J,支払処理,PM-163510-003,,2026-07-01T11:25:25.531839+00:00,2026-07-01T11:25:48.751326+00:00,False,,chrome|excel|notepad|outlook,0
ses_20260701-110548-LAPTOP-0IM1OHQH,L,在庫調整,STK-163510-001,reg,2026-07-01T11:06:06.619754+00:00,2026-07-01T11:07:07.629940+00:00,False,,chrome|excel|notepad,0
ses_20260701-110548-LAPTOP-0IM1OHQH,L,在庫調整,STK-163510-002,reg,2026-07-01T11:09:22.637224+00:00,2026-07-01T11:09:42.875388+00:00,False,,chrome|excel|notepad,0
ses_20260701-110548-LAPTOP-0IM1OHQH,L,在庫調整,STK-163510-003,reg,2026-07-01T11:13:43.282257+00:00,2026-07-01T11:14:31.000688+00:00,True,M1-L-split-1,chrome|excel|notepad,0
ses_20260701-110548-LAPTOP-0IM1OHQH,L,在庫調整,STK-163510-004,adj,2026-07-01T11:14:54.115384+00:00,2026-07-01T11:15:52.394353+00:00,True,M1-L-split-1,chrome|excel|notepad,0
ses_20260701-110548-LAPTOP-0IM1OHQH,N,出荷追跡,SHP-163510-001,,2026-07-01T11:21:08.493871+00:00,,False,,chrome|notepad|teams,0
ses_20260701-110548-LAPTOP-0IM1OHQH,N,出荷追跡,SHP-163510-002,,2026-07-01T11:21:59.712640+00:00,,False,,chrome|notepad|teams,0
ses_20260701-110548-LAPTOP-0IM1OHQH,N,出荷追跡,SHP-163510-003,,2026-07-01T11:22:52.680610+00:00,2026-07-01T11:23:39.380067+00:00,False,,chrome|notepad|teams,0
ses_20260701-110917-Marcos,E,入社照合・手当確認,OB-163846-001,,2026-07-01T11:11:55.057125+00:00,2026-07-01T11:12:23.800812+00:00,False,,chrome|excel|notepad,0
ses_20260701-110917-Marcos,E,入社照合・手当確認,OB-163846-002,,2026-07-01T11:29:34.728211+00:00,2026-07-01T11:29:59.993758+00:00,False,,chrome|excel|notepad,0
ses_20260701-110917-Marcos,E,入社照合・手当確認,OB-163846-003,,2026-07-01T11:31:09.844835+00:00,2026-07-01T11:31:38.661396+00:00,False,,chrome|excel|notepad,0
ses_20260701-110917-Marcos,F,請求書承認,INV-163846-001,std,2026-07-01T11:21:00.283775+00:00,2026-07-01T11:23:44.730763+00:00,False,,chrome|excel|notepad,0
ses_20260701-110917-Marcos,F,請求書承認,INV-163846-002,std,2026-07-01T11:25:12.476124+00:00,2026-07-01T11:25:36.977886+00:00,False,,chrome|excel|notepad,0
ses_20260701-110917-Marcos,F,請求書承認,INV-163846-003,std,2026-07-01T11:29:59.994924+00:00,2026-07-01T11:31:09.843513+00:00,True,M1-F-split-1,chrome|excel|notepad,0
ses_20260701-110917-Marcos,F,請求書承認,INV-163846-004,exc,2026-07-01T11:31:38.662627+00:00,2026-07-01T11:32:56.209658+00:00,True,M1-F-split-1,chrome|excel|notepad,0
ses_20260701-110917-Marcos,G,経費精算承認,EXP-163846-001,reg,2026-07-01T11:09:46.110640+00:00,2026-07-01T11:10:09.924443+00:00,False,,chrome|excel|notepad,0
ses_20260701-110917-Marcos,G,経費精算承認,EXP-163846-002,reg,2026-07-01T11:17:41.046696+00:00,2026-07-01T11:18:04.831631+00:00,False,,chrome|excel|notepad,0
ses_20260701-110917-Marcos,G,経費精算承認,EXP-163846-003,reg,2026-07-01T11:20:36.330664+00:00,2026-07-01T11:21:00.283067+00:00,False,,chrome|excel|notepad,0
ses_20260701-110917-Marcos,H,銀行勘定照合,BR-163846-001,,2026-07-01T11:11:27.981535+00:00,2026-07-01T11:11:55.055805+00:00,False,,chrome|excel|notepad,0
ses_20260701-110917-Marcos,H,銀行勘定照合,BR-163846-002,,2026-07-01T11:14:46.169517+00:00,,False,,chrome|excel|notepad,0
ses_20260701-110917-Marcos,H,銀行勘定照合,BR-163846-003,,2026-07-01T11:15:13.651487+00:00,2026-07-01T11:15:47.524119+00:00,False,,chrome|excel|notepad,0
ses_20260701-110917-Marcos,I,予算差異分析,BV-163846-001,,2026-07-01T11:15:47.525024+00:00,2026-07-01T11:17:16.160273+00:00,False,,chrome|notepad|teams,0
ses_20260701-110917-Marcos,I,予算差異分析,BV-163846-002,,2026-07-01T11:26:23.511123+00:00,,False,,chrome|notepad|teams,0
ses_20260701-110917-Marcos,I,予算差異分析,BV-163846-003,,2026-07-01T11:27:42.725627+00:00,2026-07-01T11:29:34.727051+00:00,False,,chrome|notepad|teams,0
ses_20260701-110917-Marcos,J,支払処理,PM-163846-001,,2026-07-01T11:18:04.832870+00:00,,False,,chrome|excel|notepad|outlook,0
ses_20260701-110917-Marcos,J,支払処理,PM-163846-002,,2026-07-01T11:18:45.074613+00:00,2026-07-01T11:19:27.314254+00:00,False,,chrome|excel|notepad|outlook,0
ses_20260701-110917-Marcos,J,支払処理,PM-163846-003,,2026-07-01T11:24:48.441540+00:00,2026-07-01T11:25:12.475190+00:00,False,,chrome|excel|notepad|outlook,0
ses_20260701-110917-Marcos,L,在庫調整,STK-163846-001,reg,2026-07-01T11:11:04.176448+00:00,2026-07-01T11:11:27.980713+00:00,False,,chrome|excel|notepad,0
ses_20260701-110917-Marcos,L,在庫調整,STK-163846-002,reg,2026-07-01T11:12:23.801706+00:00,2026-07-01T11:12:46.734062+00:00,False,,chrome|excel|notepad,0
ses_20260701-110917-Marcos,L,在庫調整,STK-163846-003,reg,2026-07-01T11:13:16.125421+00:00,2026-07-01T11:14:46.168545+00:00,False,,chrome|excel|notepad,0
ses_20260701-110917-Marcos,L,在庫調整,STK-163846-004,adj,2026-07-01T11:17:16.161169+00:00,2026-07-01T11:17:41.045378+00:00,False,,chrome|excel|notepad,0
ses_20260701-110917-Marcos,M,仕入先連絡,SUP-163846-001,,2026-07-01T11:10:09.925225+00:00,2026-07-01T11:11:04.175266+00:00,False,,chrome|notepad|onenote,0
ses_20260701-110917-Marcos,M,仕入先連絡,SUP-163846-002,,2026-07-01T11:19:56.426466+00:00,2026-07-01T11:20:36.329711+00:00,False,,chrome|notepad|onenote,0
ses_20260701-110917-Marcos,M,仕入先連絡,SUP-163846-003,,2026-07-01T11:23:44.732167+00:00,2026-07-01T11:24:48.440379+00:00,False,,chrome|notepad|onenote,0
ses_20260701-110917-Marcos,M,仕入先連絡,SUP-163846-004,,2026-07-01T11:32:56.210678+00:00,2026-07-01T11:33:33.512481+00:00,False,,chrome|notepad|onenote,0
ses_20260701-110917-Marcos,O,返品処理,RET-163846-001,,2026-07-01T11:12:46.735291+00:00,2026-07-01T11:13:16.124430+00:00,False,,chrome|excel|notepad,0
ses_20260701-110917-Marcos,O,返品処理,RET-163846-002,,2026-07-01T11:19:27.315651+00:00,2026-07-01T11:19:56.425741+00:00,False,,chrome|excel|notepad,0
ses_20260701-110917-Marcos,O,返品処理,RET-163846-003,,2026-07-01T11:33:33.513252+00:00,2026-07-01T11:34:06.488454+00:00,False,,chrome|excel|notepad,0
ses_20260701-115141-SIDDHIGUPTAB00B,A,住民税通知確認,RT-172137-001,std,2026-07-01T11:52:38.558074+00:00,2026-07-01T11:53:07.779103+00:00,False,,chrome|excel|notepad,0
ses_20260701-115141-SIDDHIGUPTAB00B,A,住民税通知確認,RT-172137-002,std,2026-07-01T11:53:31.133515+00:00,2026-07-01T11:53:59.616657+00:00,False,,chrome|excel|notepad,0
ses_20260701-115141-SIDDHIGUPTAB00B,A,住民税通知確認,RT-172137-003,std,2026-07-01T12:11:04.561723+00:00,2026-07-01T12:11:27.207904+00:00,False,,chrome|excel|notepad,0
ses_20260701-115141-SIDDHIGUPTAB00B,B,給与備考・控除整備,PI-172137-001,reg,2026-07-01T11:53:07.780559+00:00,2026-07-01T11:53:31.132191+00:00,False,,chrome|excel|notepad,0
ses_20260701-115141-SIDDHIGUPTAB00B,B,給与備考・控除整備,PI-172137-002,reg,2026-07-01T11:57:08.132647+00:00,,False,,chrome|excel|notepad,0
ses_20260701-115141-SIDDHIGUPTAB00B,B,給与備考・控除整備,PI-172137-003,reg,2026-07-01T11:57:32.392588+00:00,2026-07-01T11:57:51.127653+00:00,False,,chrome|excel|notepad,0
ses_20260701-115141-SIDDHIGUPTAB00B,B,給与備考・控除整備,PI-172137-004,adj,2026-07-01T12:12:08.418557+00:00,2026-07-01T12:12:33.052386+00:00,False,,chrome|excel|notepad,0
ses_20260701-115141-SIDDHIGUPTAB00B,C,育児・産休申請確認,LA-172137-001,,2026-07-01T11:58:35.455019+00:00,2026-07-01T12:11:04.560216+00:00,False,,chrome|notepad|onenote,0
ses_20260701-115141-SIDDHIGUPTAB00B,C,育児・産休申請確認,LA-172137-002,,2026-07-01T12:15:58.911149+00:00,2026-07-01T12:16:37.052829+00:00,False,,chrome|notepad|onenote,0
ses_20260701-115141-SIDDHIGUPTAB00B,C,育児・産休申請確認,LA-172137-003,,2026-07-01T12:17:42.875349+00:00,,False,,chrome|notepad|onenote,0
ses_20260701-115141-SIDDHIGUPTAB00B,C,育児・産休申請確認,LA-172137-004,,2026-07-01T12:18:21.845849+00:00,2026-07-01T12:19:00.722606+00:00,False,,chrome|notepad|onenote,0
ses_20260701-115141-SIDDHIGUPTAB00B,E,入社照合・手当確認,OB-172137-001,,2026-07-01T12:19:00.723860+00:00,2026-07-01T12:19:50.286703+00:00,False,,chrome|excel|notepad,0
ses_20260701-115141-SIDDHIGUPTAB00B,E,入社照合・手当確認,OB-172137-002,,2026-07-01T12:23:15.987515+00:00,2026-07-01T12:23:41.900324+00:00,False,,chrome|excel|notepad,0
ses_20260701-115141-SIDDHIGUPTAB00B,E,入社照合・手当確認,OB-172137-003,,2026-07-01T12:30:56.553321+00:00,2026-07-01T12:31:21.450932+00:00,False,,chrome|excel|notepad,0
ses_20260701-115141-SIDDHIGUPTAB00B,F,請求書承認,INV-172137-001,std,2026-07-01T12:12:33.053262+00:00,2026-07-01T12:12:59.401628+00:00,False,,chrome|excel|notepad,0
ses_20260701-115141-SIDDHIGUPTAB00B,F,請求書承認,INV-172137-002,std,2026-07-01T12:15:28.698691+00:00,2026-07-01T12:15:58.909715+00:00,False,,chrome|excel|notepad,0
ses_20260701-115141-SIDDHIGUPTAB00B,F,請求書承認,INV-172137-003,std,2026-07-01T12:16:37.053989+00:00,2026-07-01T12:17:02.387589+00:00,False,,chrome|excel|notepad,0
ses_20260701-115141-SIDDHIGUPTAB00B,F,請求書承認,INV-172137-004,exc,2026-07-01T12:21:17.626630+00:00,2026-07-01T12:21:48.462557+00:00,False,,chrome|excel|notepad,0
ses_20260701-115141-SIDDHIGUPTAB00B,F,請求書承認,INV-172137-005,exc,2026-07-01T12:22:50.977746+00:00,2026-07-01T12:23:15.985813+00:00,False,,chrome|excel|notepad,0
ses_20260701-115141-SIDDHIGUPTAB00B,H,銀行勘定照合,BR-172137-001,,2026-07-01T12:24:33.350166+00:00,2026-07-01T12:25:00.873223+00:00,False,,chrome|excel|notepad,0
ses_20260701-115141-SIDDHIGUPTAB00B,H,銀行勘定照合,BR-172137-002,,2026-07-01T12:27:34.500577+00:00,2026-07-01T12:28:01.538469+00:00,False,,chrome|excel|notepad,0
ses_20260701-115141-SIDDHIGUPTAB00B,H,銀行勘定照合,BR-172137-003,,2026-07-01T12:31:50.737458+00:00,,False,,chrome|excel|notepad,0
ses_20260701-115141-SIDDHIGUPTAB00B,H,銀行勘定照合,BR-172137-004,,2026-07-01T12:32:16.412294+00:00,2026-07-01T12:34:16.919850+00:00,False,,chrome|excel|notepad,0
ses_20260701-115141-SIDDHIGUPTAB00B,I,予算差異分析,BV-172137-001,,2026-07-01T11:53:59.618251+00:00,2026-07-01T11:55:30.100550+00:00,False,,chrome|notepad|teams,0
ses_20260701-115141-SIDDHIGUPTAB00B,I,予算差異分析,BV-172137-002,,2026-07-01T11:55:59.169848+00:00,2026-07-01T11:57:08.129915+00:00,False,,chrome|notepad|teams,0
ses_20260701-115141-SIDDHIGUPTAB00B,I,予算差異分析,BV-172137-003,,2026-07-01T12:19:50.289994+00:00,2026-07-01T12:21:17.625431+00:00,False,,chrome|notepad|teams,0
ses_20260701-115141-SIDDHIGUPTAB00B,J,支払処理,PM-172137-001,,2026-07-01T11:57:51.130038+00:00,2026-07-01T11:58:35.360539+00:00,False,,chrome|excel|notepad|outlook,0
ses_20260701-115141-SIDDHIGUPTAB00B,J,支払処理,PM-172137-002,,2026-07-01T12:11:27.209621+00:00,2026-07-01T12:12:08.416346+00:00,False,,chrome|excel|notepad|outlook,0
ses_20260701-115141-SIDDHIGUPTAB00B,J,支払処理,PM-172137-003,,2026-07-01T12:13:22.578502+00:00,2026-07-01T12:13:45.658179+00:00,False,,chrome|excel|notepad|outlook,0
ses_20260701-115141-SIDDHIGUPTAB00B,K,受注処理,ORD-172137-001,std,2026-07-01T11:55:30.101645+00:00,2026-07-01T11:55:59.169228+00:00,False,,chrome|excel|notepad,0
ses_20260701-115141-SIDDHIGUPTAB00B,K,受注処理,ORD-172137-002,std,2026-07-01T12:15:05.327642+00:00,2026-07-01T12:15:27.092907+00:00,False,,chrome|excel|notepad,0
ses_20260701-115141-SIDDHIGUPTAB00B,K,受注処理,ORD-172137-003,std,2026-07-01T12:22:28.039497+00:00,2026-07-01T12:22:50.976770+00:00,True,M1-K-split-1,chrome|excel|notepad,0
ses_20260701-115141-SIDDHIGUPTAB00B,L,在庫調整,STK-172137-001,reg,2026-07-01T12:12:59.404307+00:00,2026-07-01T12:13:22.576737+00:00,False,,chrome|excel|notepad,0
ses_20260701-115141-SIDDHIGUPTAB00B,L,在庫調整,STK-172137-002,reg,2026-07-01T12:25:00.874792+00:00,2026-07-01T12:25:51.075430+00:00,False,,chrome|excel|notepad,0
ses_20260701-115141-SIDDHIGUPTAB00B,L,在庫調整,STK-172137-003,reg,2026-07-01T12:30:36.435017+00:00,2026-07-01T12:30:56.551884+00:00,False,,chrome|excel|notepad,0
ses_20260701-115141-SIDDHIGUPTAB00B,M,仕入先連絡,SUP-172137-001,,2026-07-01T12:13:45.659666+00:00,2026-07-01T12:14:20.512478+00:00,False,,chrome|notepad|onenote,0
ses_20260701-115141-SIDDHIGUPTAB00B,M,仕入先連絡,SUP-172137-002,,2026-07-01T12:17:02.389460+00:00,2026-07-01T12:17:42.874306+00:00,False,,chrome|notepad|onenote,0
ses_20260701-115141-SIDDHIGUPTAB00B,M,仕入先連絡,SUP-172137-003,,2026-07-01T12:21:48.464019+00:00,2026-07-01T12:22:28.036861+00:00,False,,chrome|notepad|onenote,0
ses_20260701-115141-SIDDHIGUPTAB00B,N,出荷追跡,SHP-172137-001,,2026-07-01T12:14:20.521386+00:00,2026-07-01T12:15:05.325583+00:00,False,,chrome|notepad|teams,0
ses_20260701-115141-SIDDHIGUPTAB00B,N,出荷追跡,SHP-172137-002,,2026-07-01T12:23:41.902387+00:00,2026-07-01T12:24:33.348996+00:00,False,,chrome|notepad|teams,0
ses_20260701-115141-SIDDHIGUPTAB00B,N,出荷追跡,SHP-172137-003,,2026-07-01T12:25:51.087581+00:00,2026-07-01T12:26:41.540080+00:00,False,,chrome|notepad|teams,0
ses_20260701-115141-SIDDHIGUPTAB00B,O,返品処理,RET-172137-001,,2026-07-01T12:26:41.541334+00:00,2026-07-01T12:27:34.497994+00:00,False,,chrome|excel|notepad,0
ses_20260701-115141-SIDDHIGUPTAB00B,O,返品処理,RET-172137-002,,2026-07-01T12:28:01.543202+00:00,2026-07-01T12:30:36.428525+00:00,False,,chrome|excel|notepad,0
ses_20260701-115141-SIDDHIGUPTAB00B,O,返品処理,RET-172137-003,,2026-07-01T12:31:21.452682+00:00,2026-07-01T12:31:50.735928+00:00,False,,chrome|excel|notepad,0
ses_20260701-120612-Marcos,C,育児・産休申請確認,LA-173546-001,,2026-07-01T12:09:35.256676+00:00,2026-07-01T12:10:08.629844+00:00,False,,chrome|notepad|onenote,0
ses_20260701-120612-Marcos,C,育児・産休申請確認,LA-173546-002,,2026-07-01T12:22:15.538599+00:00,,False,,chrome|notepad|onenote,0
ses_20260701-120612-Marcos,C,育児・産休申請確認,LA-173546-003,,2026-07-01T12:22:57.110088+00:00,,False,,chrome|notepad|onenote,0
ses_20260701-120612-Marcos,C,育児・産休申請確認,LA-173546-004,,2026-07-01T12:23:31.043312+00:00,2026-07-01T12:24:01.846792+00:00,False,,chrome|notepad|onenote,0
ses_20260701-120612-Marcos,F,請求書承認,INV-173546-001,std,2026-07-01T12:13:36.941896+00:00,2026-07-01T12:14:04.458925+00:00,False,,chrome|excel|notepad,0
ses_20260701-120612-Marcos,F,請求書承認,INV-173546-002,std,2026-07-01T12:18:32.807341+00:00,2026-07-01T12:19:01.290110+00:00,False,,chrome|excel|notepad,0
ses_20260701-120612-Marcos,F,請求書承認,INV-173546-003,std,2026-07-01T12:20:57.345460+00:00,2026-07-01T12:21:45.505773+00:00,False,,chrome|excel|notepad,0
ses_20260701-120612-Marcos,F,請求書承認,INV-173546-004,exc,2026-07-01T12:25:20.085567+00:00,2026-07-01T12:25:47.809322+00:00,False,,chrome|excel|notepad,0
ses_20260701-120612-Marcos,H,銀行勘定照合,BR-173546-001,,2026-07-01T12:06:39.824012+00:00,2026-07-01T12:07:31.739742+00:00,False,,chrome|excel|notepad,0
ses_20260701-120612-Marcos,H,銀行勘定照合,BR-173546-002,,2026-07-01T12:11:06.089843+00:00,2026-07-01T12:11:33.886884+00:00,False,,chrome|excel|notepad,0
ses_20260701-120612-Marcos,H,銀行勘定照合,BR-173546-003,,2026-07-01T12:15:50.894652+00:00,2026-07-01T12:16:15.162915+00:00,False,,chrome|excel|notepad,0
ses_20260701-120612-Marcos,H,銀行勘定照合,BR-173546-004,,2026-07-01T12:18:05.091653+00:00,2026-07-01T12:18:32.806523+00:00,False,,chrome|excel|notepad,0
ses_20260701-120612-Marcos,I,予算差異分析,BV-173546-001,,2026-07-01T12:16:45.637356+00:00,2026-07-01T12:18:05.090800+00:00,False,,chrome|notepad|teams,0
ses_20260701-120612-Marcos,I,予算差異分析,BV-173546-002,,2026-07-01T12:24:01.847494+00:00,2026-07-01T12:25:20.084390+00:00,False,,chrome|notepad|teams,0
ses_20260701-120612-Marcos,I,予算差異分析,BV-173546-003,,2026-07-01T12:25:47.810076+00:00,2026-07-01T12:27:30.047537+00:00,False,,chrome|notepad|teams,0
ses_20260701-120612-Marcos,K,受注処理,ORD-173546-001,std,2026-07-01T12:07:31.740624+00:00,2026-07-01T12:08:01.453015+00:00,False,,chrome|excel|notepad,0
ses_20260701-120612-Marcos,K,受注処理,ORD-173546-002,std,2026-07-01T12:14:04.460252+00:00,2026-07-01T12:14:32.241621+00:00,False,,chrome|excel|notepad,0
ses_20260701-120612-Marcos,K,受注処理,ORD-173546-003,std,2026-07-01T12:16:15.163675+00:00,2026-07-01T12:16:45.636372+00:00,True,M1-K-split-1,chrome|excel|notepad,0
ses_20260701-120612-Marcos,K,受注処理,ORD-173546-004,exc,2026-07-01T12:19:41.131767+00:00,2026-07-01T12:20:04.550292+00:00,True,M1-K-split-1,chrome|excel|notepad,0
ses_20260701-120612-Marcos,K,受注処理,ORD-173546-005,exc,2026-07-01T12:21:45.506598+00:00,2026-07-01T12:22:15.537569+00:00,True,M1-K-split-1,chrome|excel|notepad,0
ses_20260701-120612-Marcos,L,在庫調整,STK-173546-001,reg,2026-07-01T12:08:53.022393+00:00,,False,,chrome|excel|notepad,0
ses_20260701-120612-Marcos,L,在庫調整,STK-173546-002,reg,2026-07-01T12:09:11.611258+00:00,2026-07-01T12:09:33.849932+00:00,False,,chrome|excel|notepad,0
ses_20260701-120612-Marcos,L,在庫調整,STK-173546-003,reg,2026-07-01T12:10:42.936295+00:00,2026-07-01T12:11:06.088946+00:00,True,M1-L-split-1,chrome|excel|notepad,0
ses_20260701-120612-Marcos,M,仕入先連絡,SUP-173546-001,,2026-07-01T12:10:08.630819+00:00,2026-07-01T12:10:42.934758+00:00,False,,chrome|notepad|onenote,0
ses_20260701-120612-Marcos,M,仕入先連絡,SUP-173546-002,,2026-07-01T12:11:33.887783+00:00,2026-07-01T12:13:36.940895+00:00,False,,chrome|notepad|onenote,0
ses_20260701-120612-Marcos,M,仕入先連絡,SUP-173546-003,,2026-07-01T12:19:01.290998+00:00,2026-07-01T12:19:41.130726+00:00,False,,chrome|notepad|onenote,0
ses_20260701-120612-Marcos,M,仕入先連絡,SUP-173546-004,,2026-07-01T12:27:30.048473+00:00,2026-07-01T12:28:15.259366+00:00,False,,chrome|notepad|onenote,0
ses_20260701-120612-Marcos,N,出荷追跡,SHP-173546-001,,2026-07-01T12:08:01.454085+00:00,2026-07-01T12:08:53.021462+00:00,False,,chrome|notepad|teams,0
ses_20260701-120612-Marcos,N,出荷追跡,SHP-173546-002,,2026-07-01T12:14:57.629333+00:00,2026-07-01T12:15:50.893740+00:00,False,,chrome|notepad|teams,0
ses_20260701-120612-Marcos,N,出荷追跡,SHP-173546-003,,2026-07-01T12:20:04.551000+00:00,2026-07-01T12:20:57.344129+00:00,False,,chrome|notepad|teams,0
ses_20260701-120828-LAPTOP-0IM1OHQH,A,住民税通知確認,RT-173600-001,std,2026-07-01T12:10:56.899690+00:00,2026-07-01T12:11:25.874273+00:00,False,,chrome|excel|notepad,0
ses_20260701-120828-LAPTOP-0IM1OHQH,A,住民税通知確認,RT-173600-002,std,2026-07-01T12:14:19.396343+00:00,2026-07-01T12:14:46.412480+00:00,False,,chrome|excel|notepad,0
ses_20260701-120828-LAPTOP-0IM1OHQH,A,住民税通知確認,RT-173600-003,std,2026-07-01T12:26:24.707619+00:00,,False,,chrome|excel|notepad,0
ses_20260701-120828-LAPTOP-0IM1OHQH,A,住民税通知確認,RT-173600-004,exc,2026-07-01T12:26:49.627752+00:00,2026-07-01T12:27:13.713806+00:00,False,,chrome|excel|notepad,0
ses_20260701-120828-LAPTOP-0IM1OHQH,C,育児・産休申請確認,LA-173600-001,,2026-07-01T12:14:46.414908+00:00,2026-07-01T12:15:34.437168+00:00,False,,chrome|notepad|onenote,0
ses_20260701-120828-LAPTOP-0IM1OHQH,C,育児・産休申請確認,LA-173600-002,,2026-07-01T12:17:25.555623+00:00,2026-07-01T12:18:13.588032+00:00,False,,chrome|notepad|onenote,0
ses_20260701-120828-LAPTOP-0IM1OHQH,C,育児・産休申請確認,LA-173600-003,,2026-07-01T12:23:57.154381+00:00,2026-07-01T12:25:58.942919+00:00,False,,chrome|notepad|onenote,0
ses_20260701-120828-LAPTOP-0IM1OHQH,D,社保・年金補正対応,SI-173600-001,,2026-07-01T12:09:13.966567+00:00,2026-07-01T12:10:03.162134+00:00,False,,chrome|notepad|teams,0
ses_20260701-120828-LAPTOP-0IM1OHQH,D,社保・年金補正対応,SI-173600-002,,2026-07-01T12:16:02.630424+00:00,2026-07-01T12:17:25.532903+00:00,False,,chrome|notepad|teams,0
ses_20260701-120828-LAPTOP-0IM1OHQH,D,社保・年金補正対応,SI-173600-003,,2026-07-01T12:21:03.323739+00:00,2026-07-01T12:22:10.886580+00:00,False,,chrome|notepad|teams,0
ses_20260701-120828-LAPTOP-0IM1OHQH,E,入社照合・手当確認,OB-173600-001,,2026-07-01T12:22:10.889351+00:00,2026-07-01T12:22:34.128750+00:00,False,,chrome|excel|notepad,0
ses_20260701-120828-LAPTOP-0IM1OHQH,E,入社照合・手当確認,OB-173600-002,,2026-07-01T12:23:00.718780+00:00,2026-07-01T12:23:31.697795+00:00,False,,chrome|excel|notepad,0
ses_20260701-120828-LAPTOP-0IM1OHQH,E,入社照合・手当確認,OB-173600-003,,2026-07-01T12:25:58.945595+00:00,2026-07-01T12:26:24.703813+00:00,False,,chrome|excel|notepad,0
ses_20260701-120828-LAPTOP-0IM1OHQH,F,請求書承認,INV-173600-001,std,2026-07-01T12:08:46.974019+00:00,2026-07-01T12:09:13.964381+00:00,False,,chrome|excel|notepad,0
ses_20260701-120828-LAPTOP-0IM1OHQH,F,請求書承認,INV-173600-002,std,2026-07-01T12:11:25.890022+00:00,2026-07-01T12:11:53.128493+00:00,False,,chrome|excel|notepad,0
ses_20260701-120828-LAPTOP-0IM1OHQH,F,請求書承認,INV-173600-003,std,2026-07-01T12:15:34.439274+00:00,2026-07-01T12:16:02.613942+00:00,True,M1-F-split-1,chrome|excel|notepad,0
ses_20260701-120828-LAPTOP-0IM1OHQH,F,請求書承認,INV-173600-004,exc,2026-07-01T12:23:31.701245+00:00,2026-07-01T12:23:57.151805+00:00,True,M1-F-split-1,chrome|excel|notepad,0
ses_20260701-120828-LAPTOP-0IM1OHQH,G,経費精算承認,EXP-173600-001,reg,2026-07-01T12:13:07.246234+00:00,2026-07-01T12:13:31.929481+00:00,False,,chrome|excel|notepad,0
ses_20260701-120828-LAPTOP-0IM1OHQH,G,経費精算承認,EXP-173600-002,reg,2026-07-01T12:18:58.522264+00:00,,False,,chrome|excel|notepad,0
ses_20260701-120828-LAPTOP-0IM1OHQH,G,経費精算承認,EXP-173600-003,reg,2026-07-01T12:19:20.231271+00:00,2026-07-01T12:21:03.303526+00:00,False,,chrome|excel|notepad,0
ses_20260701-120828-LAPTOP-0IM1OHQH,G,経費精算承認,EXP-173600-004,adj,2026-07-01T12:22:34.146625+00:00,2026-07-01T12:23:00.715789+00:00,False,,chrome|excel|notepad,0
ses_20260701-120828-LAPTOP-0IM1OHQH,H,銀行勘定照合,BR-173600-001,,2026-07-01T12:28:26.164967+00:00,,False,,chrome|excel|notepad,0
ses_20260701-120828-LAPTOP-0IM1OHQH,H,銀行勘定照合,BR-173600-002,,2026-07-01T12:28:53.475567+00:00,,False,,chrome|excel|notepad,0
ses_20260701-120828-LAPTOP-0IM1OHQH,H,銀行勘定照合,BR-173600-003,,2026-07-01T12:29:21.617388+00:00,,False,,chrome|excel|notepad,0
ses_20260701-120828-LAPTOP-0IM1OHQH,H,銀行勘定照合,BR-173600-004,,2026-07-01T12:29:49.036707+00:00,2026-07-01T12:30:26.537580+00:00,False,,chrome|excel|notepad,0
ses_20260701-120828-LAPTOP-0IM1OHQH,J,支払処理,PM-173600-001,,2026-07-01T12:18:13.611498+00:00,2026-07-01T12:18:58.506115+00:00,False,,chrome|excel|notepad|outlook,0
ses_20260701-120828-LAPTOP-0IM1OHQH,J,支払処理,PM-173600-002,,2026-07-01T12:27:13.716231+00:00,,False,,chrome|excel|notepad|outlook,0
ses_20260701-120828-LAPTOP-0IM1OHQH,J,支払処理,PM-173600-003,,2026-07-01T12:28:00.340073+00:00,2026-07-01T12:28:26.147549+00:00,False,,chrome|excel|notepad|outlook,0
ses_20260701-120828-LAPTOP-0IM1OHQH,M,仕入先連絡,SUP-173600-001,,2026-07-01T12:10:03.165071+00:00,2026-07-01T12:10:56.896471+00:00,False,,chrome|notepad|onenote,0
ses_20260701-120828-LAPTOP-0IM1OHQH,M,仕入先連絡,SUP-173600-002,,2026-07-01T12:11:54.528109+00:00,2026-07-01T12:13:07.244361+00:00,False,,chrome|notepad|onenote,0
ses_20260701-120828-LAPTOP-0IM1OHQH,M,仕入先連絡,SUP-173600-003,,2026-07-01T12:13:31.931518+00:00,2026-07-01T12:14:19.380009+00:00,False,,chrome|notepad|onenote,0
ses_20260701-123729-Marcos,A,住民税通知確認,RT-180703-001,std,2026-07-01T12:41:39.154456+00:00,2026-07-01T12:42:09.752633+00:00,False,,chrome|excel|notepad,0
ses_20260701-123729-Marcos,A,住民税通知確認,RT-180703-002,std,2026-07-01T12:45:10.875898+00:00,2026-07-01T12:45:37.823310+00:00,False,,chrome|excel|notepad,0
ses_20260701-123729-Marcos,A,住民税通知確認,RT-180703-003,std,2026-07-01T12:46:47.720133+00:00,2026-07-01T12:47:35.785913+00:00,True,M1-A-split-1,chrome|excel|notepad,0
ses_20260701-123729-Marcos,A,住民税通知確認,RT-180703-004,exc,2026-07-01T12:51:01.656408+00:00,2026-07-01T12:51:32.068883+00:00,True,M1-A-split-1,chrome|excel|notepad,0
ses_20260701-123729-Marcos,C,育児・産休申請確認,LA-180703-001,,2026-07-01T12:39:24.236242+00:00,2026-07-01T12:40:02.281584+00:00,False,,chrome|notepad|onenote,0
ses_20260701-123729-Marcos,C,育児・産休申請確認,LA-180703-002,,2026-07-01T12:42:09.753530+00:00,2026-07-01T12:42:41.105992+00:00,False,,chrome|notepad|onenote,0
ses_20260701-123729-Marcos,C,育児・産休申請確認,LA-180703-003,,2026-07-01T12:45:48.944883+00:00,2026-07-01T12:46:23.282174+00:00,False,,chrome|notepad|onenote,0
ses_20260701-123729-Marcos,E,入社照合・手当確認,OB-180703-001,,2026-07-01T12:53:34.913100+00:00,2026-07-01T12:54:05.004526+00:00,False,,chrome|excel|notepad,0
ses_20260701-123729-Marcos,E,入社照合・手当確認,OB-180703-002,,2026-07-01T12:58:15.083629+00:00,,False,,chrome|excel|notepad,0
ses_20260701-123729-Marcos,E,入社照合・手当確認,OB-180703-003,,2026-07-01T12:58:40.432059+00:00,2026-07-01T12:59:04.608439+00:00,False,,chrome|excel|notepad,0
ses_20260701-123729-Marcos,F,請求書承認,INV-180703-001,std,2026-07-01T12:40:02.282358+00:00,2026-07-01T12:40:25.873148+00:00,False,,chrome|excel|notepad,0
ses_20260701-123729-Marcos,F,請求書承認,INV-180703-002,std,2026-07-01T12:46:23.283218+00:00,2026-07-01T12:46:47.719021+00:00,False,,chrome|excel|notepad,0
ses_20260701-123729-Marcos,F,請求書承認,INV-180703-003,std,2026-07-01T12:50:36.131953+00:00,2026-07-01T12:51:01.655320+00:00,False,,chrome|excel|notepad,0
ses_20260701-123729-Marcos,G,経費精算承認,EXP-180703-001,reg,2026-07-01T12:40:25.874221+00:00,2026-07-01T12:40:44.838404+00:00,False,,chrome|excel|notepad,0
ses_20260701-123729-Marcos,G,経費精算承認,EXP-180703-002,reg,2026-07-01T12:42:41.107017+00:00,2026-07-01T12:43:01.718829+00:00,False,,chrome|excel|notepad,0
ses_20260701-123729-Marcos,G,経費精算承認,EXP-180703-003,reg,2026-07-01T12:43:38.540344+00:00,2026-07-01T12:44:02.585035+00:00,False,,chrome|excel|notepad,0
ses_20260701-123729-Marcos,H,銀行勘定照合,BR-180703-001,,2026-07-01T12:47:35.786959+00:00,2026-07-01T12:49:31.389826+00:00,False,,chrome|excel|notepad,0
ses_20260701-123729-Marcos,H,銀行勘定照合,BR-180703-002,,2026-07-01T12:55:42.009757+00:00,,False,,chrome|excel|notepad,0
ses_20260701-123729-Marcos,H,銀行勘定照合,BR-180703-003,,2026-07-01T12:56:07.017774+00:00,2026-07-01T12:56:34.258028+00:00,False,,chrome|excel|notepad,0
ses_20260701-123729-Marcos,H,銀行勘定照合,BR-180703-004,,2026-07-01T12:57:51.834753+00:00,2026-07-01T12:58:15.082139+00:00,False,,chrome|excel|notepad,0
ses_20260701-123729-Marcos,J,支払処理,PM-180703-001,,2026-07-01T12:56:34.258783+00:00,2026-07-01T12:57:51.833546+00:00,False,,chrome|excel|notepad|outlook,0
ses_20260701-123729-Marcos,J,支払処理,PM-180703-002,,2026-07-01T12:59:04.609774+00:00,,False,,chrome|excel|notepad|outlook,0
ses_20260701-123729-Marcos,J,支払処理,PM-180703-003,,2026-07-01T12:59:48.270338+00:00,2026-07-01T13:02:18.925497+00:00,False,,chrome|excel|notepad|outlook,0
ses_20260701-123729-Marcos,L,在庫調整,STK-180703-001,reg,2026-07-01T12:40:44.839205+00:00,2026-07-01T12:41:39.153182+00:00,False,,chrome|excel|notepad,0
ses_20260701-123729-Marcos,L,在庫調整,STK-180703-002,reg,2026-07-01T12:44:02.585907+00:00,2026-07-01T12:44:24.087682+00:00,False,,chrome|excel|notepad,0
ses_20260701-123729-Marcos,L,在庫調整,STK-180703-003,reg,2026-07-01T12:49:31.390859+00:00,2026-07-01T12:50:36.130989+00:00,True,M1-L-split-1,chrome|excel|notepad,0
ses_20260701-123729-Marcos,L,在庫調整,STK-180703-004,adj,2026-07-01T12:51:32.070013+00:00,2026-07-01T12:52:48.582222+00:00,True,M1-L-split-1,chrome|excel|notepad,0
ses_20260701-123729-Marcos,M,仕入先連絡,SUP-180703-001,,2026-07-01T12:38:50.907441+00:00,2026-07-01T12:39:24.235172+00:00,False,,chrome|notepad|onenote,0
ses_20260701-123729-Marcos,M,仕入先連絡,SUP-180703-002,,2026-07-01T12:43:01.719646+00:00,2026-07-01T12:43:38.539325+00:00,False,,chrome|notepad|onenote,0
ses_20260701-123729-Marcos,M,仕入先連絡,SUP-180703-003,,2026-07-01T12:52:48.583495+00:00,2026-07-01T12:53:34.912062+00:00,False,,chrome|notepad|onenote,0
ses_20260701-123729-Marcos,N,出荷追跡,SHP-180703-001,,2026-07-01T12:37:57.796020+00:00,2026-07-01T12:38:50.906265+00:00,False,,chrome|notepad|teams,0
ses_20260701-123729-Marcos,N,出荷追跡,SHP-180703-002,,2026-07-01T12:54:05.005413+00:00,,False,,chrome|notepad|teams,0
ses_20260701-123729-Marcos,N,出荷追跡,SHP-180703-003,,2026-07-01T12:54:53.613693+00:00,2026-07-01T12:55:42.008610+00:00,False,,chrome|notepad|teams,0
ses_20260701-124033-SIDDHIGUPTAB00B,C,育児・産休申請確認,LA-181002-001,,2026-07-01T12:59:27.560194+00:00,2026-07-01T13:00:07.903218+00:00,False,,chrome|notepad|onenote,0
ses_20260701-124033-SIDDHIGUPTAB00B,C,育児・産休申請確認,LA-181002-002,,2026-07-01T13:01:36.094777+00:00,2026-07-01T13:03:31.092105+00:00,False,,chrome|notepad|onenote,0
ses_20260701-124033-SIDDHIGUPTAB00B,C,育児・産休申請確認,LA-181002-003,,2026-07-01T13:04:53.109819+00:00,,False,,chrome|notepad|onenote,0
ses_20260701-124033-SIDDHIGUPTAB00B,C,育児・産休申請確認,LA-181002-004,,2026-07-01T13:05:48.426601+00:00,2026-07-01T13:06:22.820396+00:00,False,,chrome|notepad|onenote,0
ses_20260701-124033-SIDDHIGUPTAB00B,D,社保・年金補正対応,SI-181002-001,,2026-07-01T12:53:18.080042+00:00,2026-07-01T12:54:10.347794+00:00,False,,chrome|notepad|teams,0
ses_20260701-124033-SIDDHIGUPTAB00B,D,社保・年金補正対応,SI-181002-002,,2026-07-01T12:57:21.005336+00:00,,False,,chrome|notepad|teams,0
ses_20260701-124033-SIDDHIGUPTAB00B,D,社保・年金補正対応,SI-181002-003,,2026-07-01T12:58:15.393029+00:00,2026-07-01T12:59:27.552669+00:00,False,,chrome|notepad|teams,0
ses_20260701-124033-SIDDHIGUPTAB00B,F,請求書承認,INV-181002-001,std,2026-07-01T12:41:29.360313+00:00,2026-07-01T12:42:27.343782+00:00,False,,chrome|excel|notepad,0
ses_20260701-124033-SIDDHIGUPTAB00B,F,請求書承認,INV-181002-002,std,2026-07-01T12:43:19.990901+00:00,2026-07-01T12:43:46.190895+00:00,False,,chrome|excel|notepad,0
ses_20260701-124033-SIDDHIGUPTAB00B,F,請求書承認,INV-181002-003,std,2026-07-01T12:45:06.033331+00:00,2026-07-01T12:45:56.133230+00:00,False,,chrome|excel|notepad,0
ses_20260701-124033-SIDDHIGUPTAB00B,F,請求書承認,INV-181002-004,exc,2026-07-01T12:46:52.435355+00:00,2026-07-01T12:47:21.210565+00:00,False,,chrome|excel|notepad,0
ses_20260701-124033-SIDDHIGUPTAB00B,F,請求書承認,INV-181002-005,exc,2026-07-01T12:49:45.431392+00:00,2026-07-01T12:50:15.076901+00:00,False,,chrome|excel|notepad,0
ses_20260701-124033-SIDDHIGUPTAB00B,H,銀行勘定照合,BR-181002-001,,2026-07-01T12:42:51.778641+00:00,2026-07-01T12:43:19.988703+00:00,False,,chrome|excel|notepad,0
ses_20260701-124033-SIDDHIGUPTAB00B,H,銀行勘定照合,BR-181002-002,,2026-07-01T12:51:03.015400+00:00,2026-07-01T12:51:34.194223+00:00,False,,chrome|excel|notepad,0
ses_20260701-124033-SIDDHIGUPTAB00B,H,銀行勘定照合,BR-181002-003,,2026-07-01T12:55:08.819265+00:00,2026-07-01T12:55:59.155239+00:00,False,,chrome|excel|notepad,0
ses_20260701-124033-SIDDHIGUPTAB00B,H,銀行勘定照合,BR-181002-004,,2026-07-01T13:06:22.821719+00:00,2026-07-01T13:06:59.463552+00:00,False,,chrome|excel|notepad,0
ses_20260701-124033-SIDDHIGUPTAB00B,I,予算差異分析,BV-181002-001,,2026-07-01T12:43:46.192529+00:00,2026-07-01T12:45:06.032184+00:00,False,,chrome|notepad|teams,0
ses_20260701-124033-SIDDHIGUPTAB00B,I,予算差異分析,BV-181002-002,,2026-07-01T13:00:07.907252+00:00,2026-07-01T13:01:36.093196+00:00,False,,chrome|notepad|teams,0
ses_20260701-124033-SIDDHIGUPTAB00B,I,予算差異分析,BV-181002-003,,2026-07-01T13:03:31.093620+00:00,2026-07-01T13:04:53.108781+00:00,False,,chrome|notepad|teams,0
ses_20260701-124033-SIDDHIGUPTAB00B,K,受注処理,ORD-181002-001,std,2026-07-01T12:41:00.593568+00:00,2026-07-01T12:41:29.359144+00:00,False,,chrome|excel|notepad,0
ses_20260701-124033-SIDDHIGUPTAB00B,K,受注処理,ORD-181002-002,std,2026-07-01T12:42:27.344907+00:00,2026-07-01T12:42:51.777813+00:00,False,,chrome|excel|notepad,0
ses_20260701-124033-SIDDHIGUPTAB00B,K,受注処理,ORD-181002-003,std,2026-07-01T12:54:10.348478+00:00,,False,,chrome|excel|notepad,0
ses_20260701-124033-SIDDHIGUPTAB00B,K,受注処理,ORD-181002-004,exc,2026-07-01T12:54:45.031098+00:00,2026-07-01T12:55:08.818502+00:00,False,,chrome|excel|notepad,0
ses_20260701-124033-SIDDHIGUPTAB00B,K,受注処理,ORD-181002-005,exc,2026-07-01T12:56:57.494574+00:00,2026-07-01T12:57:21.004645+00:00,False,,chrome|excel|notepad,0
ses_20260701-124033-SIDDHIGUPTAB00B,L,在庫調整,STK-181002-001,reg,2026-07-01T12:47:21.211978+00:00,2026-07-01T12:48:17.336691+00:00,False,,chrome|excel|notepad,0
ses_20260701-124033-SIDDHIGUPTAB00B,L,在庫調整,STK-181002-002,reg,2026-07-01T12:50:15.079567+00:00,2026-07-01T12:50:38.682031+00:00,False,,chrome|excel|notepad,0
ses_20260701-124033-SIDDHIGUPTAB00B,L,在庫調整,STK-181002-003,reg,2026-07-01T12:52:23.891655+00:00,2026-07-01T12:53:18.078764+00:00,True,M1-L-split-1,chrome|excel|notepad,0
ses_20260701-124033-SIDDHIGUPTAB00B,L,在庫調整,STK-181002-004,adj,2026-07-01T12:55:59.157622+00:00,2026-07-01T12:56:57.489988+00:00,True,M1-L-split-1,chrome|excel|notepad,0
ses_20260701-124033-SIDDHIGUPTAB00B,N,出荷追跡,SHP-181002-001,,2026-07-01T12:45:56.134593+00:00,2026-07-01T12:46:52.434334+00:00,False,,chrome|notepad|teams,0
ses_20260701-124033-SIDDHIGUPTAB00B,N,出荷追跡,SHP-181002-002,,2026-07-01T12:48:17.339943+00:00,2026-07-01T12:49:45.430096+00:00,False,,chrome|notepad|teams,0
ses_20260701-124033-SIDDHIGUPTAB00B,N,出荷追跡,SHP-181002-003,,2026-07-01T12:51:34.195206+00:00,2026-07-01T12:52:23.890231+00:00,False,,chrome|notepad|teams,0
ses_20260701-124550-LAPTOP-0IM1OHQH,A,住民税通知確認,RT-181519-001,std,2026-07-01T12:50:00.392147+00:00,2026-07-01T12:50:33.485227+00:00,False,,chrome|excel|notepad,0
ses_20260701-124550-LAPTOP-0IM1OHQH,A,住民税通知確認,RT-181519-002,std,2026-07-01T12:53:52.477937+00:00,2026-07-01T12:54:21.353669+00:00,False,,chrome|excel|notepad,0
ses_20260701-124550-LAPTOP-0IM1OHQH,A,住民税通知確認,RT-181519-003,std,2026-07-01T12:56:20.612545+00:00,2026-07-01T12:56:46.823373+00:00,False,,chrome|excel|notepad,0
ses_20260701-124550-LAPTOP-0IM1OHQH,D,社保・年金補正対応,SI-181519-001,,2026-07-01T12:46:58.488581+00:00,2026-07-01T12:47:47.526614+00:00,False,,chrome|notepad|teams,0
ses_20260701-124550-LAPTOP-0IM1OHQH,D,社保・年金補正対応,SI-181519-002,,2026-07-01T12:59:21.434667+00:00,2026-07-01T13:00:09.482638+00:00,False,,chrome|notepad|teams,0
ses_20260701-124550-LAPTOP-0IM1OHQH,D,社保・年金補正対応,SI-181519-003,,2026-07-01T13:05:25.993613+00:00,2026-07-01T13:06:17.566155+00:00,False,,chrome|notepad|teams,0
ses_20260701-124550-LAPTOP-0IM1OHQH,E,入社照合・手当確認,OB-181519-001,,2026-07-01T13:07:16.715391+00:00,2026-07-01T13:07:48.446426+00:00,False,,chrome|excel|notepad,0
ses_20260701-124550-LAPTOP-0IM1OHQH,E,入社照合・手当確認,OB-181519-002,,2026-07-01T13:08:42.021033+00:00,,False,,chrome|excel|notepad,0
ses_20260701-124550-LAPTOP-0IM1OHQH,E,入社照合・手当確認,OB-181519-003,,2026-07-01T13:09:14.645234+00:00,2026-07-01T13:09:44.862201+00:00,False,,chrome|excel|notepad,0
ses_20260701-124550-LAPTOP-0IM1OHQH,F,請求書承認,INV-181519-001,std,2026-07-01T12:48:27.332718+00:00,2026-07-01T12:48:50.080781+00:00,False,,chrome|excel|notepad,0
ses_20260701-124550-LAPTOP-0IM1OHQH,F,請求書承認,INV-181519-002,std,2026-07-01T12:52:00.094265+00:00,2026-07-01T12:52:25.615600+00:00,False,,chrome|excel|notepad,0
ses_20260701-124550-LAPTOP-0IM1OHQH,F,請求書承認,INV-181519-003,std,2026-07-01T13:03:57.316118+00:00,2026-07-01T13:05:25.973373+00:00,True,M1-F-split-1,chrome|excel|notepad,0
ses_20260701-124550-LAPTOP-0IM1OHQH,F,請求書承認,INV-181519-004,exc,2026-07-01T13:06:17.582598+00:00,2026-07-01T13:06:46.426980+00:00,True,M1-F-split-1,chrome|excel|notepad,0
ses_20260701-124550-LAPTOP-0IM1OHQH,G,経費精算承認,EXP-181519-001,reg,2026-07-01T12:50:33.487951+00:00,2026-07-01T12:50:59.004799+00:00,False,,chrome|excel|notepad,0
ses_20260701-124550-LAPTOP-0IM1OHQH,G,経費精算承認,EXP-181519-002,reg,2026-07-01T12:58:10.136400+00:00,2026-07-01T12:58:34.425836+00:00,False,,chrome|excel|notepad,0
ses_20260701-124550-LAPTOP-0IM1OHQH,G,経費精算承認,EXP-181519-003,reg,2026-07-01T13:02:33.868214+00:00,2026-07-01T13:02:53.476498+00:00,False,,chrome|excel|notepad,0
ses_20260701-124550-LAPTOP-0IM1OHQH,I,予算差異分析,BV-181519-001,,2026-07-01T12:52:27.181777+00:00,2026-07-01T12:53:52.458195+00:00,False,,chrome|notepad|teams,0
ses_20260701-124550-LAPTOP-0IM1OHQH,I,予算差異分析,BV-181519-002,,2026-07-01T12:54:21.356111+00:00,2026-07-01T12:55:54.290451+00:00,False,,chrome|notepad|teams,0
ses_20260701-124550-LAPTOP-0IM1OHQH,I,予算差異分析,BV-181519-003,,2026-07-01T12:56:46.841573+00:00,2026-07-01T12:58:10.119916+00:00,False,,chrome|notepad|teams,0
ses_20260701-124550-LAPTOP-0IM1OHQH,J,支払処理,PM-181519-001,,2026-07-01T12:46:08.865884+00:00,2026-07-01T12:46:58.469905+00:00,False,,chrome|excel|notepad|outlook,0
ses_20260701-124550-LAPTOP-0IM1OHQH,J,支払処理,PM-181519-002,,2026-07-01T12:47:47.528884+00:00,2026-07-01T12:48:27.330188+00:00,False,,chrome|excel|notepad|outlook,0
ses_20260701-124550-LAPTOP-0IM1OHQH,J,支払処理,PM-181519-003,,2026-07-01T12:55:54.293824+00:00,2026-07-01T12:56:20.609851+00:00,False,,chrome|excel|notepad|outlook,0
ses_20260701-124550-LAPTOP-0IM1OHQH,K,受注処理,ORD-181519-001,std,2026-07-01T12:50:59.022978+00:00,2026-07-01T12:52:00.092271+00:00,False,,chrome|excel|notepad,0
ses_20260701-124550-LAPTOP-0IM1OHQH,K,受注処理,ORD-181519-002,std,2026-07-01T13:00:09.485179+00:00,2026-07-01T13:00:33.740996+00:00,False,,chrome|excel|notepad,0
ses_20260701-124550-LAPTOP-0IM1OHQH,K,受注処理,ORD-181519-003,std,2026-07-01T13:02:53.478774+00:00,2026-07-01T13:03:57.313522+00:00,True,M1-K-split-1,chrome|excel|notepad,0
ses_20260701-124550-LAPTOP-0IM1OHQH,M,仕入先連絡,SUP-181519-001,,2026-07-01T12:48:50.083240+00:00,2026-07-01T12:50:00.389550+00:00,False,,chrome|notepad|onenote,0
ses_20260701-124550-LAPTOP-0IM1OHQH,M,仕入先連絡,SUP-181519-002,,2026-07-01T12:58:34.428238+00:00,2026-07-01T12:59:21.431924+00:00,False,,chrome|notepad|onenote,0
ses_20260701-124550-LAPTOP-0IM1OHQH,M,仕入先連絡,SUP-181519-003,,2026-07-01T13:01:01.952957+00:00,,False,,chrome|notepad|onenote,0
ses_20260701-124550-LAPTOP-0IM1OHQH,M,仕入先連絡,SUP-181519-004,,2026-07-01T13:01:49.724273+00:00,2026-07-01T13:02:33.849632+00:00,False,,chrome|notepad|onenote,0
ses_20260701-124550-LAPTOP-0IM1OHQH,O,返品処理,RET-181519-001,,2026-07-01T13:06:46.430201+00:00,2026-07-01T13:07:16.711536+00:00,False,,chrome|excel|notepad,0
ses_20260701-124550-LAPTOP-0IM1OHQH,O,返品処理,RET-181519-002,,2026-07-01T13:07:48.449543+00:00,,False,,chrome|excel|notepad,0
ses_20260701-124550-LAPTOP-0IM1OHQH,O,返品処理,RET-181519-003,,2026-07-01T13:08:14.332722+00:00,2026-07-01T13:08:42.017153+00:00,False,,chrome|excel|notepad,0
ses_20260701-124636-MSI,A,住民税通知確認,RT-181647-001,std,2026-07-01T12:47:48.790838+00:00,2026-07-01T12:48:14.653244+00:00,False,,chrome|excel|notepad,0
ses_20260701-124636-MSI,A,住民税通知確認,RT-181647-002,std,2026-07-01T12:48:36.683632+00:00,2026-07-01T12:49:00.586755+00:00,False,,chrome|excel|notepad,0
ses_20260701-124636-MSI,A,住民税通知確認,RT-181647-003,std,2026-07-01T12:50:09.634660+00:00,2026-07-01T12:50:36.163428+00:00,False,,chrome|excel|notepad,0
ses_20260701-124636-MSI,A,住民税通知確認,RT-181647-004,exc,2026-07-01T12:55:23.634091+00:00,2026-07-01T12:55:50.006715+00:00,False,,chrome|excel|notepad,0
ses_20260701-124636-MSI,B,給与備考・控除整備,PI-181647-001,reg,2026-07-01T12:48:14.653897+00:00,2026-07-01T12:48:36.682850+00:00,False,,chrome|excel|notepad,0
ses_20260701-124636-MSI,B,給与備考・控除整備,PI-181647-002,reg,2026-07-01T12:56:27.310057+00:00,2026-07-01T12:56:49.247592+00:00,False,,chrome|excel|notepad,0
ses_20260701-124636-MSI,B,給与備考・控除整備,PI-181647-003,reg,2026-07-01T13:03:42.435269+00:00,2026-07-01T13:04:21.805547+00:00,True,M1-B-split-1,chrome|excel|notepad,0
ses_20260701-124636-MSI,B,給与備考・控除整備,PI-181647-004,adj,2026-07-01T13:04:46.592675+00:00,2026-07-01T13:05:17.834976+00:00,True,M1-B-split-1,chrome|excel|notepad,0
ses_20260701-124636-MSI,C,育児・産休申請確認,LA-181647-001,,2026-07-01T12:49:00.587379+00:00,2026-07-01T12:49:44.713537+00:00,False,,chrome|notepad|onenote,0
ses_20260701-124636-MSI,C,育児・産休申請確認,LA-181647-002,,2026-07-01T12:52:40.646147+00:00,2026-07-01T12:54:32.803344+00:00,False,,chrome|notepad|onenote,0
ses_20260701-124636-MSI,C,育児・産休申請確認,LA-181647-003,,2026-07-01T12:58:34.446684+00:00,2026-07-01T12:59:16.944558+00:00,False,,chrome|notepad|onenote,0
ses_20260701-124636-MSI,C,育児・産休申請確認,LA-181647-004,,2026-07-01T12:59:45.064912+00:00,2026-07-01T13:00:19.804237+00:00,False,,chrome|notepad|onenote,0
ses_20260701-124636-MSI,D,社保・年金補正対応,SI-181647-001,,2026-07-01T13:01:32.142491+00:00,,False,,chrome|notepad|teams,0
ses_20260701-124636-MSI,D,社保・年金補正対応,SI-181647-002,,2026-07-01T13:02:20.694132+00:00,,False,,chrome|notepad|teams,0
ses_20260701-124636-MSI,D,社保・年金補正対応,SI-181647-003,,2026-07-01T13:03:02.703559+00:00,2026-07-01T13:03:42.434272+00:00,False,,chrome|notepad|teams,0
ses_20260701-124636-MSI,E,入社照合・手当確認,OB-181647-001,,2026-07-01T12:52:09.837897+00:00,2026-07-01T12:52:40.645515+00:00,False,,chrome|excel|notepad,0
ses_20260701-124636-MSI,E,入社照合・手当確認,OB-181647-002,,2026-07-01T12:54:56.928014+00:00,2026-07-01T12:55:23.633338+00:00,False,,chrome|excel|notepad,0
ses_20260701-124636-MSI,E,入社照合・手当確認,OB-181647-003,,2026-07-01T12:59:16.945311+00:00,2026-07-01T12:59:45.063745+00:00,False,,chrome|excel|notepad,0
ses_20260701-124636-MSI,F,請求書承認,INV-181647-001,std,2026-07-01T12:49:44.714229+00:00,2026-07-01T12:50:09.634075+00:00,False,,chrome|excel|notepad,0
ses_20260701-124636-MSI,F,請求書承認,INV-181647-002,std,2026-07-01T12:50:36.164166+00:00,2026-07-01T12:51:00.014097+00:00,False,,chrome|excel|notepad,0
ses_20260701-124636-MSI,F,請求書承認,INV-181647-003,std,2026-07-01T12:54:32.804049+00:00,2026-07-01T12:54:56.927440+00:00,True,M1-F-split-1,chrome|excel|notepad,0
ses_20260701-124636-MSI,F,請求書承認,INV-181647-004,exc,2026-07-01T13:00:57.018890+00:00,2026-07-01T13:01:32.141626+00:00,True,M1-F-split-1,chrome|excel|notepad,0
ses_20260701-124636-MSI,F,請求書承認,INV-181647-005,exc,2026-07-01T13:05:51.944925+00:00,2026-07-01T13:06:17.423789+00:00,True,M1-F-split-1,chrome|excel|notepad,0
ses_20260701-124636-MSI,M,仕入先連絡,SUP-181647-001,,2026-07-01T12:51:31.256666+00:00,2026-07-01T12:52:09.837011+00:00,False,,chrome|notepad|onenote,0
ses_20260701-124636-MSI,M,仕入先連絡,SUP-181647-002,,2026-07-01T13:00:19.805330+00:00,2026-07-01T13:00:57.018271+00:00,False,,chrome|notepad|onenote,0
ses_20260701-124636-MSI,M,仕入先連絡,SUP-181647-003,,2026-07-01T13:06:17.424644+00:00,2026-07-01T13:06:52.588960+00:00,False,,chrome|notepad|onenote,0
ses_20260701-124636-MSI,M,仕入先連絡,SUP-181647-004,,2026-07-01T13:07:49.777073+00:00,2026-07-01T13:08:36.567873+00:00,False,,chrome|notepad|onenote,0
ses_20260701-124636-MSI,N,出荷追跡,SHP-181647-001,,2026-07-01T12:55:50.007281+00:00,2026-07-01T12:56:27.309488+00:00,False,,chrome|notepad|teams,0
ses_20260701-124636-MSI,N,出荷追跡,SHP-181647-002,,2026-07-01T13:05:17.836073+00:00,2026-07-01T13:05:51.944165+00:00,False,,chrome|notepad|teams,0
ses_20260701-124636-MSI,N,出荷追跡,SHP-181647-003,,2026-07-01T13:06:52.589952+00:00,2026-07-01T13:07:25.004889+00:00,False,,chrome|notepad|teams,0
ses_20260701-124636-MSI,O,返品処理,RET-181647-001,,2026-07-01T12:51:01.571571+00:00,2026-07-01T12:51:31.255631+00:00,False,,chrome|excel|notepad,0
ses_20260701-124636-MSI,O,返品処理,RET-181647-002,,2026-07-01T13:04:21.806325+00:00,2026-07-01T13:04:46.591612+00:00,False,,chrome|excel|notepad,0
ses_20260701-124636-MSI,O,返品処理,RET-181647-003,,2026-07-01T13:07:25.005735+00:00,2026-07-01T13:07:49.776213+00:00,False,,chrome|excel|notepad,0
ses_20260701-131015-SIDDHIGUPTAB00B,A,住民税通知確認,RT-183942-001,std,2026-07-01T13:10:41.969415+00:00,2026-07-01T13:11:14.666587+00:00,False,,chrome|excel|notepad,0
ses_20260701-131015-SIDDHIGUPTAB00B,A,住民税通知確認,RT-183942-002,std,2026-07-01T13:26:14.834929+00:00,2026-07-01T13:26:43.648737+00:00,False,,chrome|excel|notepad,0
ses_20260701-131015-SIDDHIGUPTAB00B,A,住民税通知確認,RT-183942-003,std,2026-07-01T13:27:10.650178+00:00,2026-07-01T13:27:39.671795+00:00,False,,chrome|excel|notepad,0
ses_20260701-131015-SIDDHIGUPTAB00B,B,給与備考・控除整備,PI-183942-001,reg,2026-07-01T13:21:00.480387+00:00,2026-07-01T13:21:59.938932+00:00,False,,chrome|excel|notepad,0
ses_20260701-131015-SIDDHIGUPTAB00B,B,給与備考・控除整備,PI-183942-002,reg,2026-07-01T13:23:48.883511+00:00,2026-07-01T13:24:10.381891+00:00,False,,chrome|excel|notepad,0
ses_20260701-131015-SIDDHIGUPTAB00B,B,給与備考・控除整備,PI-183942-003,reg,2026-07-01T13:27:39.672998+00:00,2026-07-01T13:28:43.740499+00:00,True,M1-B-split-1,chrome|excel|notepad,0
ses_20260701-131015-SIDDHIGUPTAB00B,B,給与備考・控除整備,PI-183942-004,adj,2026-07-01T13:31:05.199071+00:00,2026-07-01T13:35:14.915469+00:00,True,M1-B-split-1,chrome|excel|notepad,0
ses_20260701-131015-SIDDHIGUPTAB00B,C,育児・産休申請確認,LA-183942-001,,2026-07-01T13:14:36.395052+00:00,2026-07-01T13:15:20.569960+00:00,False,,chrome|notepad|onenote,0
ses_20260701-131015-SIDDHIGUPTAB00B,C,育児・産休申請確認,LA-183942-002,,2026-07-01T13:16:12.813501+00:00,2026-07-01T13:18:04.521828+00:00,False,,chrome|notepad|onenote,0
ses_20260701-131015-SIDDHIGUPTAB00B,C,育児・産休申請確認,LA-183942-003,,2026-07-01T13:18:59.345468+00:00,2026-07-01T13:19:36.917679+00:00,False,,chrome|notepad|onenote,0
ses_20260701-131015-SIDDHIGUPTAB00B,C,育児・産休申請確認,LA-183942-004,,2026-07-01T13:21:59.941963+00:00,2026-07-01T13:22:31.325032+00:00,False,,chrome|notepad|onenote,0
ses_20260701-131015-SIDDHIGUPTAB00B,G,経費精算承認,EXP-183942-001,reg,2026-07-01T13:18:34.574722+00:00,2026-07-01T13:18:59.344326+00:00,False,,chrome|excel|notepad,0
ses_20260701-131015-SIDDHIGUPTAB00B,G,経費精算承認,EXP-183942-002,reg,2026-07-01T13:19:36.920794+00:00,2026-07-01T13:19:59.270625+00:00,False,,chrome|excel|notepad,0
ses_20260701-131015-SIDDHIGUPTAB00B,G,経費精算承認,EXP-183942-003,reg,2026-07-01T13:20:38.993321+00:00,2026-07-01T13:21:00.479286+00:00,False,,chrome|excel|notepad,0
ses_20260701-131015-SIDDHIGUPTAB00B,G,経費精算承認,EXP-183942-004,adj,2026-07-01T13:22:31.329201+00:00,2026-07-01T13:22:56.653551+00:00,False,,chrome|excel|notepad,0
ses_20260701-131015-SIDDHIGUPTAB00B,H,銀行勘定照合,BR-183942-001,,2026-07-01T13:29:43.182714+00:00,2026-07-01T13:30:12.580773+00:00,False,,chrome|excel|notepad,0
ses_20260701-131015-SIDDHIGUPTAB00B,H,銀行勘定照合,BR-183942-002,,2026-07-01T13:35:14.916832+00:00,,False,,chrome|excel|notepad,0
ses_20260701-131015-SIDDHIGUPTAB00B,H,銀行勘定照合,BR-183942-003,,2026-07-01T13:35:39.270286+00:00,,False,,chrome|excel|notepad,0
ses_20260701-131015-SIDDHIGUPTAB00B,H,銀行勘定照合,BR-183942-004,,2026-07-01T13:36:01.904331+00:00,2026-07-01T13:36:37.699386+00:00,False,,chrome|excel|notepad,0
ses_20260701-131015-SIDDHIGUPTAB00B,J,支払処理,PM-183942-001,,2026-07-01T13:12:16.303891+00:00,,False,,chrome|excel|notepad|outlook,0
ses_20260701-131015-SIDDHIGUPTAB00B,J,支払処理,PM-183942-002,,2026-07-01T13:12:55.842365+00:00,2026-07-01T13:14:07.106294+00:00,False,,chrome|excel|notepad|outlook,0
ses_20260701-131015-SIDDHIGUPTAB00B,J,支払処理,PM-183942-003,,2026-07-01T13:30:12.582819+00:00,2026-07-01T13:31:05.180167+00:00,False,,chrome|excel|notepad|outlook,0
ses_20260701-131015-SIDDHIGUPTAB00B,K,受注処理,ORD-183942-001,std,2026-07-01T13:14:07.107868+00:00,2026-07-01T13:14:36.394077+00:00,False,,chrome|excel|notepad,0
ses_20260701-131015-SIDDHIGUPTAB00B,K,受注処理,ORD-183942-002,std,2026-07-01T13:18:04.524322+00:00,2026-07-01T13:18:34.573526+00:00,False,,chrome|excel|notepad,0
ses_20260701-131015-SIDDHIGUPTAB00B,K,受注処理,ORD-183942-003,std,2026-07-01T13:26:43.649866+00:00,2026-07-01T13:27:10.648788+00:00,False,,chrome|excel|notepad,0
ses_20260701-131015-SIDDHIGUPTAB00B,K,受注処理,ORD-183942-004,exc,2026-07-01T13:28:43.744974+00:00,2026-07-01T13:29:09.437786+00:00,False,,chrome|excel|notepad,0
ses_20260701-131015-SIDDHIGUPTAB00B,M,仕入先連絡,SUP-183942-001,,2026-07-01T13:19:59.272001+00:00,2026-07-01T13:20:38.992125+00:00,False,,chrome|notepad|onenote,0
ses_20260701-131015-SIDDHIGUPTAB00B,M,仕入先連絡,SUP-183942-002,,2026-07-01T13:25:01.228823+00:00,,False,,chrome|notepad|onenote,0
ses_20260701-131015-SIDDHIGUPTAB00B,M,仕入先連絡,SUP-183942-003,,2026-07-01T13:25:39.075780+00:00,2026-07-01T13:26:14.833258+00:00,False,,chrome|notepad|onenote,0
ses_20260701-131015-SIDDHIGUPTAB00B,M,仕入先連絡,SUP-183942-004,,2026-07-01T13:29:09.439061+00:00,2026-07-01T13:29:43.181674+00:00,False,,chrome|notepad|onenote,0
ses_20260701-131015-SIDDHIGUPTAB00B,N,出荷追跡,SHP-183942-001,,2026-07-01T13:11:14.667452+00:00,2026-07-01T13:12:16.302581+00:00,False,,chrome|notepad|teams,0
ses_20260701-131015-SIDDHIGUPTAB00B,N,出荷追跡,SHP-183942-002,,2026-07-01T13:15:20.571400+00:00,2026-07-01T13:16:12.812239+00:00,False,,chrome|notepad|teams,0
ses_20260701-131015-SIDDHIGUPTAB00B,N,出荷追跡,SHP-183942-003,,2026-07-01T13:22:56.654526+00:00,2026-07-01T13:23:48.882283+00:00,False,,chrome|notepad|teams,0
ses_20260701-131247-MSI,A,住民税通知確認,RT-184311-001,std,2026-07-01T13:17:55.002546+00:00,2026-07-01T13:18:20.292499+00:00,False,,chrome|excel|notepad,0
ses_20260701-131247-MSI,A,住民税通知確認,RT-184311-002,std,2026-07-01T13:19:00.259212+00:00,2026-07-01T13:19:29.320590+00:00,False,,chrome|excel|notepad,0
ses_20260701-131247-MSI,A,住民税通知確認,RT-184311-003,std,2026-07-01T13:19:53.865608+00:00,2026-07-01T13:20:25.315510+00:00,False,,chrome|excel|notepad,0
ses_20260701-131247-MSI,A,住民税通知確認,RT-184311-004,exc,2026-07-01T13:20:46.712687+00:00,2026-07-01T13:21:13.774620+00:00,False,,chrome|excel|notepad,0
ses_20260701-131247-MSI,B,給与備考・控除整備,PI-184311-001,reg,2026-07-01T13:16:00.765214+00:00,2026-07-01T13:16:26.654649+00:00,False,,chrome|excel|notepad,0
ses_20260701-131247-MSI,B,給与備考・控除整備,PI-184311-002,reg,2026-07-01T13:20:25.316737+00:00,2026-07-01T13:20:45.262945+00:00,False,,chrome|excel|notepad,0
ses_20260701-131247-MSI,B,給与備考・控除整備,PI-184311-003,reg,2026-07-01T13:23:01.886627+00:00,2026-07-01T13:23:22.900368+00:00,True,M1-B-split-1,chrome|excel|notepad,0
ses_20260701-131247-MSI,B,給与備考・控除整備,PI-184311-004,adj,2026-07-01T13:26:10.886945+00:00,2026-07-01T13:26:37.610785+00:00,True,M1-B-split-1,chrome|excel|notepad,0
ses_20260701-131247-MSI,C,育児・産休申請確認,LA-184311-001,,2026-07-01T13:14:13.581728+00:00,2026-07-01T13:14:47.785519+00:00,False,,chrome|notepad|onenote,0
ses_20260701-131247-MSI,C,育児・産休申請確認,LA-184311-002,,2026-07-01T13:27:06.343097+00:00,2026-07-01T13:27:57.071269+00:00,False,,chrome|notepad|onenote,0
ses_20260701-131247-MSI,C,育児・産休申請確認,LA-184311-003,,2026-07-01T13:29:04.101604+00:00,2026-07-01T13:29:40.869408+00:00,False,,chrome|notepad|onenote,0
ses_20260701-131247-MSI,C,育児・産休申請確認,LA-184311-004,,2026-07-01T13:32:11.997542+00:00,2026-07-01T13:32:51.158100+00:00,False,,chrome|notepad|onenote,0
ses_20260701-131247-MSI,D,社保・年金補正対応,SI-184311-001,,2026-07-01T13:16:26.656134+00:00,2026-07-01T13:17:07.004533+00:00,False,,chrome|notepad|teams,0
ses_20260701-131247-MSI,D,社保・年金補正対応,SI-184311-002,,2026-07-01T13:21:13.775446+00:00,2026-07-01T13:21:47.976900+00:00,False,,chrome|notepad|teams,0
ses_20260701-131247-MSI,D,社保・年金補正対応,SI-184311-003,,2026-07-01T13:31:32.880700+00:00,2026-07-01T13:32:11.996704+00:00,False,,chrome|notepad|teams,0
ses_20260701-131247-MSI,E,入社照合・手当確認,OB-184311-001,,2026-07-01T13:24:49.586178+00:00,2026-07-01T13:25:14.406190+00:00,False,,chrome|excel|notepad,0
ses_20260701-131247-MSI,E,入社照合・手当確認,OB-184311-002,,2026-07-01T13:32:51.159273+00:00,,False,,chrome|excel|notepad,0
ses_20260701-131247-MSI,E,入社照合・手当確認,OB-184311-003,,2026-07-01T13:33:35.809746+00:00,2026-07-01T13:34:07.872611+00:00,False,,chrome|excel|notepad,0
ses_20260701-131247-MSI,F,請求書承認,INV-184311-001,std,2026-07-01T13:15:36.142171+00:00,2026-07-01T13:16:00.764628+00:00,False,,chrome|excel|notepad,0
ses_20260701-131247-MSI,F,請求書承認,INV-184311-002,std,2026-07-01T13:19:29.321159+00:00,2026-07-01T13:19:52.379390+00:00,False,,chrome|excel|notepad,0
ses_20260701-131247-MSI,F,請求書承認,INV-184311-003,std,2026-07-01T13:23:22.901075+00:00,2026-07-01T13:23:47.382747+00:00,True,M1-F-split-1,chrome|excel|notepad,0
ses_20260701-131247-MSI,F,請求書承認,INV-184311-004,exc,2026-07-01T13:25:14.406907+00:00,,True,M1-F-split-1,chrome|excel|notepad,0
ses_20260701-131247-MSI,F,請求書承認,INV-184311-005,exc,2026-07-01T13:25:43.434963+00:00,2026-07-01T13:26:10.886153+00:00,True,M1-F-split-1,chrome|excel|notepad,0
ses_20260701-131247-MSI,M,仕入先連絡,SUP-184311-001,,2026-07-01T13:18:20.293496+00:00,2026-07-01T13:19:00.258631+00:00,False,,chrome|notepad|onenote,0
ses_20260701-131247-MSI,M,仕入先連絡,SUP-184311-002,,2026-07-01T13:21:47.977805+00:00,2026-07-01T13:22:22.807962+00:00,False,,chrome|notepad|onenote,0
ses_20260701-131247-MSI,M,仕入先連絡,SUP-184311-003,,2026-07-01T13:28:27.092025+00:00,2026-07-01T13:29:04.100946+00:00,False,,chrome|notepad|onenote,0
ses_20260701-131247-MSI,M,仕入先連絡,SUP-184311-004,,2026-07-01T13:29:40.870491+00:00,2026-07-01T13:31:32.879992+00:00,False,,chrome|notepad|onenote,0
ses_20260701-131247-MSI,N,出荷追跡,SHP-184311-001,,2026-07-01T13:14:47.786096+00:00,2026-07-01T13:15:36.141458+00:00,False,,chrome|notepad|teams,0
ses_20260701-131247-MSI,N,出荷追跡,SHP-184311-002,,2026-07-01T13:17:07.005445+00:00,2026-07-01T13:17:55.001911+00:00,False,,chrome|notepad|teams,0
ses_20260701-131247-MSI,N,出荷追跡,SHP-184311-003,,2026-07-01T13:22:22.808947+00:00,2026-07-01T13:23:01.885785+00:00,False,,chrome|notepad|teams,0
ses_20260701-131247-MSI,O,返品処理,RET-184311-001,,2026-07-01T13:23:47.383370+00:00,2026-07-01T13:24:49.585594+00:00,False,,chrome|excel|notepad,0
ses_20260701-131247-MSI,O,返品処理,RET-184311-002,,2026-07-01T13:26:37.611748+00:00,2026-07-01T13:27:06.342319+00:00,False,,chrome|excel|notepad,0
ses_20260701-131247-MSI,O,返品処理,RET-184311-003,,2026-07-01T13:27:57.071849+00:00,2026-07-01T13:28:27.091238+00:00,False,,chrome|excel|notepad,0
ses_20260701-134215-SIDDHIGUPTAB00B,B,給与備考・控除整備,PI-191148-001,reg,2026-07-01T13:44:13.011093+00:00,,False,,chrome|excel|notepad,0
ses_20260701-134215-SIDDHIGUPTAB00B,B,給与備考・控除整備,PI-191148-002,reg,2026-07-01T13:44:38.295105+00:00,2026-07-01T13:44:59.970447+00:00,False,,chrome|excel|notepad,0
ses_20260701-134215-SIDDHIGUPTAB00B,B,給与備考・控除整備,PI-191148-003,reg,2026-07-01T13:51:07.555068+00:00,2026-07-01T13:51:29.015393+00:00,True,M1-B-split-1,chrome|excel|notepad,0
ses_20260701-134215-SIDDHIGUPTAB00B,C,育児・産休申請確認,LA-191148-001,,2026-07-01T14:00:36.201089+00:00,2026-07-01T14:01:16.098518+00:00,False,,chrome|notepad|onenote,0
ses_20260701-134215-SIDDHIGUPTAB00B,C,育児・産休申請確認,LA-191148-002,,2026-07-01T14:02:37.884640+00:00,2026-07-01T14:03:12.104913+00:00,False,,chrome|notepad|onenote,0
ses_20260701-134215-SIDDHIGUPTAB00B,C,育児・産休申請確認,LA-191148-003,,2026-07-01T14:04:38.105921+00:00,2026-07-01T14:05:19.331080+00:00,False,,chrome|notepad|onenote,0
ses_20260701-134215-SIDDHIGUPTAB00B,F,請求書承認,INV-191148-001,std,2026-07-01T13:43:44.313509+00:00,2026-07-01T13:44:13.009718+00:00,False,,chrome|excel|notepad,0
ses_20260701-134215-SIDDHIGUPTAB00B,F,請求書承認,INV-191148-002,std,2026-07-01T13:56:49.697213+00:00,2026-07-01T13:57:16.051481+00:00,False,,chrome|excel|notepad,0
ses_20260701-134215-SIDDHIGUPTAB00B,F,請求書承認,INV-191148-003,std,2026-07-01T14:02:16.219660+00:00,2026-07-01T14:02:37.882877+00:00,False,,chrome|excel|notepad,0
ses_20260701-134215-SIDDHIGUPTAB00B,F,請求書承認,INV-191148-004,exc,2026-07-01T14:06:07.510802+00:00,2026-07-01T14:06:32.399828+00:00,False,,chrome|excel|notepad,0
ses_20260701-134215-SIDDHIGUPTAB00B,F,請求書承認,INV-191148-005,exc,2026-07-01T14:08:03.027533+00:00,2026-07-01T14:08:36.642587+00:00,False,,chrome|excel|notepad,0
ses_20260701-134215-SIDDHIGUPTAB00B,G,経費精算承認,EXP-191148-001,reg,2026-07-01T13:51:29.016386+00:00,,False,,chrome|excel|notepad,0
ses_20260701-134215-SIDDHIGUPTAB00B,G,経費精算承認,EXP-191148-002,reg,2026-07-01T13:51:51.241422+00:00,2026-07-01T13:52:13.828342+00:00,False,,chrome|excel|notepad,0
ses_20260701-134215-SIDDHIGUPTAB00B,G,経費精算承認,EXP-191148-003,reg,2026-07-01T14:03:12.106049+00:00,2026-07-01T14:03:32.242633+00:00,False,,chrome|excel|notepad,0
ses_20260701-134215-SIDDHIGUPTAB00B,H,銀行勘定照合,BR-191148-001,,2026-07-01T13:45:01.746517+00:00,2026-07-01T13:45:32.258099+00:00,False,,chrome|excel|notepad,0
ses_20260701-134215-SIDDHIGUPTAB00B,H,銀行勘定照合,BR-191148-002,,2026-07-01T13:57:16.052659+00:00,2026-07-01T13:57:40.333963+00:00,False,,chrome|excel|notepad,0
ses_20260701-134215-SIDDHIGUPTAB00B,H,銀行勘定照合,BR-191148-003,,2026-07-01T14:03:32.244409+00:00,2026-07-01T14:03:56.711308+00:00,False,,chrome|excel|notepad,0
ses_20260701-134215-SIDDHIGUPTAB00B,H,銀行勘定照合,BR-191148-004,,2026-07-01T14:06:32.400984+00:00,2026-07-01T14:06:58.056358+00:00,False,,chrome|excel|notepad,0
ses_20260701-134215-SIDDHIGUPTAB00B,I,予算差異分析,BV-191148-001,,2026-07-01T13:55:30.059077+00:00,2026-07-01T13:56:49.695182+00:00,False,,chrome|notepad|teams,0
ses_20260701-134215-SIDDHIGUPTAB00B,I,予算差異分析,BV-191148-002,,2026-07-01T13:57:40.337645+00:00,,False,,chrome|notepad|teams,0
ses_20260701-134215-SIDDHIGUPTAB00B,I,予算差異分析,BV-191148-003,,2026-07-01T13:59:07.351003+00:00,2026-07-01T14:00:36.196917+00:00,False,,chrome|notepad|teams,0
ses_20260701-134215-SIDDHIGUPTAB00B,J,支払処理,PM-191148-001,,2026-07-01T13:52:13.831844+00:00,2026-07-01T13:53:15.281020+00:00,False,,chrome|excel|notepad|outlook,0
ses_20260701-134215-SIDDHIGUPTAB00B,J,支払処理,PM-191148-002,,2026-07-01T14:01:16.100683+00:00,2026-07-01T14:02:16.216433+00:00,False,,chrome|excel|notepad|outlook,0
ses_20260701-134215-SIDDHIGUPTAB00B,J,支払処理,PM-191148-003,,2026-07-01T14:06:58.057796+00:00,2026-07-01T14:07:28.047693+00:00,False,,chrome|excel|notepad|outlook,0
ses_20260701-134215-SIDDHIGUPTAB00B,K,受注処理,ORD-191148-001,std,2026-07-01T13:43:20.300805+00:00,2026-07-01T13:43:44.310615+00:00,False,,chrome|excel|notepad,0
ses_20260701-134215-SIDDHIGUPTAB00B,K,受注処理,ORD-191148-002,std,2026-07-01T13:50:44.317427+00:00,2026-07-01T13:51:07.552648+00:00,False,,chrome|excel|notepad,0
ses_20260701-134215-SIDDHIGUPTAB00B,K,受注処理,ORD-191148-003,std,2026-07-01T13:53:15.282526+00:00,,False,,chrome|excel|notepad,0
ses_20260701-134215-SIDDHIGUPTAB00B,K,受注処理,ORD-191148-004,exc,2026-07-01T13:53:40.905329+00:00,2026-07-01T13:54:39.546469+00:00,False,,chrome|excel|notepad,0
ses_20260701-134215-SIDDHIGUPTAB00B,L,在庫調整,STK-191148-001,reg,2026-07-01T13:46:35.351587+00:00,2026-07-01T13:50:44.314981+00:00,False,,chrome|excel|notepad,0
ses_20260701-134215-SIDDHIGUPTAB00B,L,在庫調整,STK-191148-002,reg,2026-07-01T13:54:39.549751+00:00,2026-07-01T13:55:01.670886+00:00,False,,chrome|excel|notepad,0
ses_20260701-134215-SIDDHIGUPTAB00B,L,在庫調整,STK-191148-003,reg,2026-07-01T14:05:19.332279+00:00,2026-07-01T14:06:07.508564+00:00,True,M1-L-split-1,chrome|excel|notepad,0
ses_20260701-134215-SIDDHIGUPTAB00B,M,仕入先連絡,SUP-191148-001,,2026-07-01T13:42:42.913658+00:00,2026-07-01T13:43:20.299504+00:00,False,,chrome|notepad|onenote,0
ses_20260701-134215-SIDDHIGUPTAB00B,M,仕入先連絡,SUP-191148-002,,2026-07-01T13:45:32.260733+00:00,2026-07-01T13:46:35.349526+00:00,False,,chrome|notepad|onenote,0
ses_20260701-134215-SIDDHIGUPTAB00B,M,仕入先連絡,SUP-191148-003,,2026-07-01T14:03:56.712124+00:00,2026-07-01T14:04:38.104638+00:00,False,,chrome|notepad|onenote,0
ses_20260701-134215-SIDDHIGUPTAB00B,M,仕入先連絡,SUP-191148-004,,2026-07-01T14:07:28.050206+00:00,2026-07-01T14:08:03.026302+00:00,False,,chrome|notepad|onenote,0
ses_20260701-141430-SIDDHIGUPTAB00B,A,住民税通知確認,RT-194400-001,std,2026-07-01T14:14:57.930334+00:00,2026-07-01T14:15:29.629657+00:00,False,,chrome|excel|notepad,0
ses_20260701-141430-SIDDHIGUPTAB00B,A,住民税通知確認,RT-194400-002,std,2026-07-01T14:20:00.867233+00:00,2026-07-01T14:20:28.632564+00:00,False,,chrome|excel|notepad,0
ses_20260701-141430-SIDDHIGUPTAB00B,A,住民税通知確認,RT-194400-003,std,2026-07-01T14:24:51.364632+00:00,2026-07-01T14:25:47.837897+00:00,True,M1-A-split-1,chrome|excel|notepad,0
ses_20260701-141430-SIDDHIGUPTAB00B,A,住民税通知確認,RT-194400-004,exc,2026-07-01T14:30:50.103873+00:00,2026-07-01T14:31:19.973615+00:00,True,M1-A-split-1,chrome|excel|notepad,0
ses_20260701-141430-SIDDHIGUPTAB00B,A,住民税通知確認,RT-194400-005,exc,2026-07-01T14:32:14.448471+00:00,2026-07-01T14:32:44.359439+00:00,True,M1-A-split-1,chrome|excel|notepad,0
ses_20260701-141430-SIDDHIGUPTAB00B,B,給与備考・控除整備,PI-194400-001,reg,2026-07-01T14:18:08.944731+00:00,,False,,chrome|excel|notepad,0
ses_20260701-141430-SIDDHIGUPTAB00B,B,給与備考・控除整備,PI-194400-002,reg,2026-07-01T14:18:32.271954+00:00,2026-07-01T14:18:51.883609+00:00,False,,chrome|excel|notepad,0
ses_20260701-141430-SIDDHIGUPTAB00B,B,給与備考・控除整備,PI-194400-003,reg,2026-07-01T14:21:54.907717+00:00,2026-07-01T14:23:21.499228+00:00,False,,chrome|excel|notepad,0
ses_20260701-141430-SIDDHIGUPTAB00B,G,経費精算承認,EXP-194400-001,reg,2026-07-01T14:20:30.327076+00:00,,False,,chrome|excel|notepad,0
ses_20260701-141430-SIDDHIGUPTAB00B,G,経費精算承認,EXP-194400-002,reg,2026-07-01T14:20:53.087350+00:00,2026-07-01T14:21:14.735311+00:00,False,,chrome|excel|notepad,0
ses_20260701-141430-SIDDHIGUPTAB00B,G,経費精算承認,EXP-194400-003,reg,2026-07-01T14:24:31.311073+00:00,2026-07-01T14:24:51.362232+00:00,False,,chrome|excel|notepad,0
ses_20260701-141430-SIDDHIGUPTAB00B,G,経費精算承認,EXP-194400-004,adj,2026-07-01T14:37:52.330957+00:00,2026-07-01T14:38:19.242885+00:00,False,,chrome|excel|notepad,0
ses_20260701-141430-SIDDHIGUPTAB00B,H,銀行勘定照合,BR-194400-001,,2026-07-01T14:21:14.736862+00:00,2026-07-01T14:21:54.906629+00:00,False,,chrome|excel|notepad,0
ses_20260701-141430-SIDDHIGUPTAB00B,H,銀行勘定照合,BR-194400-002,,2026-07-01T14:26:13.379156+00:00,2026-07-01T14:27:10.542483+00:00,False,,chrome|excel|notepad,0
ses_20260701-141430-SIDDHIGUPTAB00B,H,銀行勘定照合,BR-194400-003,,2026-07-01T14:36:20.069875+00:00,2026-07-01T14:36:47.503188+00:00,False,,chrome|excel|notepad,0
ses_20260701-141430-SIDDHIGUPTAB00B,H,銀行勘定照合,BR-194400-004,,2026-07-01T14:37:27.733636+00:00,2026-07-01T14:37:52.329199+00:00,False,,chrome|excel|notepad,0
ses_20260701-141430-SIDDHIGUPTAB00B,I,予算差異分析,BV-194400-001,,2026-07-01T14:33:37.763563+00:00,,False,,chrome|notepad|teams,0
ses_20260701-141430-SIDDHIGUPTAB00B,I,予算差異分析,BV-194400-002,,2026-07-01T14:35:02.842970+00:00,2026-07-01T14:36:20.066625+00:00,False,,chrome|notepad|teams,0
ses_20260701-141430-SIDDHIGUPTAB00B,I,予算差異分析,BV-194400-003,,2026-07-01T14:39:37.114852+00:00,2026-07-01T14:40:59.511238+00:00,False,,chrome|notepad|teams,0
ses_20260701-141430-SIDDHIGUPTAB00B,J,支払処理,PM-194400-001,,2026-07-01T14:38:55.461689+00:00,2026-07-01T14:39:37.112108+00:00,False,,chrome|excel|notepad|outlook,0
ses_20260701-141430-SIDDHIGUPTAB00B,J,支払処理,PM-194400-002,,2026-07-01T14:40:59.513603+00:00,2026-07-01T14:41:44.130650+00:00,False,,chrome|excel|notepad|outlook,0
ses_20260701-141430-SIDDHIGUPTAB00B,J,支払処理,PM-194400-003,,2026-07-01T14:42:29.981127+00:00,2026-07-01T14:43:02.832240+00:00,False,,chrome|excel|notepad|outlook,0
ses_20260701-141430-SIDDHIGUPTAB00B,K,受注処理,ORD-194400-001,std,2026-07-01T14:15:29.631528+00:00,,False,,chrome|excel|notepad,0
ses_20260701-141430-SIDDHIGUPTAB00B,K,受注処理,ORD-194400-002,std,2026-07-01T14:16:37.908446+00:00,2026-07-01T14:17:03.843331+00:00,False,,chrome|excel|notepad,0
ses_20260701-141430-SIDDHIGUPTAB00B,K,受注処理,ORD-194400-003,std,2026-07-01T14:23:21.504537+00:00,2026-07-01T14:24:31.309319+00:00,True,M1-K-split-1,chrome|excel|notepad,0
ses_20260701-141430-SIDDHIGUPTAB00B,M,仕入先連絡,SUP-194400-001,,2026-07-01T14:27:10.545347+00:00,2026-07-01T14:27:51.346160+00:00,False,,chrome|notepad|onenote,0
ses_20260701-141430-SIDDHIGUPTAB00B,M,仕入先連絡,SUP-194400-002,,2026-07-01T14:36:47.504063+00:00,2026-07-01T14:37:27.731058+00:00,False,,chrome|notepad|onenote,0
ses_20260701-141430-SIDDHIGUPTAB00B,M,仕入先連絡,SUP-194400-003,,2026-07-01T14:38:19.253374+00:00,2026-07-01T14:38:55.460281+00:00,False,,chrome|notepad|onenote,0
ses_20260701-141430-SIDDHIGUPTAB00B,M,仕入先連絡,SUP-194400-004,,2026-07-01T14:41:44.143757+00:00,2026-07-01T14:42:29.976014+00:00,False,,chrome|notepad|onenote,0
ses_20260701-141430-SIDDHIGUPTAB00B,N,出荷追跡,SHP-194400-001,,2026-07-01T14:18:51.885948+00:00,2026-07-01T14:20:00.865883+00:00,False,,chrome|notepad|teams,0
ses_20260701-141430-SIDDHIGUPTAB00B,N,出荷追跡,SHP-194400-002,,2026-07-01T14:27:51.348605+00:00,2026-07-01T14:30:50.102018+00:00,False,,chrome|notepad|teams,0
ses_20260701-141430-SIDDHIGUPTAB00B,N,出荷追跡,SHP-194400-003,,2026-07-01T14:31:19.974937+00:00,2026-07-01T14:32:14.446511+00:00,False,,chrome|notepad|teams,0
ses_20260701-141430-SIDDHIGUPTAB00B,O,返品処理,RET-194400-001,,2026-07-01T14:25:47.839567+00:00,2026-07-01T14:26:13.377903+00:00,False,,chrome|excel|notepad,0
ses_20260701-141430-SIDDHIGUPTAB00B,O,返品処理,RET-194400-002,,2026-07-01T14:32:44.360904+00:00,,False,,chrome|excel|notepad,0
ses_20260701-141430-SIDDHIGUPTAB00B,O,返品処理,RET-194400-003,,2026-07-01T14:33:13.929861+00:00,2026-07-01T14:33:37.762475+00:00,False,,chrome|excel|notepad,0
ses_20260701-145907-MSI,A,住民税通知確認,RT-202918-001,std,2026-07-01T15:10:12.563758+00:00,2026-07-01T15:10:40.824423+00:00,False,,chrome|excel|notepad,0
ses_20260701-145907-MSI,A,住民税通知確認,RT-202918-002,std,2026-07-01T15:13:34.504184+00:00,2026-07-01T15:13:59.713470+00:00,False,,chrome|excel|notepad,0
ses_20260701-145907-MSI,A,住民税通知確認,RT-202918-003,std,2026-07-01T15:14:55.635578+00:00,2026-07-01T15:15:25.083482+00:00,False,,chrome|excel|notepad,0
ses_20260701-145907-MSI,A,住民税通知確認,RT-202918-004,exc,2026-07-01T15:16:29.728489+00:00,2026-07-01T15:16:54.683723+00:00,False,,chrome|excel|notepad,0
ses_20260701-145907-MSI,B,給与備考・控除整備,PI-202918-001,reg,2026-07-01T15:00:20.455812+00:00,2026-07-01T15:00:46.123392+00:00,False,,chrome|excel|notepad,0
ses_20260701-145907-MSI,B,給与備考・控除整備,PI-202918-002,reg,2026-07-01T15:01:20.608424+00:00,2026-07-01T15:01:40.091325+00:00,False,,chrome|excel|notepad,0
ses_20260701-145907-MSI,B,給与備考・控除整備,PI-202918-003,reg,2026-07-01T15:13:59.714377+00:00,,True,M1-B-split-1,chrome|excel|notepad,0
ses_20260701-145907-MSI,B,給与備考・控除整備,PI-202918-004,adj,2026-07-01T15:14:22.799443+00:00,2026-07-01T15:14:55.634636+00:00,True,M1-B-split-1,chrome|excel|notepad,0
ses_20260701-145907-MSI,C,育児・産休申請確認,LA-202918-001,,2026-07-01T15:06:01.206614+00:00,2026-07-01T15:06:40.473166+00:00,False,,chrome|notepad|onenote,0
ses_20260701-145907-MSI,C,育児・産休申請確認,LA-202918-002,,2026-07-01T15:07:14.444218+00:00,2026-07-01T15:08:27.962802+00:00,False,,chrome|notepad|onenote,0
ses_20260701-145907-MSI,C,育児・産休申請確認,LA-202918-003,,2026-07-01T15:15:25.084356+00:00,2026-07-01T15:15:55.799573+00:00,False,,chrome|notepad|onenote,0
ses_20260701-145907-MSI,C,育児・産休申請確認,LA-202918-004,,2026-07-01T15:16:54.684977+00:00,2026-07-01T15:17:56.707085+00:00,False,,chrome|notepad|onenote,0
ses_20260701-145907-MSI,D,社保・年金補正対応,SI-202918-001,,2026-07-01T15:08:27.963602+00:00,,False,,chrome|notepad|teams,0
ses_20260701-145907-MSI,D,社保・年金補正対応,SI-202918-002,,2026-07-01T15:09:05.224155+00:00,2026-07-01T15:09:44.792735+00:00,False,,chrome|notepad|teams,0
ses_20260701-145907-MSI,D,社保・年金補正対応,SI-202918-003,,2026-07-01T15:19:42.677820+00:00,2026-07-01T15:20:15.626634+00:00,False,,chrome|notepad|teams,0
ses_20260701-145907-MSI,E,入社照合・手当確認,OB-202918-001,,2026-07-01T15:01:41.675430+00:00,2026-07-01T15:03:30.709071+00:00,False,,chrome|excel|notepad,0
ses_20260701-145907-MSI,E,入社照合・手当確認,OB-202918-002,,2026-07-01T15:05:14.883363+00:00,2026-07-01T15:06:01.205648+00:00,False,,chrome|excel|notepad,0
ses_20260701-145907-MSI,E,入社照合・手当確認,OB-202918-003,,2026-07-01T15:13:05.027129+00:00,2026-07-01T15:13:34.503518+00:00,False,,chrome|excel|notepad,0
ses_20260701-145907-MSI,F,請求書承認,INV-202918-001,std,2026-07-01T15:04:50.669963+00:00,2026-07-01T15:05:14.882602+00:00,False,,chrome|excel|notepad,0
ses_20260701-145907-MSI,F,請求書承認,INV-202918-002,std,2026-07-01T15:09:44.793606+00:00,2026-07-01T15:10:10.981707+00:00,False,,chrome|excel|notepad,0
ses_20260701-145907-MSI,F,請求書承認,INV-202918-003,std,2026-07-01T15:18:52.093010+00:00,,True,M1-F-split-1,chrome|excel|notepad,0
ses_20260701-145907-MSI,F,請求書承認,INV-202918-004,exc,2026-07-01T15:19:18.780773+00:00,2026-07-01T15:19:42.676966+00:00,True,M1-F-split-1,chrome|excel|notepad,0
ses_20260701-145907-MSI,F,請求書承認,INV-202918-005,exc,2026-07-01T15:20:15.627358+00:00,2026-07-01T15:21:08.132496+00:00,True,M1-F-split-1,chrome|excel|notepad,0
ses_20260701-145907-MSI,M,仕入先連絡,SUP-202918-001,,2026-07-01T15:00:46.124383+00:00,2026-07-01T15:01:20.607622+00:00,False,,chrome|notepad|onenote,0
ses_20260701-145907-MSI,M,仕入先連絡,SUP-202918-002,,2026-07-01T15:10:40.825141+00:00,2026-07-01T15:11:36.138208+00:00,False,,chrome|notepad|onenote,0
ses_20260701-145907-MSI,M,仕入先連絡,SUP-202918-003,,2026-07-01T15:12:14.364452+00:00,2026-07-01T15:13:05.026257+00:00,False,,chrome|notepad|onenote,0
ses_20260701-145907-MSI,M,仕入先連絡,SUP-202918-004,,2026-07-01T15:15:55.800157+00:00,2026-07-01T15:16:29.727816+00:00,False,,chrome|notepad|onenote,0
ses_20260701-145907-MSI,N,出荷追跡,SHP-202918-001,,2026-07-01T15:03:30.710520+00:00,,False,,chrome|notepad|teams,0
ses_20260701-145907-MSI,N,出荷追跡,SHP-202918-002,,2026-07-01T15:04:11.856366+00:00,2026-07-01T15:04:50.669110+00:00,False,,chrome|notepad|teams,0
ses_20260701-145907-MSI,N,出荷追跡,SHP-202918-003,,2026-07-01T15:06:40.473844+00:00,2026-07-01T15:07:14.443517+00:00,False,,chrome|notepad|teams,0
ses_20260701-145907-MSI,O,返品処理,RET-202918-001,,2026-07-01T15:11:36.138944+00:00,2026-07-01T15:12:14.363642+00:00,False,,chrome|excel|notepad,0
ses_20260701-145907-MSI,O,返品処理,RET-202918-002,,2026-07-01T15:17:56.707764+00:00,,False,,chrome|excel|notepad,0
ses_20260701-145907-MSI,O,返品処理,RET-202918-003,,2026-07-01T15:18:26.465889+00:00,2026-07-01T15:18:52.092273+00:00,False,,chrome|excel|notepad,0
ses_20260701-152030-CHAITANYA0BCF,C,育児・産休申請確認,LA-205011-001,,2026-07-01T15:27:20.917620+00:00,2026-07-01T15:28:01.401485+00:00,False,,chrome|notepad|onenote,0
ses_20260701-152030-CHAITANYA0BCF,C,育児・産休申請確認,LA-205011-002,,2026-07-01T15:39:55.781487+00:00,2026-07-01T15:40:33.047487+00:00,False,,chrome|notepad|onenote,0
ses_20260701-152030-CHAITANYA0BCF,C,育児・産休申請確認,LA-205011-003,,2026-07-01T15:42:09.800893+00:00,2026-07-01T15:42:46.188629+00:00,False,,chrome|notepad|onenote,0
ses_20260701-152030-CHAITANYA0BCF,C,育児・産休申請確認,LA-205011-004,,2026-07-01T15:45:13.060860+00:00,2026-07-01T15:46:02.467017+00:00,False,,chrome|notepad|onenote,0
ses_20260701-152030-CHAITANYA0BCF,G,経費精算承認,EXP-205011-001,reg,2026-07-01T15:22:59.448146+00:00,2026-07-01T15:23:23.964688+00:00,False,,chrome|excel|notepad,0
ses_20260701-152030-CHAITANYA0BCF,G,経費精算承認,EXP-205011-002,reg,2026-07-01T15:30:02.953773+00:00,2026-07-01T15:30:55.142048+00:00,False,,chrome|excel|notepad,0
ses_20260701-152030-CHAITANYA0BCF,G,経費精算承認,EXP-205011-003,reg,2026-07-01T15:31:50.451890+00:00,2026-07-01T15:32:10.726866+00:00,False,,chrome|excel|notepad,0
ses_20260701-152030-CHAITANYA0BCF,G,経費精算承認,EXP-205011-004,adj,2026-07-01T15:33:05.091290+00:00,2026-07-01T15:33:36.153538+00:00,False,,chrome|excel|notepad,0
ses_20260701-152030-CHAITANYA0BCF,H,銀行勘定照合,BR-205011-001,,2026-07-01T15:21:06.052089+00:00,,False,,chrome|excel|notepad,0
ses_20260701-152030-CHAITANYA0BCF,H,銀行勘定照合,BR-205011-002,,2026-07-01T15:21:29.394475+00:00,2026-07-01T15:21:58.995491+00:00,False,,chrome|excel|notepad,0
ses_20260701-152030-CHAITANYA0BCF,H,銀行勘定照合,BR-205011-003,,2026-07-01T15:23:23.964688+00:00,2026-07-01T15:23:51.790951+00:00,False,,chrome|excel|notepad,0
ses_20260701-152030-CHAITANYA0BCF,H,銀行勘定照合,BR-205011-004,,2026-07-01T15:33:36.153538+00:00,2026-07-01T15:34:02.340630+00:00,False,,chrome|excel|notepad,0
ses_20260701-152030-CHAITANYA0BCF,I,予算差異分析,BV-205011-001,,2026-07-01T15:28:01.402535+00:00,2026-07-01T15:29:19.954236+00:00,False,,chrome|notepad|teams,0
ses_20260701-152030-CHAITANYA0BCF,I,予算差異分析,BV-205011-002,,2026-07-01T15:38:25.796394+00:00,2026-07-01T15:39:55.781487+00:00,False,,chrome|notepad|teams,0
ses_20260701-152030-CHAITANYA0BCF,I,予算差異分析,BV-205011-003,,2026-07-01T15:43:18.628701+00:00,2026-07-01T15:44:44.830917+00:00,False,,chrome|notepad|teams,0
ses_20260701-152030-CHAITANYA0BCF,K,受注処理,ORD-205011-001,std,2026-07-01T15:30:55.142048+00:00,2026-07-01T15:31:50.450323+00:00,False,,chrome|excel|notepad,0
ses_20260701-152030-CHAITANYA0BCF,K,受注処理,ORD-205011-002,std,2026-07-01T15:32:10.728461+00:00,2026-07-01T15:32:39.168000+00:00,False,,chrome|excel|notepad,0
ses_20260701-152030-CHAITANYA0BCF,K,受注処理,ORD-205011-003,std,2026-07-01T15:34:02.340630+00:00,,True,M1-K-split-1,chrome|excel|notepad,0
ses_20260701-152030-CHAITANYA0BCF,K,受注処理,ORD-205011-004,exc,2026-07-01T15:35:08.353159+00:00,2026-07-01T15:35:56.315306+00:00,True,M1-K-split-1,chrome|excel|notepad,0
ses_20260701-152030-CHAITANYA0BCF,L,在庫調整,STK-205011-001,reg,2026-07-01T15:40:33.048509+00:00,2026-07-01T15:40:58.720332+00:00,False,,chrome|excel|notepad,0
ses_20260701-152030-CHAITANYA0BCF,L,在庫調整,STK-205011-002,reg,2026-07-01T15:41:27.030750+00:00,,False,,chrome|excel|notepad,0
ses_20260701-152030-CHAITANYA0BCF,L,在庫調整,STK-205011-003,reg,2026-07-01T15:41:50.165063+00:00,2026-07-01T15:42:09.799329+00:00,False,,chrome|excel|notepad,0
ses_20260701-152030-CHAITANYA0BCF,L,在庫調整,STK-205011-004,adj,2026-07-01T15:44:44.831440+00:00,2026-07-01T15:45:13.060860+00:00,False,,chrome|excel|notepad,0
ses_20260701-152030-CHAITANYA0BCF,M,仕入先連絡,SUP-205011-001,,2026-07-01T15:29:19.955875+00:00,2026-07-01T15:30:02.950383+00:00,False,,chrome|notepad|onenote,0
ses_20260701-152030-CHAITANYA0BCF,M,仕入先連絡,SUP-205011-002,,2026-07-01T15:35:56.317661+00:00,,False,,chrome|notepad|onenote,0
ses_20260701-152030-CHAITANYA0BCF,M,仕入先連絡,SUP-205011-003,,2026-07-01T15:36:30.563945+00:00,2026-07-01T15:38:25.795358+00:00,False,,chrome|notepad|onenote,0
ses_20260701-152030-CHAITANYA0BCF,N,出荷追跡,SHP-205011-001,,2026-07-01T15:21:58.995491+00:00,2026-07-01T15:22:59.448146+00:00,False,,chrome|notepad|teams,0
ses_20260701-152030-CHAITANYA0BCF,N,出荷追跡,SHP-205011-002,,2026-07-01T15:23:51.791482+00:00,,False,,chrome|notepad|teams,0
ses_20260701-152030-CHAITANYA0BCF,N,出荷追跡,SHP-205011-003,,2026-07-01T15:25:55.493944+00:00,2026-07-01T15:26:52.184771+00:00,False,,chrome|notepad|teams,0
ses_20260701-152030-CHAITANYA0BCF,O,返品処理,RET-205011-001,,2026-07-01T15:26:52.185102+00:00,2026-07-01T15:27:20.917620+00:00,False,,chrome|excel|notepad,0
ses_20260701-152030-CHAITANYA0BCF,O,返品処理,RET-205011-002,,2026-07-01T15:40:58.720332+00:00,2026-07-01T15:41:27.029018+00:00,False,,chrome|excel|notepad,0
ses_20260701-152030-CHAITANYA0BCF,O,返品処理,RET-205011-003,,2026-07-01T15:42:46.190252+00:00,2026-07-01T15:43:18.628701+00:00,False,,chrome|excel|notepad,0
ses_20260701-155031-CHAITANYA0BCF,A,住民税通知確認,RT-212010-001,std,2026-07-01T15:55:14.441377+00:00,2026-07-01T15:55:38.439119+00:00,False,,chrome|excel|notepad,0
ses_20260701-155031-CHAITANYA0BCF,A,住民税通知確認,RT-212010-002,std,2026-07-01T16:02:31.654094+00:00,2026-07-01T16:03:02.737206+00:00,False,,chrome|excel|notepad,0
ses_20260701-155031-CHAITANYA0BCF,A,住民税通知確認,RT-212010-003,std,2026-07-01T16:09:43.687154+00:00,2026-07-01T16:10:10.961561+00:00,False,,chrome|excel|notepad,0
ses_20260701-155031-CHAITANYA0BCF,A,住民税通知確認,RT-212010-004,exc,2026-07-01T16:13:02.969538+00:00,2026-07-01T16:13:26.440196+00:00,False,,chrome|excel|notepad,0
ses_20260701-155031-CHAITANYA0BCF,B,給与備考・控除整備,PI-212010-001,reg,2026-07-01T15:52:13.956412+00:00,2026-07-01T15:53:22.731540+00:00,False,,chrome|excel|notepad,0
ses_20260701-155031-CHAITANYA0BCF,B,給与備考・控除整備,PI-212010-002,reg,2026-07-01T15:58:36.729246+00:00,2026-07-01T15:58:55.624433+00:00,False,,chrome|excel|notepad,0
ses_20260701-155031-CHAITANYA0BCF,B,給与備考・控除整備,PI-212010-003,reg,2026-07-01T16:07:14.222462+00:00,2026-07-01T16:08:17.697023+00:00,True,M1-B-split-1,chrome|excel|notepad,0
ses_20260701-155031-CHAITANYA0BCF,B,給与備考・控除整備,PI-212010-004,adj,2026-07-01T16:08:44.503055+00:00,2026-07-01T16:09:43.684767+00:00,True,M1-B-split-1,chrome|excel|notepad,0
ses_20260701-155031-CHAITANYA0BCF,C,育児・産休申請確認,LA-212010-001,,2026-07-01T15:51:34.392468+00:00,2026-07-01T15:52:13.954695+00:00,False,,chrome|notepad|onenote,0
ses_20260701-155031-CHAITANYA0BCF,C,育児・産休申請確認,LA-212010-002,,2026-07-01T15:54:40.362663+00:00,2026-07-01T15:55:14.437794+00:00,False,,chrome|notepad|onenote,0
ses_20260701-155031-CHAITANYA0BCF,C,育児・産休申請確認,LA-212010-003,,2026-07-01T15:56:29.314164+00:00,2026-07-01T15:57:07.995783+00:00,False,,chrome|notepad|onenote,0
ses_20260701-155031-CHAITANYA0BCF,D,社保・年金補正対応,SI-212010-001,,2026-07-01T15:53:22.732079+00:00,2026-07-01T15:54:14.634663+00:00,False,,chrome|notepad|teams,0
ses_20260701-155031-CHAITANYA0BCF,D,社保・年金補正対応,SI-212010-002,,2026-07-01T16:10:10.962896+00:00,2026-07-01T16:13:02.968937+00:00,False,,chrome|notepad|teams,0
ses_20260701-155031-CHAITANYA0BCF,D,社保・年金補正対応,SI-212010-003,,2026-07-01T16:13:59.263016+00:00,2026-07-01T16:14:57.992216+00:00,False,,chrome|notepad|teams,0
ses_20260701-155031-CHAITANYA0BCF,E,入社照合・手当確認,OB-212010-001,,2026-07-01T15:55:38.440840+00:00,,False,,chrome|excel|notepad,0
ses_20260701-155031-CHAITANYA0BCF,E,入社照合・手当確認,OB-212010-002,,2026-07-01T15:56:01.613873+00:00,2026-07-01T15:56:29.313810+00:00,False,,chrome|excel|notepad,0
ses_20260701-155031-CHAITANYA0BCF,E,入社照合・手当確認,OB-212010-003,,2026-07-01T16:13:26.440722+00:00,2026-07-01T16:13:59.263016+00:00,False,,chrome|excel|notepad,0
ses_20260701-155031-CHAITANYA0BCF,F,請求書承認,INV-212010-001,std,2026-07-01T15:51:05.349623+00:00,2026-07-01T15:51:34.388641+00:00,False,,chrome|excel|notepad,0
ses_20260701-155031-CHAITANYA0BCF,F,請求書承認,INV-212010-002,std,2026-07-01T15:54:14.636316+00:00,2026-07-01T15:54:40.362663+00:00,False,,chrome|excel|notepad,0
ses_20260701-155031-CHAITANYA0BCF,F,請求書承認,INV-212010-003,std,2026-07-01T16:06:46.395332+00:00,2026-07-01T16:07:14.218931+00:00,False,,chrome|excel|notepad,0
ses_20260701-155031-CHAITANYA0BCF,F,請求書承認,INV-212010-004,exc,2026-07-01T16:08:17.699203+00:00,2026-07-01T16:08:44.501828+00:00,False,,chrome|excel|notepad,0
ses_20260701-155031-CHAITANYA0BCF,I,予算差異分析,BV-212010-001,,2026-07-01T15:57:07.999009+00:00,2026-07-01T15:58:36.727652+00:00,False,,chrome|notepad|teams,0
ses_20260701-155031-CHAITANYA0BCF,I,予算差異分析,BV-212010-002,,2026-07-01T16:03:02.737733+00:00,2026-07-01T16:04:20.204516+00:00,False,,chrome|notepad|teams,0
ses_20260701-155031-CHAITANYA0BCF,I,予算差異分析,BV-212010-003,,2026-07-01T16:05:13.597801+00:00,2026-07-01T16:06:46.394654+00:00,False,,chrome|notepad|teams,0
ses_20260701-155031-CHAITANYA0BCF,N,出荷追跡,SHP-212010-001,,2026-07-01T15:59:28.677660+00:00,,False,,chrome|notepad|teams,0
ses_20260701-155031-CHAITANYA0BCF,N,出荷追跡,SHP-212010-002,,2026-07-01T16:00:22.096053+00:00,2026-07-01T16:02:31.654094+00:00,False,,chrome|notepad|teams,0
ses_20260701-155031-CHAITANYA0BCF,N,出荷追跡,SHP-212010-003,,2026-07-01T16:04:20.206087+00:00,2026-07-01T16:05:13.596944+00:00,False,,chrome|notepad|teams,0
ses_20260701-172430-yuvraj,B,給与備考・控除整備,PI-225333-001,reg,2026-07-01T17:27:27.999691+00:00,2026-07-01T17:29:14.330882+00:00,False,,chrome|excel|notepad,0
ses_20260701-172430-yuvraj,B,給与備考・控除整備,PI-225333-002,reg,2026-07-01T17:32:01.787757+00:00,2026-07-01T17:32:26.626522+00:00,False,,chrome|excel|notepad,0
ses_20260701-172430-yuvraj,B,給与備考・控除整備,PI-225333-003,reg,2026-07-01T17:35:52.323550+00:00,2026-07-01T17:36:16.423396+00:00,False,,chrome|excel|notepad,0
ses_20260701-172430-yuvraj,B,給与備考・控除整備,PI-225333-004,adj,2026-07-01T17:40:00.483321+00:00,2026-07-01T17:40:25.661462+00:00,False,,chrome|excel|notepad,0
ses_20260701-172430-yuvraj,F,請求書承認,INV-225333-001,std,2026-07-01T17:26:59.586572+00:00,2026-07-01T17:27:27.998673+00:00,False,,chrome|excel|notepad,0
ses_20260701-172430-yuvraj,F,請求書承認,INV-225333-002,std,2026-07-01T17:33:05.396721+00:00,2026-07-01T17:33:34.388109+00:00,False,,chrome|excel|notepad,0
ses_20260701-172430-yuvraj,F,請求書承認,INV-225333-003,std,2026-07-01T17:36:16.424475+00:00,2026-07-01T17:36:41.539324+00:00,False,,chrome|excel|notepad,0
ses_20260701-172430-yuvraj,H,銀行勘定照合,BR-225333-001,,2026-07-01T17:31:33.842573+00:00,2026-07-01T17:32:01.786346+00:00,False,,chrome|excel|notepad,0
ses_20260701-172430-yuvraj,H,銀行勘定照合,BR-225333-002,,2026-07-01T17:37:12.454898+00:00,2026-07-01T17:37:35.566308+00:00,False,,chrome|excel|notepad,0
ses_20260701-172430-yuvraj,H,銀行勘定照合,BR-225333-003,,2026-07-01T17:39:33.523930+00:00,2026-07-01T17:40:00.481785+00:00,False,,chrome|excel|notepad,0
ses_20260701-172430-yuvraj,I,予算差異分析,BV-225333-001,,2026-07-01T17:38:35.321383+00:00,2026-07-01T17:39:33.522909+00:00,False,,chrome|notepad|teams,0
ses_20260701-172430-yuvraj,I,予算差異分析,BV-225333-002,,2026-07-01T17:40:25.663012+00:00,2026-07-01T17:41:40.706706+00:00,False,,chrome|notepad|teams,0
ses_20260701-172430-yuvraj,I,予算差異分析,BV-225333-003,,2026-07-01T17:43:04.306206+00:00,2026-07-01T17:44:15.571958+00:00,False,,chrome|notepad|teams,0
ses_20260701-172430-yuvraj,L,在庫調整,STK-225333-001,reg,2026-07-01T17:25:30.515886+00:00,2026-07-01T17:26:17.519232+00:00,False,,chrome|excel|notepad,0
ses_20260701-172430-yuvraj,L,在庫調整,STK-225333-002,reg,2026-07-01T17:30:40.558908+00:00,2026-07-01T17:31:01.194299+00:00,False,,chrome|excel|notepad,0
ses_20260701-172430-yuvraj,L,在庫調整,STK-225333-003,reg,2026-07-01T17:37:35.567357+00:00,2026-07-01T17:38:35.321383+00:00,True,M1-L-split-1,chrome|excel|notepad,0
ses_20260701-172430-yuvraj,L,在庫調整,STK-225333-004,adj,2026-07-01T17:42:06.879842+00:00,2026-07-01T17:43:04.304130+00:00,True,M1-L-split-1,chrome|excel|notepad,0
ses_20260701-172430-yuvraj,M,仕入先連絡,SUP-225333-001,,2026-07-01T17:26:17.519762+00:00,2026-07-01T17:26:59.585025+00:00,False,,chrome|notepad|onenote,0
ses_20260701-172430-yuvraj,M,仕入先連絡,SUP-225333-002,,2026-07-01T17:29:14.331943+00:00,,False,,chrome|notepad|onenote,0
ses_20260701-172430-yuvraj,M,仕入先連絡,SUP-225333-003,,2026-07-01T17:30:00.891873+00:00,2026-07-01T17:30:40.558352+00:00,False,,chrome|notepad|onenote,0
ses_20260701-172430-yuvraj,M,仕入先連絡,SUP-225333-004,,2026-07-01T17:32:26.627035+00:00,2026-07-01T17:33:05.395680+00:00,False,,chrome|notepad|onenote,0
ses_20260701-172430-yuvraj,N,出荷追跡,SHP-225333-001,,2026-07-01T17:33:34.389210+00:00,2026-07-01T17:34:07.511312+00:00,False,,chrome|notepad|teams,0
ses_20260701-172430-yuvraj,N,出荷追跡,SHP-225333-002,,2026-07-01T17:34:35.965951+00:00,,False,,chrome|notepad|teams,0
ses_20260701-172430-yuvraj,N,出荷追跡,SHP-225333-003,,2026-07-01T17:35:13.341880+00:00,2026-07-01T17:35:52.322002+00:00,False,,chrome|notepad|teams,0
ses_20260701-172430-yuvraj,O,返品処理,RET-225333-001,,2026-07-01T17:34:07.512334+00:00,2026-07-01T17:34:35.964925+00:00,False,,chrome|excel|notepad,0
ses_20260701-172430-yuvraj,O,返品処理,RET-225333-002,,2026-07-01T17:36:41.539324+00:00,2026-07-01T17:37:12.454898+00:00,False,,chrome|excel|notepad,0
ses_20260701-172430-yuvraj,O,返品処理,RET-225333-003,,2026-07-01T17:41:40.706706+00:00,2026-07-01T17:42:06.879334+00:00,False,,chrome|excel|notepad,0
